feed_temperature,feed_pressure,feed_composition,number_of_stages,feed_stage,reflux_ratio,bottoms_flow,feed_flow,xD,xB,QC,QR
377.70036810501495,175063.24713886093,0.38230682222373169,16,9,2.1484622106193387,13.905903708889571,24.684562314748561,0.8490216948536764,0.97944708236468669,1059.2895072411095,1037.1197278225732
377.38372175085999,137013.17304961302,0.45866497227058978,20,16,1.523858637877519,8.3703309950541378,30.034444849856406,0.62439797957660514,0.97028516020096889,1764.6252359577843,1690.6599371911127
360.16872864637463,168863.29372765112,0.69173529388060262,18,14,2.2117307818557124,11.178215789464868,27.249535721239884,0.99984143279224857,0.75126798438931908,1564.5509259203909,1572.0969363870715
369.71151626486403,123875.15985344372,0.46023098577364857,18,17,1.5341183127742035,9.1121459975126875,27.486075412037817,0.59515861663478586,0.81183977712034994,1508.0356282839812,1496.5485607366491
358.30155301753501,187997.92170660646,0.53009412999033345,19,8,2.2636693432587212,9.6863691356714678,33.294106649513871,0.74750483273667789,0.99978019177978261,2444.9335723873205,2488.0476346545711
370.3062539379095,113828.5477953285,0.47082726746867126,19,17,3.0474267947832558,12.74231397695854,23.510274906554386,0.88473567083829485,0.87891888450504607,1351.7342436631736,1322.631688894302
368.49574196564765,150392.07718321483,0.67710502505353887,20,15,2.7724148885792812,10.114438884653822,23.508648436883767,0.99997678226012399,0.7504783956688843,1531.520399073642,1509.7987383714294
351.7068657106845,142601.63136858953,0.6381052171844237,16,4,1.6525909288441409,9.6131799241444931,29.899732795441402,0.93980883302007989,0.99847269431887498,1651.5517783714351,1710.8219016005962
369.67648783476392,143056.20993456634,0.53878441086261741,16,6,3.7099452249911207,9.4959483791808363,21.775605374789148,0.95455802808789458,0.99878621450884375,1769.8234587830448,1764.9922669302614
367.7933745444675,146241.92888999521,0.51217071739200992,16,10,1.8308629451897909,14.531659016046515,20.856518777912257,0.99303690266492195,0.69712351073137779,543.50986585708063,538.89499770246221
358.70446038944857,154387.30339103696,0.40959999275232351,18,16,3.4010884747391517,9.5131835510936487,34.648267439370173,0.54647862747857978,0.95205017458633678,3602.530182990633,3659.5806365543031
375.23901514597657,155093.39656579471,0.52345467226517139,19,12,1.7037616446856851,11.927404894347026,34.127935310063386,0.80026049829952928,0.99173618342337022,1889.078798201723,1846.258293083798
378.36833173210186,142674.79375259174,0.49371220944119254,21,11,3.6730365911124756,12.450798402948212,30.611528764363158,0.83195263727882041,0.9995651902383581,2656.8139746586803,2493.4553386194084
352.26063282021352,195013.09738167148,0.33665479176056329,21,11,3.677713892628383,16.667334080241776,30.389193851863588,0.74475724040970137,0.99932598365820746,2037.6643485594643,2140.5179913653474
356.91711171080226,111037.44615541527,0.46419348755456824,17,3,3.8463876555230101,15.402089529620525,30.518376795469493,0.93648882784583698,0.99926291043614501,2249.8968359992937,2315.2374384005402
365.41784051557437,126611.64311626198,0.41688829897807678,20,17,2.1179149785057714,16.854398296463025,33.181921960083734,0.76747118132676817,0.92269669326884685,1610.5189799588393,1635.5250843957244
377.91225863468475,200431.07634309179,0.37125001634485866,17,13,3.1953554567265581,16.453694713647799,31.582939440034302,0.74573647205778038,0.973091690246912,2014.6892647030425,1983.3850031838347
372.50692495974101,149198.95898919445,0.54924024876420086,17,3,3.0453611119504527,8.0153010132118592,34.868939115139163,0.71317285985926904,0.99998109345438813,3464.6321496593127,3426.7717266139302
367.34329663871011,126224.56761272768,0.31426544980127308,19,10,1.5659530954692138,8.6040082788458125,22.368343853842628,0.50994961558931506,0.99878137637565945,1154.5580780664529,1173.8706790275849
361.66805638888297,157671.13596412248,0.43260135109266329,21,6,2.3278533586628516,16.213835702383349,25.439502740793163,0.97383704888037803,0.87535266294421554,935.76455917590783,970.36668656038205
368.94261582701125,103422.48361205446,0.5942091613749394,19,13,2.2588609113472953,11.095752460332472,26.447661467305227,0.98374024174947872,0.94478318106905235,1521.6958043811646,764.6257881524316
366.85679712919836,178348.5137729416,0.6791813104354999,16,8,2.1331727581105691,14.721594771283955,32.180130360950777,0.99753994185706185,0.69836455957976562,1658.8525745581117,1635.2714461132593
374.43274836323815,119911.57271781174,0.41315826476338546,17,8,1.583002094515678,12.507505770389226,20.97979945577206,0.90028556682011818,0.91681011676954016,676.78478495707429,602.36822929832249
371.28548752884637,183457.27489461008,0.46409044650710363,19,3,1.9180988472854248,8.2884246117237144,30.113063558278636,0.64033719489552332,0.99999166398295924,2051.2711539856186,2035.1157787539382
359.66076126504726,102685.90603266032,0.44678555222221283,21,2,2.2365949697838765,9.3620801810427015,29.554299757545486,0.65394401746592734,0.99999824048934027,2101.2928647026602,2143.6405029602788
360.40857734311771,145233.49798239773,0.55261717634589891,17,15,3.2638545729730688,16.728944674547272,34.103780385595179,0.96042519616724242,0.87095555259340762,2264.2897059440647,2297.332845292508
355.38766863805131,130215.5971343876,0.48701132449368539,19,3,2.1147176087801585,11.461136805745838,34.889525915088377,0.72525179428403819,0.99998459115803051,2323.2723469360712,2391.963628810814
373.2249390226346,132550.49410330827,0.30254024185898726,16,5,3.9410204732298633,12.224497638388769,26.537741439015484,0.5608145607681837,0.99986336259992648,2299.5500033410135,2300.209195607219
376.01729413493877,132685.21226818283,0.33620663194535605,15,8,2.7853540495214304,14.353941333488068,30.548573832320315,0.6309453501945459,0.99632673874502886,1976.8291506612534,1959.496232481564
352.78756059013659,195752.45931099716,0.40394563789414811,17,12,3.5676122521636757,8.9571292993752891,26.642312733255007,0.60532392629891252,0.99366013438428191,2613.105862551306,2685.3344671605878
362.84500882038151,148306.33936869138,0.6759477339455614,21,17,3.6081636930493004,13.817739379557661,33.905627891905901,0.99999616062252394,0.79520447356915247,2803.9411959325962,2804.8617251380592
370.9428487242958,152139.47508027568,0.33363814474041797,19,18,3.5250799151374554,9.7030048617082674,30.107429214265395,0.45548584762065014,0.92259453137955827,3033.7544556844855,3034.8922399465278
375.99752991015441,194106.80868196869,0.56734845527808564,20,15,3.2367527420353546,16.335809071329798,22.424873513271972,0.99997761530632956,0.59391061636036147,781.93303498391037,740.42212837591467
362.03974211962418,131870.96552793292,0.55456502582053568,17,12,2.1667442711388745,12.097104860632264,26.662207701009329,0.97505484306372125,0.95175481041656407,1405.4659865452254,1427.9567481572301
370.81560193101672,144340.20181758949,0.63476714620197527,15,2,1.6906349165833718,9.8711103981393897,23.462797535521815,0.92727718076860111,0.76800482214787369,1125.1552922423828,1098.0210528618386
359.8503103083886,121051.58638020315,0.39357059587133297,18,17,3.4088762878066441,9.0726037039717671,25.844154151179435,0.55224492890240096,0.89975269768587907,2406.56356878508,2446.3718185727867
362.31873630346206,145129.06364256918,0.59867697487635385,18,11,3.3843298827519934,12.518505675679773,24.674971085221028,0.99983299887015387,0.79087627030153462,1615.5126198713115,1625.2946464113963
370.42419203194521,202639.27481145802,0.56990617078681138,16,8,2.4577280029907795,10.223488435647212,30.42123498588392,0.85701372759652727,0.99730970583135303,2176.8919705088456,2157.3340930327367
358.27487319714152,199684.13049546524,0.35073672841281478,16,10,2.7272176458281701,12.818623282399319,34.895760112074555,0.552050239482479,0.99597874738437608,2678.1383992253441,2752.4666897753873
372.48795420208387,104776.90748239681,0.41213962135246934,17,8,2.3146291325713024,9.7202559834622111,24.409427431409448,0.68364232179062656,0.9981515464439773,1559.2774818714906,1161.6392390304818
356.77470696533783,177992.81241253772,0.52536375792754364,19,13,2.2955530014186567,8.1842443734185046,25.137731443153569,0.7751134343334517,0.991785868086136,1765.4293011906514,1805.4395063317272
365.20061430769067,129763.05678893902,0.53542049552529136,19,6,2.0499096587571515,8.4010721756061884,32.62398052180837,0.72109993364385139,0.99994910832792783,2353.5003533870527,2358.6120708561821
368.28157730368503,150447.93034277362,0.56853176438702824,20,13,3.1370806858581863,15.923054894932106,23.945840228919796,0.99992145115876852,0.64882193118609854,1006.0286298929678,992.30426733419313
356.86572268195715,168904.70670761162,0.40287362224562417,19,16,2.8656589415168039,9.7812478774167815,28.822173603424883,0.59363361007112969,0.96847279124902852,2384.3655680406564,2443.3653662534903
378.90094772562429,124483.06174607488,0.49739266113058012,16,7,3.3537646302155988,16.437739252602093,29.406698050830371,0.98432638925469396,0.88678895962678894,1717.1803553193736,758.69534524619189
378.52528848880218,121679.23632418916,0.51981265762656892,17,10,3.3236485828266704,9.1167095987772147,25.059840886667295,0.814474529855166,0.99547667075838464,2164.353543543571,1337.340068492158
358.76390335491573,152539.30935545478,0.34773357198356347,20,18,2.2379286805658736,10.047527829692013,31.812209458449953,0.48202724948942499,0.94316914221022541,2309.9541446282406,2372.134717205126
365.0355531202469,198923.59060883042,0.65343485851342242,20,9,1.6190179341045137,11.742453182539649,29.588368032748516,0.99576714450213133,0.86687324553161971,1417.9456123487048,1412.6633107117336
354.17881104663888,172041.78893893171,0.49334408794008688,18,16,3.3329876405716972,8.2410969075225751,22.692485105314983,0.73173144120510536,0.92477156398245841,1991.6993629532412,2038.2019428059443
378.25830980377191,120325.87679374919,0.67219707279040652,15,6,2.7306795481250217,12.43556992262349,24.051735965780324,0.98862867082601036,0.62338310941836794,1316.735061124662,518.72448372357053
364.15926499394197,154328.1475531598,0.64059858298559291,18,11,2.2902076688204152,14.751153461915047,22.057270062564534,0.99943472389936405,0.53712944292507836,728.69715901281279,721.78546749097995
364.92585338400482,158782.40438585106,0.65308775721317514,19,5,3.130294607868167,13.556824852619705,28.541253087667869,0.99308449306739166,0.72273343546504409,1878.6870511783254,1869.7537065387894
363.98938915741604,135225.72651028924,0.49837643313760699,16,7,2.2425274934033839,12.563992191056716,22.956457204737912,0.98810240618614475,0.90669088807921439,1023.9978851181183,1041.2771273302305
352.02234364683846,159664.03094056176,0.39830898021765782,17,12,2.7410025083782785,12.885211716090428,32.645942456555062,0.65108557287569824,0.98934510386681884,2377.7483572964784,2473.1516238742761
365.85666177307564,139283.68758839977,0.60575819474528148,15,14,1.8860406611317493,12.276577394536965,26.414823264400393,0.86885751244321663,0.69722432796313571,1269.1915177924348,1259.4008719821627
359.59357097581659,111515.95836591936,0.57032551178823176,16,2,1.7169561191754366,9.9803089376056136,33.929431953797788,0.80794272496757957,0.99983840533307333,2045.244672111216,2077.9949501055312
367.96097338762178,124877.62533180128,0.51470670750720426,20,8,2.3775232100285075,9.3048252246649117,32.569645394084347,0.72052891838239763,0.99990808857262758,2503.4266606947062,2498.2529452332542
352.20324111752831,197445.46883304106,0.44551151404016565,16,11,3.3194652679036212,11.456791177741154,33.341472162961246,0.67443915714043279,0.99178121284357978,3031.1247332351004,3118.7605791362471
365.31075499981677,138489.82882078341,0.57491210021810235,20,18,2.6533566763236607,15.871065816469986,23.901775654492329,0.99998060915668652,0.64017420065153918,889.26629838773306,885.82555915945818
350.8329756744173,114266.09872420874,0.42934362031110107,21,10,1.6256481036189858,16.746424461124196,34.930326263918694,0.82261999389844842,0.99768128767065389,1497.0525581726799,1606.6981543446068
369.36858529985818,172516.52566094091,0.36008260964165251,19,15,2.0918758526697641,11.522177171212704,29.120748991466009,0.58075675034278085,0.97696630655935557,1765.2657248907713,1774.1619783669394
370.54080294301303,152401.18307990656,0.65856478319455158,19,10,1.8022277486827509,13.074941246265052,31.575906997868284,0.99818511998651349,0.82197993197799257,1572.0011235905752,1537.5227206368199
356.70957157574571,157986.01910040673,0.56443191857240094,20,14,1.5722368793227106,16.048238590656425,29.426158963121082,0.99792366097560148,0.7969344716888046,1043.4684454440314,1084.9709712057997
378.54892724462735,198420.87562356918,0.4011054396351359,21,13,2.6464996394941114,12.594819079805546,28.833292641534143,0.71039249297150087,0.99764583154901054,1889.2536317852264,1852.9438593854279
365.82836572408598,144147.56452130381,0.30595631677978191,21,17,3.5726992521404908,9.0229196364888544,27.14089088600636,0.45396438187517874,0.99124260700357358,2722.5168263903151,2752.2009546785248
357.36161166515274,187165.95331076128,0.35609518134523888,15,13,1.5076752262683626,9.8681786893853811,30.505838225104775,0.49002534121930819,0.92399707099442596,1695.0678021839792,1759.6647661066352
370.06148523582215,130908.61288382602,0.34690621698708562,20,17,2.914508902650331,11.817595823017227,20.368061796791416,0.74794762177774632,0.94328460544940818,1062.0497128823799,1069.9786707680244
362.71858961247773,130063.35322465881,0.34074718362065676,16,13,2.7596256533069345,16.762693542315947,31.829321063353831,0.66821502353969631,0.95358437046866484,1817.8399147368539,1867.4936409877023
375.22503088919677,189927.22056408197,0.61948764555858804,20,10,1.9804123093783448,12.924223682102387,26.091396316341775,0.99829828456553593,0.76643930322870291,1189.9076067313342,1144.80962833954
379.57680140241365,108333.4597752121,0.55742289168323522,20,4,1.6075113677163662,12.376485825648757,27.034222644290061,0.8371548222735401,0.77387254075759215,1195.4572990809584,292.94697324948231
369.17910421211229,144784.70447369281,0.39847799076838947,15,5,3.5594184290871107,15.695892620783251,25.296950874862702,0.97628549057760872,0.95496703756932599,1333.554598341191,1345.8137634844966
371.29806660273954,119111.60153163377,0.5641438455580472,19,7,3.6267941204024456,11.902206278000588,22.851704454150379,0.99712528532978906,0.83415910322473408,1536.4880192548312,1245.206382038838
366.89205176259952,187696.12849372919,0.30397018701805273,20,10,3.9656434661222826,11.857677730812542,24.568179003064603,0.5872919339899848,0.99972728115623599,2046.0748021734362,2072.6991394328347
351.74534243662623,154757.58513033087,0.66799249511547032,15,2,2.9313239628979115,13.789752295383602,23.858916422433182,0.9519650621668585,0.53936185502904599,1211.9589300640805,1246.0236646739568
360.23334942354512,190164.12355158472,0.3605709264984529,18,11,3.5423003572441951,16.650591328964843,28.356771297639597,0.86336161174217818,0.99292523926670362,1655.5632216415968,1714.8410524901694
372.32200151932051,118993.25182311544,0.30278866584964809,21,9,2.0064512525901437,10.880680284726285,31.018680945496858,0.466340706845915,0.99991354725926684,1987.3824013171597,1989.5407137851978
366.1052198255133,143681.28343016797,0.57998287938180515,20,17,3.3294254055857158,12.63353987635185,20.72429013203098,0.99999197639074089,0.68900142274869458,1059.2356151291976,1055.0055303516272
368.59702568128102,181656.34101020009,0.54361797585109461,18,11,2.9565098196655404,16.294257892972446,30.167625852347179,0.9996189483254464,0.84463348757489287,1663.8499952972661,1655.7797067376505
368.33453980322207,136082.53814853518,0.32389778537652353,15,10,3.1751675504031596,8.778685359121619,26.626365507448263,0.48065222925558404,0.9947944614913069,2442.8457869436102,2458.8480107009509
361.5554727762451,115093.41970847116,0.31137289459564393,18,9,1.9162797202905391,16.909370582265485,30.974458870878191,0.6803061942656885,0.99550109624797922,1314.1955731464154,1376.0099910894744
355.47467398820197,135596.21362694295,0.38408360436233546,16,2,2.0400925590738619,10.820416844855258,31.281570927145225,0.58716792606591661,0.999943500316687,2016.5410123663282,2091.8206071769891
358.23211551780446,194230.3815255572,0.35877646598026303,18,12,2.0506996746756445,14.462683623206189,30.336157882339862,0.67501553355297672,0.98830911892532181,1552.641091984068,1619.9660926578183
379.27612797599573,122392.28016437657,0.42999615391890028,19,8,3.4455328326581665,14.176400730866193,25.695256333700499,0.95153327970697099,0.99372848771059075,1567.9308366019497,879.74733152418867
371.84898433116683,172452.83547443361,0.46614289248828289,19,4,2.7263411680630756,11.235371410864579,26.941837866539991,0.79956927815926604,0.99995313475200187,1842.1646231285197,1831.4118576621283
365.62829559619462,128124.73675783737,0.43321372157522187,16,3,2.1390712500099269,9.4869758374602426,30.990042670690475,0.62431548194292574,0.99993434189280761,2178.4769596944038,2195.3835226415381
370.80915543637667,189370.60998284034,0.33459331006571957,18,11,3.4287024185144666,8.9119145269379558,28.494374804238031,0.4863545580940935,0.9988763578251415,2841.5245598868842,2845.3296716205073
358.51345956687976,177344.99856998643,0.68579504493614429,19,11,2.9117190884007385,14.214012670651551,20.545972009527485,0.9998010256550407,0.45408599827739049,750.77260174717662,757.18977015708015
361.00518626331592,125128.65274140693,0.62810614172709456,15,2,1.5699169003237428,13.907597355239371,23.668931056716914,0.91483636574643079,0.57314125927038007,773.67056171854745,778.71776780511914
355.46308034654851,133597.90293953315,0.58200683107525419,17,12,3.2223702766737921,14.258527466095298,24.922384436608937,0.99986382004878482,0.73050520107320338,1364.7951736223627,1400.6637284450426
353.28203095520007,167417.61845167016,0.69910830108041022,18,17,3.232845464074602,10.854801460533777,31.923365581724031,0.94315663025815422,0.77461206842748498,2735.2168718659414,2774.4554857870617
374.7293369207668,201829.93604840187,0.49846388836412869,16,10,1.5363530777781362,16.458778479306854,34.639508757095086,0.90331690979271195,0.94874049849741582,1425.2765560646446,1391.4705493971726
375.28549518593377,193666.9198095281,0.67943212750285498,17,15,1.8240312815150392,13.17771449793862,26.098498922259779,0.99915539559939204,0.63406572107222814,1106.170606857851,1051.6300736955106
350.1634370321284,169223.47099067463,0.37526073723537567,18,10,3.6352046600004524,12.198422619177226,21.604459331391592,0.8576623453578609,0.99671433200974491,1358.8422448951394,1436.4348742881364
375.75189752272416,164215.10677125651,0.45765977476838032,16,4,3.2990695422091845,9.8141988212751219,28.915433848155864,0.69276041697759738,0.99991157384944218,2626.5270416262474,2593.8552714931939
376.79936890222569,189760.98182145591,0.48272367837748348,20,13,2.0760866132348714,10.317078812249507,24.648678439943435,0.82403904111476467,0.99132972494774507,1381.9863772991641,1350.7810683142791
374.1039040223248,191798.40433263118,0.56626564139965874,15,4,2.1274919194025728,12.418303127153452,20.596824445285286,0.9621710786000538,0.69447136085394656,781.49069382644575,751.60616724599186
365.93104273194496,199488.08768853231,0.4419219102862238,19,12,1.9060061127677743,13.390833584949762,31.477821558687289,0.76302637087509917,0.9917865302349913,1663.9567127322471,1683.4736006167873
372.59265005905769,178387.10471920442,0.62355965808522562,17,2,2.322247713030742,11.166235815126559,34.677547587385654,0.9195910910469749,0.99965666073555981,2406.8031958767169,2366.7768106319081
370.68735695787115,170394.9421863078,0.35158397213250892,18,2,2.108793022709647,16.657328240927928,22.991282717418521,0.77895125550068822,0.81092225836345189,621.82259681538005,623.5923492916321
352.17933606047154,111258.3584353136,0.40663081311867455,18,10,3.1477560706139025,9.1965605632167122,20.705859825725604,0.73013730280905587,0.9982306050162657,1518.7652385555357,1580.0046631546732
374.76380325298004,117460.64844036313,0.58930644063948323,16,11,2.6866396801763397,15.94011377575999,21.546779089875884,0.99808774475545348,0.55447546650869817,626.75762554563869,-82.173044293867861
363.235313742438,179833.68113079597,0.59525305502957337,18,3,3.7399696939256057,12.837834287376065,26.462888395096122,0.97501759707245106,0.80785451596866309,1967.9376320352387,1975.0353485188975
361.35052223105009,172298.49504474842,0.36634721295483436,17,15,2.2327722913928358,16.859229500437262,31.851971716406744,0.66734901796600699,0.90133203272073137,1555.6125004071594,1605.3631648127416
353.74200964422522,196072.55416371959,0.51765452959018499,20,15,1.7346429395219976,12.570611081873817,22.383262461024923,0.99676885949758443,0.85635483056653694,813.90806120361992,862.35612549770394
360.12920559165963,120368.37232005638,0.50065241535535032,15,2,1.7270944523712439,14.654677301840241,31.929785090917623,0.88334574568295876,0.95047959917265346,1461.537965395524,1503.207556355118
373.67119839120244,110298.37102152602,0.48005473742754567,15,5,3.4975802150846369,14.133947183914458,24.325565608414152,0.97003329178730191,0.87326972114340962,1398.2036373335673,812.45503530817678
375.68380162140534,158132.22589212185,0.47551757019512242,21,16,3.1354844750792186,16.500147121807164,21.953074084603262,0.99997589105643669,0.69780294127890397,683.50583672123412,654.09883611497389
359.18404672078975,192136.06637995841,0.52705060468880327,18,7,2.4328701971721385,13.596239895673115,27.597540782304733,0.99301795887139765,0.95280690196756967,1459.0337481557572,1498.7901356420568
367.86899422329338,120203.95738897703,0.66627138705253819,17,3,3.3162021511340836,15.631620387125583,26.929171158915466,0.97146052227971658,0.55430000517665712,1486.9808966910216,1218.8208451236901
357.09466025375514,155052.68576528435,0.49616952889563337,17,10,1.5854227418749389,14.95189710981068,27.181142318903536,0.97568023702769646,0.89602899757948151,963.31573733428718,1012.3621383424563
362.5383511503033,108271.1249357514,0.34100929907309324,18,5,3.4416973802563877,14.205769061253765,24.910141821766803,0.79321147755794419,0.99971954580326039,1498.0422565962365,1542.4258101368407
363.96394770634078,141953.38432160119,0.54322206498944292,16,12,3.1310133903629676,9.6445673316924676,20.657019541737167,0.97901003745997817,0.95436609658198945,1385.0777740763533,1397.6742835110097
362.00870131430622,142490.48068450589,0.53108039533030871,19,2,3.3351310508337946,8.4581058186195346,33.470106655512986,0.71067243214202303,0.99999671261324863,3459.4151659464815,3481.1129694591637
369.35528222357169,189569.40911231225,0.56900587228912514,17,8,3.1637436226997879,16.993695234204502,23.09731678361414,0.99782602760285433,0.58501303731161691,770.65538019943335,751.7993322585196
351.99830168621537,165107.8850972658,0.34539334928209892,19,9,3.8647222112117907,14.87100761626894,34.438755336773468,0.60770994860670935,0.99977028777670518,3078.4522036617182,3189.5424464666771
354.32646978205372,107340.41913538371,0.48517281032805615,15,3,2.5728428446607863,12.892493548006515,27.60959110912615,0.90805924035233598,0.99749964008858527,1623.7730558934618,1689.7103387642801
373.89467496701735,117519.92791552999,0.58856862927565134,15,3,3.5791949160245844,15.418540515398858,27.760650664167784,0.94443996544096009,0.69629601049312195,1732.9699562536518,864.24247987843637
358.13058724457892,137284.25862597307,0.41735569275078471,18,10,3.8475623779263017,12.707867179791847,23.619321096581089,0.90004038219483928,0.99707815658312859,1635.8808004409395,1686.8959415750687
359.91063164843274,201241.81386573182,0.40322505139324738,20,11,2.3824283894841844,9.6318432423453046,22.708249970843667,0.69926302202018009,0.99867973348146688,1413.412794768162,1452.6359872860201
355.80921028770933,166140.90453846348,0.67016300671406226,19,6,3.0173301669593577,16.9520051095509,20.986516081768329,0.99456927003476792,0.4070443145672199,491.83848810100545,507.3374886690994
354.48815209827302,128675.17974077488,0.48550013640909462,21,7,3.9101228045342906,14.742166018733831,34.674866215577289,0.84455667218518549,0.99997122853348319,3057.3646380939549,3136.5135093936392
374.62629897250622,104200.3101424191,0.59266674192665769,15,13,3.9904253356599213,11.939998467777855,23.059130740074501,0.99966754908194555,0.78638517309419576,1681.9919118606399,928.91913487895408
378.12550926592922,148182.75028512566,0.59260701921206915,21,4,2.1189220432998095,14.065166076220649,29.711936626744894,0.95953097375879115,0.81559632271324067,1491.8241352162488,1103.7841401146668
352.90299993399668,191553.47711241184,0.36184601114484449,15,8,2.537566845303743,12.049422221568609,30.228030734617739,0.59981314932635643,0.99716676699759332,2081.6574131211855,2171.2272656686268
379.24746448164689,137355.64872681024,0.54575900331910643,19,11,2.5178249566048967,9.8577073463419023,24.139713887194969,0.91682707274837572,0.9918205046962717,1548.9121307256178,967.30683262697107
354.67360902617855,145695.55966416473,0.3099791965988678,20,8,3.8537204809054053,11.352178122844631,24.983451952602927,0.56808074999268698,0.99993835298728506,2149.5503466233026,2224.3512100057824
368.09462957061112,197391.33054095914,0.62474977498933815,20,15,3.8249227937353258,15.974783658823362,24.757245122758786,0.99999201238502022,0.58154668026480516,1281.3859191629874,1261.6129358861149
353.98015423987533,105250.29672247267,0.60737707891633907,17,6,3.3374072572464311,16.43047890953742,20.07774515490874,0.99359967796842619,0.47835710904679241,480.15598875221872,506.25577231033697
350.66597353440056,162310.15330887496,0.4847354834046535,20,9,2.40273734966304,9.9216734831340965,25.390237982489744,0.79539897084798616,0.9996076661319242,1657.8269281376727,1728.9610405305812
375.5894454012203,189667.31921895355,0.67843861843212749,21,10,2.3631417711749556,13.267288201811391,33.42494685235431,0.99943083199331084,0.80929455646878856,2055.0527681799981,1989.1305688525074
356.00095878737557,127491.61413458314,0.31833342223009098,21,17,1.8471118064890359,13.841846699776521,20.520859386809569,0.7905505167001462,0.90953765926100183,599.39762001578481,656.49819645401817
350.6525697664556,150009.65371096352,0.4502898879632462,18,15,2.0905110258883073,11.327304061225291,31.596742544645323,0.67285007245787343,0.94796540164166909,2009.0850557247361,2097.405852535479
375.81966872340985,188951.67382389228,0.55830067038525233,19,11,3.1393834636225599,16.381929652044519,27.151343134928656,0.9997165480395267,0.73188319665776236,1351.2583089248483,1307.0666212885296
357.40520374275053,180864.67971322156,0.52233363892451556,17,4,1.5982448131225901,14.716124795904907,26.81050568172266,0.938858719593473,0.82003168907268498,964.62517764105871,1004.3952843165188
365.07166952326509,111994.92126810804,0.4472664539561606,20,16,3.537140040114199,13.430256806505497,28.432679781002307,0.82468904756595107,0.97431319759125257,2133.568446348248,2155.7882873919798
354.68936024576396,134905.13249614695,0.66683054933276209,21,19,2.9742895318149229,13.593582557479191,26.723682532049104,0.99999482246070825,0.65498297149832274,1577.9770017054914,1608.6751046026639
355.02159328675435,114238.96148080878,0.68429591969209524,21,16,3.6470940499494757,11.708454122768927,29.229186165933118,0.99999579287246887,0.78815349661607792,2462.1061226820366,2495.8915427996185
362.36411833177044,112622.62600065698,0.35114162432871521,19,12,1.9342232264695021,15.785789648992377,26.526993872675575,0.82768202246974643,0.97311081084257256,987.38821711142521,1033.4001090747122
360.99977873950724,158475.71315437724,0.69229047713293246,18,3,2.3492467156918315,10.916694109024338,33.787052775622371,0.9762100750423075,0.90247776011351177,2333.50748722856,2342.5318082248714
369.39709720499212,166942.99073631136,0.3219589841476761,21,17,3.1714910349252898,16.283028653545784,30.449477062276323,0.66586598639443373,0.97724902063559005,1897.0727236363521,1915.770541841051
373.10535381497135,160360.20909071848,0.42347573987059717,17,14,2.2423846101019151,11.769767405130793,29.19630071963477,0.67465097994653234,0.9484221873205978,1811.7427956847503,1794.5900684080034
353.88941284609001,131015.60719002802,0.32887777358067427,15,4,1.7805155578952665,16.033772774978434,33.968431227222752,0.62210478165312366,0.99911070485540276,1609.8611072686558,1713.5744408322823
364.26619204002253,119996.12035242991,0.54503475467455642,17,15,3.5670480825229927,16.241976968113789,22.559759897801449,0.99996413791680738,0.6319230545514708,874.55606881003212,877.37187113482105
363.37842009279336,168630.91717424884,0.30557063551295421,20,4,2.3169475347988531,15.841630356284618,29.161242117705402,0.6688900069529562,0.99990407833795614,1417.7099371017964,1468.1253267744366
374.89367980489681,151791.31851591874,0.41156566867398359,16,12,3.1878147504848808,10.538032399280011,27.393223759957227,0.65784003110523215,0.98233660803654577,2268.3660778258104,2246.5393760962829
374.70538921442602,137086.2017268007,0.40710849004135241,18,14,3.3570063540818351,12.729211147614388,24.762489215357924,0.80747370180523981,0.97134785587624906,1648.0827300143176,1633.6068947905526
370.84679387162754,194416.21412502223,0.30008506550587949,16,14,2.4889002306812444,8.3156086793190838,20.273392266746793,0.47205236391456984,0.94720213453215196,1368.7493679938029,1374.6502868688419
376.39815480855674,163998.01187836239,0.32012153161291723,17,4,3.1539610373006641,8.220727384972724,23.402142547777455,0.49345355988546508,0.99997444141776515,2064.8496033975034,2048.7304392309065
354.20359583650884,194630.69667399072,0.59546642548628137,15,11,2.4060139976640609,15.435191205006182,31.676678511382399,0.99855779159726465,0.82871848936493309,1677.2287153705968,1730.6319689391407
359.61289912017196,199586.0376860722,0.32621753471609399,21,11,1.8690771019074184,15.411585264242992,33.539087330817281,0.60264655273481493,0.9989241703903925,1682.9741255698314,1754.615055356262
352.99922905530747,199347.30141710117,0.47223034545734072,18,2,1.9799636700446548,10.426762611754594,34.936173781117503,0.67312026020885829,0.99998502275863932,2342.3673752303107,2424.2879139662364
376.14045548736607,179639.50406255922,0.33296621753543904,16,2,2.4051104015081393,9.2379664051579162,28.158500462106197,0.49552324295626193,0.99997104329643394,2109.0733381870868,2088.6785854937143
365.60201841062496,162367.39085347264,0.67953460669197818,16,9,1.6564859902132238,14.628392572781253,33.759297616541986,0.99646399544089714,0.73493950966598809,1541.5577061777201,1524.3441961038695
366.00814667016181,173264.13764784433,0.5186209654184466,16,12,2.3014628557502896,8.3773231313770271,26.369766635650194,0.74673044920162068,0.97125553716221824,1885.1817206350254,1888.7891474314806
378.39118396219851,124404.40369453872,0.35139734337624656,20,5,3.9276332660796123,12.36939454448288,21.460993610148314,0.82935578868502968,0.99988243212742078,1403.1324919668364,1266.7308764773652
378.9675042804738,118233.03829794403,0.59890636537949227,20,17,3.4253810111830854,9.2251153079821329,30.94764834980138,0.83313451132502847,0.95270865353370848,3008.8623352444515,1983.223711544875
367.03980447650878,148140.90584567032,0.6570460358175042,15,14,2.2135476506257961,8.0686682111554173,23.525951768351231,0.86203305265174568,0.73569491158677613,1546.9472320170089,1529.2514802849882
379.41752229705338,170932.04293233657,0.64956786847665648,20,8,2.8627054460890928,12.119807278868652,30.068940981788998,0.99875602464906676,0.86753379345343273,2102.0180360524009,2030.0263364961656
361.80454516257839,173383.03043690938,0.44562885960441179,15,4,2.8493179829171011,8.9789037355319152,29.988548573829952,0.63601603204289481,0.99985493153516325,2606.2548762469069,2638.9221714072924
357.79559656548111,111427.78765589166,0.66400655208981585,21,14,1.7575406381325054,10.72649917899561,34.996333138314696,0.95241084535386333,0.98849097220855953,2048.831873574431,2081.9806952786885
370.89656882059137,139638.61548056689,0.32023829577154089,17,9,3.425990754682644,9.6091635250910947,20.633320485655368,0.59829495949022382,0.9987622407168173,1579.7126624312643,1586.7463136977665
351.37364738152996,160185.10416964919,0.3161404912787833,18,8,3.7247438844994534,12.083668212269744,30.750328929694522,0.52068410363736428,0.99983446701827783,2879.9602337425358,2985.1060615607762
361.67807318638921,135237.68807108345,0.4324484546174831,19,17,3.4651328475090981,15.349566412539019,33.212302799814992,0.7388018943814868,0.92407372524568543,2534.2827478003351,2575.3285465678009
367.37954882207305,201209.48817002348,0.59036610195374406,18,12,3.4722270466257945,14.861332185314192,30.219224306561159,0.99990021070449076,0.83287611048719545,2081.8476400318059,2072.8499942166386
361.43370146637955,133850.99663070118,0.61330277333220895,17,13,1.7574776020525695,15.404050410034158,27.840282932093963,0.99885577535832215,0.69796976479417427,1039.6634170568188,1049.7593208693347
351.8257813838477,147300.14622478787,0.45565274444318038,17,7,3.8220196877014141,8.8834650000284725,32.748399277121479,0.6252130354132297,0.99986070907601809,3713.575043079396,3797.4533963144436
370.70427898293093,170208.7354977089,0.57558806127085727,17,5,3.0191299267404075,14.621637679647952,22.385676406808514,0.98675745900150824,0.64274121985468724,948.50758094202922,926.27771976617282
365.28349757155564,190552.75097128429,0.38501342307245984,15,12,2.4460529043778712,8.8699810227146276,26.059600973790324,0.56611267130893617,0.96594760469943053,1924.9505935448633,1945.4433141274385
378.04361270030665,201123.43784420419,0.66760608499963114,18,11,2.4674369159189222,13.159438427699003,23.48463700261183,0.99964830303613961,0.59292135868300899,1085.2355735254148,1026.1536701476177
351.80894144045141,183743.90260111884,0.60389613328267022,17,9,2.4912660127302009,14.596425058789748,31.045072804724366,0.99865117896366273,0.84094842424921679,1741.1026813952194,1803.8253816607312
369.53487649529933,180789.13265457493,0.4063435573026275,18,7,1.6949154613779776,15.967039425237587,27.645404943193032,0.91929535199449053,0.96883572049203837,969.80386518569219,979.87732819733628
377.76055663524687,138815.17691487301,0.67422700494693599,15,8,3.4591383562217493,15.654750866406481,20.038656791492205,0.99726838094720871,0.4162364597470018,592.86189578748269,-72.960684792060931
365.00080850507169,162949.84547159585,0.34453188228451886,16,8,2.3541489955678037,14.525173070767508,32.787268320958724,0.61681747188509217,0.99780381813409613,1978.7249681918358,2017.1776481398479
378.85353444344065,126133.04812942047,0.60953273391223783,17,12,3.3184373545588945,12.616814588799521,26.473772908567344,0.99972857100823465,0.81904350710088036,1813.8618982125029,938.67045480612819
363.77385647273803,119568.67044774501,0.68602060017679845,17,8,3.3741122235241092,16.833237704420107,30.715215362133559,0.99919953846956222,0.57225049595633803,1840.7747017933661,1828.7810163916233
379.83873925218302,130868.17255074685,0.65022236282842027,17,3,3.1546072466390243,13.422393243755398,21.826434988354535,0.94033506790690691,0.53142344266798902,1071.4832541473613,341.39688170542166
379.94010693248367,111164.41478998918,0.4453653205854346,19,17,3.1425439198035949,13.142021499664068,28.564370842273053,0.74732021306879093,0.90894626245997179,2027.3878182123594,1075.4064074092551
374.58708917313584,175750.80811087682,0.4489030503657816,15,14,2.2528078418342901,16.51353571993603,24.280694509039492,0.85601256025717443,0.74256787809172253,787.66419685417554,762.0893303837554
374.90932012909991,182056.23359649308,0.58668034247086087,19,14,2.0605854281521956,11.680389822288598,34.379806974660511,0.87501787172525969,0.973703603151022,2158.5711677054182,2109.2349340250607
368.95207526722089,136180.04700000951,0.46865051327775409,15,11,3.1041519358563945,16.807496198727513,29.437224671837047,0.99416421055644666,0.92627934301491532,1573.0769025575858,1577.434920542586
356.406815154551,129982.8705391425,0.48242746442632167,20,10,3.735653583557494,16.523569443525545,27.525059685856132,0.99958109278780738,0.8618863271037549,1579.2650878556028,1632.679094481623
362.02647476205436,190278.19366259675,0.42636157670975422,16,10,1.5192950897679951,16.942056273850639,28.135102574981332,0.91109626911518815,0.8938856192446023,870.29233351011089,907.39556942244349
351.98655840336653,167512.25004848195,0.55924398676339093,17,11,2.8447265929157037,12.916287704531237,24.451066643526342,0.99957140398280719,0.83399554137028009,1344.309435647348,1398.115686181708
359.4930744142286,147236.94062280274,0.54425128202189277,18,16,2.9903269144222886,10.235088218891104,22.741150651672459,0.89134386892324202,0.87988512820950016,1545.8901205551456,1570.7367673414662
360.6502163459129,186451.44280185236,0.60927493964145341,18,7,3.3723447677969673,9.2475255900567976,27.738773071236803,0.91385722072770381,0.99975266284835429,2493.9641429798376,2514.8767635120794
352.2905033000095,109296.61007202392,0.35456720469465192,15,11,3.2178347383142301,14.961880294618606,32.112358924703372,0.64750886825478726,0.98122440268681177,2327.7790345115031,2428.8114657721981
369.52055135583066,193838.63785749092,0.61395528127126797,19,6,3.0931917023417501,11.787911488444038,24.427444928103334,0.99543885664684073,0.79509818976021884,1569.6621150760664,1550.5594567153244
377.80152205324805,154908.08617604797,0.38301303830013905,20,16,3.9479206078722706,13.223606520667488,24.66657649927846,0.79843415960170427,0.97650578952860312,1782.4154310222884,1758.4250839824826
361.20401978055202,111749.95101868287,0.59826962888160229,20,19,3.1381115470429779,12.899730251422028,21.739512071574346,0.9999758062703914,0.67702720376778203,1108.7409592795459,1118.2661066954918
358.97416524279123,162670.657970164,0.69662675524333495,16,15,2.2192590289311136,11.431141498523365,27.010031431200929,0.96570719788221915,0.67010260493028029,1531.1929241936057,1540.3726880493234
372.61955576925516,114399.95165047665,0.33111784684859114,15,14,2.4274085478557934,10.572914346323774,33.417730763697875,0.43979586383838787,0.90370158488337538,2576.1419161946155,2567.9732853254459
355.77407098970099,199760.49354847221,0.69166138454877202,17,8,1.8585552705270496,10.549646843900273,20.525245184144119,0.99665509782393336,0.59673597404783119,864.93672337648195,881.32376833156127
375.13957316919209,159114.84556374763,0.65084609805763671,17,9,2.7749052435524009,11.056885913460462,28.728445298845621,0.99915659477596341,0.90589495311890866,2022.2952278523544,1974.0818069335037
352.1141821740261,122568.82549848559,0.58081725837644993,19,8,2.1792060775593263,12.402194930028728,23.090719637307675,0.9960202953968047,0.77701487785975143,1030.8485644069272,1077.1102212720275
362.8205283844008,180507.77525574446,0.52492068837613515,21,7,3.2946669469093131,13.635865128454689,28.766156576620954,0.99608640092873935,0.99810120923099965,1957.5844491362573,1982.3335297852618
356.51170643344136,129668.45492106929,0.57146858192514716,16,7,1.6518073922691281,10.566099192861049,34.235971789940251,0.82561265166372022,0.99785351197152283,1967.1290956793148,2016.888809089844
356.4613396597008,156648.2441189446,0.68389598562985776,20,7,3.5812160437195013,12.137206362439414,34.041128427407763,0.99890411130544132,0.88460001588363391,3042.216236917021,3076.1458813705749
377.4266432179495,184899.85718240644,0.68893531938747898,21,6,2.2373210358971982,11.936644782799597,24.830535591240292,0.99377729597625908,0.64035137127574304,1266.8878316567627,1205.9152537127834
369.13471862641381,171332.24554354761,0.46586786218074516,20,8,3.0219699327462832,13.75357994625046,23.170959185611437,0.99670337141037924,0.89755919759948599,1148.8499519874581,1150.670855456035
357.82789842104904,144522.32229113087,0.66431292423080324,19,8,2.7582950627834668,13.968567399251539,33.974824482835743,0.99878654275050527,0.81475200920845314,2279.5818534655605,2307.1266780190754
377.99111023149504,102923.16622909183,0.55218709543716182,18,11,3.2770430940080946,10.010573467966436,23.006812808549409,0.96815268747377881,0.98783883949369022,1696.2080178371561,941.49570064637874
363.8732963000719,182263.01315373793,0.47653830910008632,19,3,2.4428473263033732,11.114627656604455,23.608791292956468,0.90026789195258228,0.99971184060137563,1330.3080626814851,1352.5463790876236
357.1545421082501,112126.29903415818,0.63158211327995273,17,10,1.7090241213817416,15.286288957273722,20.062505545165624,0.99680914430733025,0.48253320442770464,392.44714391629174,407.23130594778098
371.96465439605743,133017.19407287191,0.49037029220361117,15,4,2.0214146516005265,13.512766146216432,32.461605706658034,0.83907700598278945,0.99858544980721831,1790.1618579977005,1774.1562763897537
377.82802262487263,187232.83003149726,0.62360731074679987,18,4,1.7483283071961075,16.159545839005403,33.848682387624251,0.96554491626164229,0.75069345629530837,1484.3182764690043,1409.8729794513561
355.69867242006057,157871.67450222818,0.30907000717707134,21,12,1.8624919804895725,10.392011745348112,21.412516989625299,0.59846126929633436,0.99782219056304555,1021.3143697775661,1082.6844083257467
378.23964698229435,107949.70859096338,0.64856766858425341,17,11,1.7951280726070027,13.899793334390406,27.491232141147478,0.98151777996138478,0.67700114280259227,1156.0339262702082,243.8738953472112
361.93848396718431,131783.81772405215,0.38133520611307359,19,15,2.3855486356543292,14.859577983981733,24.940524707974646,0.85275518677278217,0.93850716668645617,1064.6301257606958,1104.4624680064605
373.41429019742378,139382.6422000993,0.43846703190831482,15,6,3.089017298892847,15.540085426956921,33.289551273516636,0.82087094391100734,0.99829693339391279,2276.382303068594,2260.4375166539171
360.93244471001555,120057.38114379186,0.58357498054782631,15,3,1.6346926861072546,9.4760013007274839,32.074558621793784,0.828080636484674,0.99950846342912381,1865.1970632107507,1888.2150800674917
373.74739734799016,138959.99850795485,0.39900771146072433,19,17,2.7161704247128236,11.553093808318067,28.428277507528328,0.62293521143839126,0.92807200818388602,2024.2738963424499,2006.2863964130097
360.82271530337295,107996.7227347935,0.57707631878505605,20,19,3.5449064754581729,13.316132491219385,25.08025725931174,0.97962642034957248,0.77854055119969034,1627.6536281993745,1644.9832336103136
376.88820216795347,128197.68433584347,0.6887541926724623,15,9,3.042120017936897,11.772417456580055,34.874134007128482,0.9982824612040242,0.91874104880345253,2831.3883494803831,1690.7822963130018
361.69246989535748,112318.58343689986,0.5949783463266578,18,8,1.9526660470607067,14.148407536804399,31.386323901992906,0.99479862640210426,0.89210843222045444,1544.4438231575032,1564.4608654061431
352.49878141093012,196692.99211674917,0.31637908766349421,21,5,3.8302203879083447,16.329929735470067,21.121273452458563,0.96386276471337606,0.87363591962622467,706.84916704383318,777.82353878820004
367.66009405853697,190209.94681797014,0.64174338572845324,17,15,3.6850289982479825,16.915107251240457,23.423217910674037,0.99998448764604297,0.49609020588397124,924.17135426795949,903.3188611314954
368.82708897816349,157022.00412116724,0.68476317118205898,20,16,3.9341839582504163,16.185380507738508,29.169262286168181,0.99999705324488053,0.56811654140101508,1940.5578535061263,1907.6288602912628
351.24499877216061,142082.29744828067,0.50673050592892355,18,17,1.9814725997534763,8.8094781936479158,30.051152148142528,0.64239104705559313,0.82036781550974103,2039.2971097337706,2106.9126359741281
361.81933247616018,135976.5203681711,0.67029116231229047,17,6,1.7890489454954936,15.962806595257394,25.235451235324355,0.9883404199370297,0.51446027668271244,785.83992585389592,783.66231713437332
367.27319816637004,170631.26155867724,0.47646890197089042,21,2,3.0829761970716727,13.581170115415553,20.51792400739059,0.89535143846148468,0.73747838403263277,876.71679132269901,877.03645036835042
356.30523002801709,133617.35836729698,0.30903079650524573,17,3,2.3604946520263308,9.7365535115844359,28.740954349018146,0.46734733365897979,0.99998082436446478,2096.181746947891,2171.7380583478694
379.39275692968295,186067.04932166089,0.36017502297071818,19,8,1.8495426522014706,9.8000311589804632,34.774099907530058,0.50145447791149078,0.99985610152188809,2328.3107758192959,2278.6908633308981
363.04947779100365,162328.37495260144,0.44487712752419079,15,13,3.4629413573348931,13.306250771292602,25.085088902215979,0.83916070471803128,0.9041754772695999,1643.6776608427517,1669.3054765545751
350.63944745751536,180274.0048740402,0.42511266308962953,15,9,2.8748445536544756,12.539296929175638,20.899605571410902,0.99004376820603335,0.9515930718680613,983.99608820366609,1052.4414559025415
360.88938567119624,117338.22595064218,0.345178286434079,16,9,3.4480241315410742,15.080510712465975,27.362342041026494,0.76304080663310547,0.99513406100707391,1729.4512121913333,1783.7301125165336
376.94080550559835,112751.13910610272,0.44494883942052199,21,19,1.5863601908509279,16.561392581337316,34.260159759048911,0.69816764037455614,0.82565988755014807,1463.0129501713236,337.96191813799135
372.36098346605479,108923.48135112539,0.65831424022263263,17,2,1.7583997793360147,12.432864952946019,21.820211492646585,0.8522947843802392,0.48815009088935352,807.79348697379726,94.713786449894997
378.44662633104559,112727.06997311025,0.56304795724140222,16,2,3.0816095846751441,8.4069781407387829,24.116548683651047,0.86401775805523329,0.99929907799273954,1996.1823894867696,1201.0190016316774
350.22300605903985,123045.34787367602,0.33447871220276937,17,8,3.4387704076495815,11.558949460344831,30.607616331946392,0.53722045800749962,0.99963031200864638,2756.2790250934013,2863.2679897731718
362.62215003929668,118819.39052667572,0.40761868491831793,16,2,3.4381381645883144,9.5181385115590587,31.804243572193311,0.58169878505781358,0.99997826695913949,3208.4837131589707,3244.1758302231615
360.53739959248219,168527.50343180227,0.50485971053189582,19,15,2.7883912029195224,16.074186881315981,27.015306560946772,0.9998885263248225,0.83211201646603494,1256.3515458665479,1287.3048052667634
368.27346371453416,181704.88260758275,0.59016333453128889,18,13,2.3827228839063972,14.05637671686447,33.303835251032766,0.99150066692500205,0.95936612123162013,1977.0643017599259,1968.1654072727736
365.38237054672203,131378.78756732919,0.50823518818503632,18,11,3.3950045757546734,12.538955773685572,23.604735323428052,0.9996409352971557,0.92548227032393759,1474.2098162684042,1486.75565771529
370.17142170805084,107279.28630536223,0.45623408490672429,15,6,3.6981236987020618,13.31382242303706,22.454982491824769,0.98991784579217945,0.91015108995299254,1304.5300124634366,1126.7292977717277
370.77096503572585,124550.70577091767,0.53046341784059226,15,3,2.095442175181633,9.1479227307610778,20.340411863287638,0.93765517124304154,0.96775600408722373,1063.7724063207181,1055.1475007275794
366.30351885447908,161920.9073854046,0.65895582199290192,16,7,1.6161395905874543,15.910941786921089,20.456268392899663,0.98835368160395876,0.43514405001055478,361.3259173066275,345.22097375788132
359.57193265380425,115574.59462843859,0.57011279676313487,19,3,2.0327709683862536,11.677767316576917,24.267597029815704,0.94774786827074242,0.83705747401911124,1169.9973059016468,1193.27857775642
375.8419040073091,202525.68097561004,0.63927369455977978,16,7,2.2416452746485103,16.505521558314804,29.864460936868312,0.99491085492284215,0.64856494794015751,1314.0133917727185,1253.5477117266234
378.83505178935593,113443.93559130549,0.612243971275093,19,14,3.6578319405595145,15.245542379885698,27.267468264048205,0.99995943409325339,0.69348812120872982,1697.2492454207506,791.13155198821141
350.40154392585231,120278.89329962419,0.57500493246438211,21,17,1.8140194539740617,12.153513844708685,23.316256081611503,0.99959033453124035,0.81499468445429146,952.1836613228063,1006.7254908746929
373.55085631771522,182752.42648106057,0.64533286944373169,18,3,3.2543733323738939,8.9630869602281997,23.841126783555897,0.97823096816926691,0.90726122917544394,1927.4637226566451,1893.3344213931884
356.45206738864636,168581.17013343875,0.4187534084915277,17,9,2.8001430666874207,13.661333504462306,21.991920220128691,0.99578845398349436,0.93314076395545775,960.40821715401898,1012.6430130926911
372.58723185582426,147957.21897594866,0.4181460063918242,19,9,2.9522366423127568,15.922521093710568,32.197025225761827,0.82617986007167277,0.99890634068097817,2015.5983124268234,2008.1555869933877
372.27157507053647,116220.99487489101,0.47482798166710938,19,16,2.0800855276023902,10.109728950694542,31.469953449780565,0.67468720707932994,0.94742848403845992,2109.5385221593069,1856.4378521187396
351.34676789480113,154115.93446220914,0.51255237711594392,21,3,3.8864219375516234,12.063047690205298,23.121753923672603,0.96750876478942649,0.9044972158211938,1649.1918946247965,1709.4544268615941
370.37684046588225,148764.85391568314,0.31310819473020179,15,14,2.5791687390642872,15.888781855104391,28.787473504386131,0.54882937629510997,0.87825260722707199,1503.0867856977009,1511.4984505725176
350.87586882174753,157351.30921262875,0.52930719187630981,20,16,1.9281019192568192,9.8552293873202199,34.496111177015635,0.72845207990184313,0.96867233275260012,2296.0308721371212,2377.9631500893029
354.98710327383463,186388.33712684776,0.68346775173097896,18,3,1.828905863158361,10.860478376656062,23.932121396852715,0.9652973000469417,0.65573924460379873,1129.0746770318444,1152.4083026189289
362.57540076309601,138827.20838173642,0.43443817071295565,18,5,2.6323190229843147,10.765265194558662,23.114446184849108,0.81296668843360287,0.99977240881363461,1408.7533917323594,1438.1287109474256
374.93043432586381,118001.10343777435,0.64997730264768183,21,8,2.4196379486613306,15.658757877214233,22.392938665946918,0.9908758069604664,0.49662897204233247,699.36544949464121,-37.749325628810311
368.36461745527788,119398.82579990204,0.47870541074308814,20,13,2.8834567673520448,9.5957186851225416,27.746709503772067,0.73029465066914889,0.99712049355857879,2242.5217011411655,2242.3317048049721
367.56634088754015,150746.74667066391,0.30703214636760084,15,5,2.7972434439660252,13.727728168791499,27.929976279265237,0.60316084565263273,0.99933135143142893,1745.0029993472294,1772.1699752002314
356.54731074178932,145452.28681423533,0.41917749040852181,20,18,2.9499387570683715,12.958838187542202,33.520084355915934,0.63983011663292133,0.93092074301579686,2616.0332462734764,2683.7139236541666
353.47152046004379,190888.00898487039,0.53726562687652135,21,8,1.6098270690079439,11.535409830834908,25.713035178220846,0.97185681017449876,0.99679270814550158,1128.2337330124512,1187.611238571425
350.70266839303201,175152.78892383393,0.49008212772555743,20,7,2.0136337440904697,14.419013887667102,24.498870133817601,0.98483904227633234,0.8558280669252798,923.72623848010983,991.14383056765382
366.70835330181211,200160.81690743091,0.65681207246644358,16,5,1.540000441806624,11.519542308985974,30.807712901019357,0.97791167004280455,0.88080958503909967,1491.9653542254173,1477.9337021935914
357.42381850906827,161418.11320113647,0.69379451490922883,20,5,3.6882393023018127,16.515376885311852,30.403702390740484,0.99519774126556038,0.55966539101523594,1975.5822986829826,1991.3595274112395
379.10509465073471,105658.44416011796,0.31340278352365647,16,15,2.6925129010605997,8.3199920280980848,22.222899973754725,0.44621568218641527,0.90853043577391512,1688.1334901803018,946.69302229752168
353.9352687248612,137100.09312222971,0.68492533910286546,17,12,2.5050571867261193,15.681255433750458,28.884263665631536,0.99983205913062634,0.58021332258715907,1402.7094348155888,1434.176369331642
376.08721711927427,108189.14092539455,0.45932513799294444,16,5,3.9436347830118459,9.9381532576680893,22.433522628575339,0.82411630060516727,0.99931909250395923,1936.4218361615183,1203.5656104947918
350.90768895400578,181616.39315110276,0.41182243362110527,17,10,1.7424255344868911,15.898146792402095,30.407305496978715,0.84011734468728805,0.97904884278596471,1243.9373573898365,1341.6595617305099
370.32302065124878,177911.61361785315,0.4927197113428512,19,11,2.424351821265192,15.310815193651624,32.794683457496426,0.91869118824127938,0.99374941869836697,1845.1112792415756,1840.1957367703619
359.71547790814446,130125.81985037614,0.55552316057697082,16,7,2.4851115613380812,8.1206285236369027,33.897908376028255,0.73033479032225557,0.99937887255217217,2858.0494048538244,2888.6771555629871
358.05214015812714,106385.52667342359,0.49138168032333018,20,7,2.7608791343045325,13.69494691539786,23.710307701323323,0.99378351507628027,0.87606428570462413,1143.2047696726418,1182.6736494049705
369.63504511753331,193561.52771198959,0.67684860334926367,21,7,2.9896348165210656,8.1458144194115025,29.509252060847007,0.93492409126670861,0.99996907386126499,2618.4092327885069,2590.7788905155376
375.27393363345595,110154.54090037209,0.47897771026276875,21,5,2.0992808741397599,12.438717091453595,28.944442256495563,0.83528210177387907,0.99381676915036388,1600.5814688167177,657.68531504783152
379.69034475665092,155963.18516746431,0.58590779726668618,21,9,2.3849018997034999,10.949176717533813,29.600521935883684,0.92962398324501405,0.99956142375801249,1941.5182924694552,1636.4166293639971
376.69678045990258,175709.22303048125,0.49665344109907128,21,6,3.5706629859015018,8.1655950335429957,32.134151515303714,0.66585296022014118,0.9999959367528346,3516.8515420649956,3466.8986637116736
363.36150485963162,149786.55266598219,0.64691492848606535,15,5,1.5230572052124067,9.058484806043321,34.320912038705274,0.87834082990875406,0.99847370017338544,1979.189332849955,1982.0242236611489
370.62526255645105,188076.80973134458,0.38088993233725887,18,14,3.2982474639875567,10.644987948548973,21.645005059558901,0.72695450953436713,0.97672446403265678,1504.9254052185813,1507.9799549479583
357.94816140473267,172616.62718953154,0.68176392229865179,17,14,2.6230913631950621,9.9433399346635394,24.800620880858332,0.99978492941496833,0.79347381298141884,1631.6349037636523,1648.7966665634251
364.25518497085443,147756.87314555721,0.46522280995561249,18,8,2.4542053502685723,16.751858949423703,23.494801349299866,0.99244734018595793,0.74699337119941778,707.11509139108352,721.22352371747547
356.12994698280465,143811.11185697519,0.49328653465383054,18,5,3.5203073258606286,8.8239358137622173,23.783683884094323,0.78422156455028347,0.99994821786732091,2133.6872531666845,2178.9191683023414
358.42778855030787,187747.47706854693,0.3604862298479084,17,9,3.1883628248547651,15.091292750548709,32.724195153712849,0.66764083882472414,0.99839682015597075,2370.2685410488225,2441.7306500826521
367.51234184865484,147161.7350776167,0.37580269919382531,15,14,3.1219361980311122,13.01108315518735,34.221797223834692,0.54216139325008605,0.89539537094747768,2848.5502949462225,2862.4835652196853
377.07316263937071,125095.91323385823,0.62681072134705129,18,11,3.8236849186722432,12.052220007122131,21.004034128889458,0.99977200711644154,0.65020584224730016,1308.8664086011127,615.0894803220915
359.81552507385868,126566.55534571226,0.54789568324556059,21,19,3.448972676555381,13.418510065269894,26.257074681768231,0.98596327331283773,0.87122155065243134,1736.4851625292183,1765.5864081031598
358.57790272046714,124803.13007771042,0.33564914585708133,15,2,2.2053558297325031,8.2235218205980587,29.545135452435414,0.46509055985749104,0.99996112184988362,2243.6559543272356,2305.1595404216546
378.18267956271427,136298.34541183105,0.42096028597368562,19,11,1.7759226161028518,9.1032492389703403,22.4678516477383,0.70492903751535441,0.99593436423602544,1184.5919896920855,1155.1030653726743
358.36254520531395,168217.39703495905,0.49927009170387715,20,11,2.1055220591434534,14.505728857361586,22.244868536640364,0.99801265060718336,0.76681896078835898,728.78349180392661,760.05087166000476
376.04493668385078,109177.40489347398,0.38524164754421214,17,3,3.4207582715941092,10.443163194017096,34.384048582033273,0.5532785044507974,0.99998145027314234,3444.1720062685476,2627.947170754434
375.89388019222014,197868.94422427763,0.69831315515832038,15,14,2.7961605828443203,8.1563865762899574,27.343090095793869,0.8957066357370107,0.76605229948920839,2254.4607196839352,2193.0703750317798
379.87122556794958,140275.51159137383,0.5008764531951132,20,16,2.9942905616908289,11.70171294618012,21.05210249880194,0.99979573772179287,0.89783855084821107,1132.0685039998514,782.4993032953887
360.28257173317604,110050.71943590167,0.66303474288842079,15,2,3.3757991256549174,12.774191583130598,26.144677665999474,0.95939628131351629,0.64716118346810625,1788.5644329178947,1795.434676254534
379.17753258401876,144045.11472677367,0.36677994084189641,16,7,1.9505147305696029,11.660419826436517,26.162534068421245,0.6599575032210756,0.99784397279231929,1374.6762278357944,1342.4394981859764
367.99105870494202,150989.35676113836,0.67062756416429492,17,9,2.3211477589534972,11.441458712524483,22.050330281681536,0.99877617618423642,0.63364123573775566,1068.2100465413907,1047.7510958465559
358.22615297274484,166624.0957933474,0.47765251078943372,20,16,2.5802841268380252,16.699538529322268,24.458750895116829,0.999923679041541,0.76501712151217827,842.02770757565099,879.21759364277113
362.19085008667821,109703.52858245882,0.481769561308515,16,5,2.3876775067467291,14.286545942850665,25.886700145207207,0.9727017803848711,0.91689470171071463,1198.0459819574701,1227.0070842003586
353.41875331501882,133087.74738152832,0.38015195718116679,18,2,2.958656621278259,8.1098085353699556,23.066112358007167,0.58627870881922162,0.9999912366702931,1919.5839861995355,1982.6660814694173
376.27261173391372,200128.98886348674,0.57165134537414863,18,16,2.3704417333750092,8.8203804217751038,23.207698962268278,0.84101837965882598,0.86777649464083262,1515.727463171206,1475.4437682740627
358.39970034541085,156273.09418426809,0.4267613070836731,19,6,3.044566954952308,15.351564901609237,30.997566002159179,0.84531102358457355,0.99980039805997678,1976.5469561798916,2038.7943621106281
368.61683800306957,185715.02546832064,0.46351001323947838,21,4,3.6452580673256536,13.121775288478833,27.089697056060981,0.89899191797796774,0.99997465518354423,2007.1158123266055,2014.0875142381992
367.94663528244786,195087.81285338034,0.35021502212358097,21,15,2.0874214212557245,13.135266124564346,25.045197271236777,0.71846967246087046,0.98368943051602975,1171.8466809782105,1190.6115068673485
357.51783467008164,152986.64466591095,0.44131883328214849,16,9,2.5100304908810016,13.38238912221761,34.023945635472863,0.72482912732053761,0.99597794377449589,2306.8472297225949,2371.7286716082708
354.45385497184651,106355.37514852142,0.37544916550994345,15,5,2.3932605861538372,11.440367052306591,23.873950584632787,0.71981012346760542,0.99880585569842928,1344.2984698142934,1410.7382120981724
369.80783566646642,135786.48786320744,0.59674649143421399,21,12,1.5633548444420355,16.382271766576579,26.01644332605947,0.99708840438272228,0.63868734641275082,748.99885029179848,724.82343951750363
375.14658948050186,199663.42528306262,0.41136358124789013,21,3,3.3116981720160066,12.157704980825402,34.944011844100437,0.63086647216604841,0.99999855179803221,3168.2440853327021,3137.7015030065968
350.76509169769713,139147.66730252508,0.69529765940182731,18,4,1.9371908413415575,8.7245741783127073,32.7717175244385,0.94753485297429441,0.99981591526549285,2164.4087351403723,2224.0580055987584
354.16652995300319,134631.36716290141,0.337712711651179,16,9,3.7821173777479915,15.495914531283042,27.790701388933556,0.75820418478734342,0.99591206933335108,1862.6954953102138,1948.5627816340045
351.76283426134512,161397.06856183708,0.68944133351984183,21,18,2.5646410634118633,11.419330598751703,29.882311667177042,0.99997373644055876,0.81269360992954465,1994.8220112439226,2042.3665447157371
366.79649570923135,186974.14374821883,0.49013373079684885,15,9,3.9667668393607873,8.5926051375705779,20.751951568502445,0.83257947309394309,0.99446034754766621,1890.4541577325192,1896.9509250198696
355.68908836184494,195978.23618214752,0.41118708411057187,17,10,2.0207722666886507,16.919634353777223,20.891959661711919,0.98699273896653394,0.7239974206351073,364.72229295432243,409.32713177054268
351.06559841420295,188217.75946086558,0.39095282324491354,21,17,2.8225153246126209,10.134993570612741,20.326209358147445,0.75024564562385943,0.9703020799521026,1235.6701630313785,1300.7677031558328
375.33013820664496,181264.77365039187,0.40261490504236341,20,10,2.1565715589967578,15.035277246009688,33.739441125290213,0.72531028771433126,0.99882213781350937,1879.7022068044491,1855.5154663498708
373.33227292113111,164584.22624824281,0.55674671368236339,19,10,2.1257132521329356,10.355417942550694,21.347317785088585,0.99788753598219404,0.91151155092037517,1041.8496173171347,1021.0809932520565
367.49943248442349,167638.27765434483,0.50201593412080903,17,5,2.7275847504168054,16.80085973569884,20.4519081544722,0.97191305097384806,0.60009858126648941,414.97629950277337,409.52473819807415
357.10639390473551,112043.4348136887,0.34827894504710361,21,3,2.5194361181053964,12.222792355029281,28.486292395170913,0.61002390753487656,0.99999513434747311,1850.5444993985002,1918.5726603513049
351.52952219148142,145865.33474568842,0.65775792722727999,19,9,3.8215759322136065,14.696545436993496,31.375889202203084,0.99969537090210814,0.73031172345852968,2437.7028057504463,2490.7347848875847
365.219178611389,171665.97390725368,0.46892959434936266,17,7,3.4545575376434985,9.4643266756475555,29.046237954386157,0.69545971006043772,0.99976470965436726,2788.9615816882365,2803.4173668992648
372.43950575366125,172829.00068997568,0.65353807304517275,15,11,3.4599488254182269,12.268793880544973,25.524836004928144,0.99979098066530581,0.72058946912999267,1792.0392590317476,1754.5006746622355
355.75282822795344,201939.26156171865,0.32998305588754967,15,5,1.8160277652512433,16.475032243716079,32.090638219251133,0.67558799907104339,0.99759140213016761,1409.8155424023957,1499.7353846627586
363.1959157886011,137804.88312342606,0.52574536905214742,16,3,2.9787168059026436,11.308855064713795,23.723566938305073,0.95872347544721948,0.94953676677383048,1510.2180066343731,1528.8288912779562
372.99241508802044,152353.04874828691,0.46777583088330421,19,9,2.6382569516244141,10.132742789127745,23.590048326016426,0.81931388264167482,0.99909553539379004,1536.0509343751878,1522.6976275431905
366.75272351954726,107258.87108727067,0.56058858073232165,15,4,1.5578684609159992,16.13552657638887,34.359395128991174,0.9342963473839706,0.86148100386268855,1432.2068604514141,1179.9649258712768
358.29228043542349,136509.76103192056,0.63061682378206563,16,3,2.1462098447510707,15.129990063650993,21.469474046542064,0.95290989425475592,0.50442423648621326,610.5401160759094,622.88650128831819
367.43380876178566,131107.77392682515,0.36097594512945164,18,11,2.9404316183092374,14.382760216112137,32.979215401184845,0.63788806636474493,0.99706084092095959,2360.9386668418974,2384.1869137943677
377.34179508329919,131294.1770264793,0.35224325814773788,17,13,2.227561259574363,16.322102247471506,32.642580958694495,0.67080837740878885,0.96628684963246225,1689.8642779308179,1661.2703719520093
353.17290617496843,142441.92541447448,0.58168841768854995,19,7,1.7693124356831638,14.965436940506304,27.898230710028777,0.98816542333319368,0.76958896808404387,1088.3160599763144,1139.2140673393274
357.24460757410833,167489.76194664993,0.58486840614810043,16,14,3.6070310704015962,14.288527088961345,23.012773632902082,0.99992388795576226,0.66855835527516683,1218.260853160863,1243.1925504042702
366.3139864125913,139844.17095085123,0.46995437251830208,20,15,1.8359870575675681,9.3513557068870199,32.543921779165473,0.65385418560793984,0.98613544020987087,2114.8114711429939,2122.8650978974088
369.56778066071115,154286.44510702469,0.36999186614000168,19,8,2.694830080635068,11.416178562131329,25.230691361378735,0.67546306568009873,0.9996517378133325,1636.4538945958479,1645.3181706135547
371.39949466997268,167748.33158500551,0.6136049026248378,21,4,3.3563910596234372,9.4086307746831466,27.993821790676481,0.92428571915948443,0.99999025793679208,2492.4750982931246,2466.5391918218593
357.60802714488375,130504.02564895293,0.44236815058457113,16,4,2.9936730312899096,10.58178649817304,26.918039157296548,0.72881315964216664,0.9998457122416573,2076.0513216830959,2127.1408835818715
351.46889312571795,156090.36380249544,0.38686358311191676,16,6,3.2734488051707311,14.292104384268217,24.343213076436992,0.93206565881835524,0.99651237395971615,1320.2918206837303,1402.9860896720152
366.20556221104022,107696.14054707647,0.44466195858691909,18,9,2.7870138423685828,16.016423046939735,28.677439057399724,0.99116677382832052,0.9874247791412134,1456.054840311826,1479.5951796563127
368.45132340166316,115179.05172121091,0.43012057572584006,19,14,3.894499962536075,8.0015646461847076,26.63092382479735,0.61245351176487561,0.99439110200614644,2947.0681558076208,2949.5222007342395
374.54854968840652,104420.13529217687,0.39420778783203153,16,11,3.1442839290128481,8.8775928248593559,32.969604078063092,0.53719847587024228,0.99383953433351202,3254.7632640278043,2415.8781005963988
363.502112312723,155849.11719106426,0.45290103470501536,21,15,3.4361101683129602,14.442546691544608,28.194738248621459,0.91688681789305926,0.98893184039662563,1880.7542566039892,1912.5347215686111
375.4239335784614,184203.20192002552,0.47130373100463163,16,5,3.3592689053675948,15.466925698242116,24.580244569080065,0.98262245990490704,0.82995598806692505,1208.6278630969346,1181.9450975338555
371.25450618218838,193219.84721440927,0.33745620775961138,19,8,3.2602480202557436,11.837811388610774,27.400353897775222,0.5940214489387502,0.99983574191423819,2147.619252547925,2152.3304687442655
352.59657315886886,186614.5629507956,0.67664714009916116,15,8,3.9519867466562366,16.042515026296726,28.495022284789023,0.99939467847343499,0.57387536748352241,1869.292441989561,1906.6780291315877
363.9304333761616,164805.1880431872,0.32686469051039996,18,14,2.4526151685471564,10.662935886957186,32.215357157329734,0.48188065290298981,0.98645992645015979,2439.1249731378325,2480.715558493067
377.77137276746396,128311.51291480901,0.41473643420590228,20,10,1.6915717853178449,12.856607289315019,24.614434063501857,0.84976736424881916,0.98310946219328721,987.70706131254212,783.65126101889587
359.12984530136913,155766.401849994,0.60431895245384371,16,11,1.5921148860243219,15.235918640218637,27.050539980561258,0.99606858698726208,0.69946009615085569,929.02628965967551,949.28920394355714
373.99604949608261,114722.05328674019,0.47273636090702831,15,14,1.8345885531159996,13.934123719791007,26.88291696813792,0.73346322155177923,0.76955629937250614,1167.1704250349587,678.6865283334472
358.89584832200586,128548.56871132649,0.57925456343364023,19,11,3.4858193382387919,11.051528840239872,33.577088920321359,0.86274222906616815,0.99859216753723701,3146.4445375731998,3183.5863824867301
356.20828177801718,189638.15976341206,0.36909366524674014,20,4,2.9811452582316997,14.256393005677216,32.526880737646422,0.65708839972763966,0.99998799238716851,2337.7259602114423,2418.0874310924855
353.0010873613046,152777.91294098197,0.32132821481941648,16,6,1.8677190026940711,8.6864357001704331,30.952661373511731,0.44659711778216343,0.9997772898760664,2099.6599849783515,2193.7350023415734
361.48029881204491,191280.94318765888,0.50655469587272406,16,9,2.0467525401886486,16.400773640579903,29.292359880910887,0.99306778509738969,0.87586810894117251,1192.2806117998516,1223.1993451285307
363.91810009959534,174395.88707242883,0.46983067338775408,17,4,3.4529299801527973,11.244560090737679,27.105625913949044,0.80285124481747161,0.99989984967408096,2221.8437724582404,2244.8034737169619
379.77466480020649,104300.54694744966,0.35848195245052467,15,8,2.5042116408481006,14.736666357495201,33.659037886510617,0.63003322972264386,0.99019756264805858,2138.4895396502056,1018.8093628698969
360.58663078126341,155554.78604765897,0.64656125022882027,21,9,3.8962081946244194,11.931993092328772,28.022861692913743,0.99970680323433692,0.82969317867983639,2388.092221251095,2401.9063963031108
370.34167147528922,113127.15467520515,0.61910663362581908,15,13,3.1389533024365641,10.19421926720311,29.780462190821051,0.88318422848645306,0.8883188363523945,2515.0300383227031,1769.6380284197946
364.65924756135757,147980.19669155264,0.5499472174693274,17,6,3.7970411291933654,8.059014654824983,25.721276353079023,0.80082041993486186,0.99986570423197996,2666.2358625714437,2673.5583611045331
365.61978350596024,189896.62730176808,0.52193495615326557,20,13,3.5519139681237659,11.376348178059025,24.14706074301715,0.98156457862803503,0.99402341706947306,1768.92217843448,1781.5943602753553
364.40378455680974,170962.33606084203,0.68208260469819226,20,4,2.6500168157163309,15.372709836895442,21.978999063854104,0.98196108542754723,0.44678746072543335,733.6946045508264,721.17206768012352
374.02442291504912,131647.22672003371,0.67226751568950749,19,13,2.2036677823679063,8.5230324993510891,29.994648730044556,0.93218746645947947,0.98247546640973671,2114.3645569067326,1332.0743680983933
351.03391176290063,164599.51676610965,0.54375977472459258,20,11,2.8095529603397256,15.757739548175476,25.100802142245605,0.99958714628277912,0.72650858988989042,1078.9122950125297,1135.873441685301
371.47555423465815,168092.8586339904,0.42110200950008286,15,7,3.0379873127965973,13.125399058566614,30.384471588930801,0.73983564691751402,0.99801078102277951,2214.0533489505024,2208.7964176997216
363.17004621006083,109401.90122169626,0.46087322038049183,21,14,3.1453289678445993,13.682606836194456,28.229735183447943,0.88862621173660961,0.99394302256983391,1868.9747555249614,1900.4823977972774
374.71604058316723,150704.28583672814,0.56730323328647603,17,14,2.0716269182010061,13.919169519105074,34.713862367364982,0.88241718927880552,0.90342436372888968,1981.9104097076806,1933.9868547553458
369.16368330553348,177730.69986858813,0.48847516355934018,20,16,1.5648857363328426,16.916268040319096,32.560781134071661,0.89427280772813345,0.8867882350057138,1242.3502422436779,1237.8583494479644
373.01048412358875,164682.03035587515,0.5806959199203936,21,5,3.4743264376066278,11.811047089351364,22.203943891536419,0.99129804512985931,0.78054879848669434,1412.0959164157159,1385.1795393701582
355.0825435404119,196761.69621205021,0.58895833913287687,16,13,2.3527969868470899,12.959558824396021,32.051779609768083,0.92575035960605245,0.90717574991924532,1970.051693905541,2021.5528796011338
374.68505360063398,178180.99845481239,0.59331613404650674,21,11,3.1706443161101285,11.357152036620375,33.201620305798301,0.90158877750938538,0.9995143859821356,2816.8586222778035,2771.6513054859802
377.71700103925866,192626.66216321336,0.38159549483867772,20,9,2.6403757797373499,11.27897436288743,31.723129777825964,0.59203286788712328,0.9998403304564627,2411.3412943504027,2374.6109946298429
373.26106121696114,135118.26053319458,0.63295226685933403,16,6,3.7695992353987413,13.278847855604184,24.12392050441537,0.99614242103300632,0.66367191383753654,1569.1382781900274,1290.0066512589733
372.786705288485,178812.22065837012,0.61288924013299673,19,9,3.4123998527752235,12.491889186344522,22.587996281710453,0.99942292026704393,0.69951270196499604,1350.4148146659725,1318.9675157256463
362.34457599560477,155371.68310331539,0.31488627978877765,21,20,3.4970577166281753,9.9678541990699507,26.732002067890484,0.45578267316858717,0.92207569811732137,2477.0135632084202,2518.5869893099089
355.820949519468,122899.57452703189,0.3674261379565234,18,14,1.6928799562635273,13.329853296365986,25.071393960291239,0.72106740505409961,0.94407691177317543,1007.2653024653595,1070.8622584853692
379.75088279601692,134990.01736216797,0.62994147962211078,17,10,3.7799674880706244,14.123266910839485,20.532304076409108,0.9993448346310484,0.53769056056174791,928.67417370654391,242.38901165033104
357.83428159201253,113315.61762262444,0.35057791034208824,18,7,3.4691592831257694,10.601245663484672,30.281554146549453,0.53938078312838544,0.99991746534892068,2866.5161453600635,2932.9541532007584
367.48558861302007,179544.65782566293,0.52592086288931505,18,4,3.5656403601793452,8.525619738751379,20.510644633123022,0.90001763839714599,0.99990375505960793,1692.3417965559911,1694.6953862056509
359.2946724292006,164208.62669284441,0.65520671992308466,18,2,3.020976184054422,12.484515287036782,23.540884056610931,0.95238841219118764,0.60798038529232556,1361.0146154994106,1370.5589121618964
352.7029325947924,196565.13773918006,0.34622426627934488,21,6,1.9012954120953236,10.460278854248244,27.399813720139122,0.56000690930243557,0.99997750457216272,1598.1600600803697,1681.7786357795135
377.00239485179185,165580.3985185315,0.32658503204381639,20,11,1.8750792633707538,8.7720963567588921,20.580281061921401,0.56810259096458771,0.99852266336267437,1102.9816197307321,1087.6712193320641
369.92454302113714,124159.49520861705,0.59727560151291192,18,12,1.6446450205847987,16.706247775398779,25.364132874803214,0.99741390914917405,0.61009168000417091,694.3951401712967,604.52604522691718
361.86256978665131,154822.52189829291,0.32279021176279377,20,15,3.7511420656000922,15.397824148909105,26.934508345455168,0.73621197592498855,0.98695846096277395,1742.2810452695426,1793.8544933518083
377.48667402346462,146044.19280053047,0.6618522198252933,20,6,2.8274465744666664,10.123402856597865,32.316478160853251,0.96374067980192624,0.99985471552277883,2594.41714043203,1836.517269380173
372.97643211341762,143162.51732059408,0.36376226034842535,15,9,2.442057173178946,14.037461223411125,27.672385126220707,0.7257580629817626,0.98785046759553541,1494.0913590891957,1490.4650797700638
352.18552698376845,166816.41416341308,0.42214894654937812,17,9,3.5934530267442049,11.66636721043492,30.027334663538419,0.68970500686343394,0.99893988260198419,2698.7602273539633,2783.0525236216872
376.0207077219946,194845.13908549736,0.36078170999498804,18,8,2.3181755902136252,15.23966654730107,24.829919585182761,0.91396075682782785,0.9873183319550719,981.59051656561564,970.69743775130564
376.19260736292347,177453.4822268156,0.44033372181582592,20,15,2.4867265621611816,9.8166632999264003,28.960870829117891,0.66035809192953698,0.98874938525367417,2144.3908790596251,2110.7397825053195
353.59650747451303,186286.87487422107,0.56650439942701303,20,15,3.8741010902487987,15.972966998223665,23.697147718953037,0.99998993612615195,0.6431193874065072,1141.1213232349696,1180.9714540522809
362.07932161238477,134065.29900340157,0.33227242006777741,17,6,3.8792754167194676,11.224689349391818,29.594883892654853,0.53525156059915546,0.99991995332564965,2922.5047028591425,2970.7430833775566
376.9011498794477,103738.13405936572,0.54156394924451468,21,2,1.6111218860106489,8.8551854698025547,30.552829668464994,0.7625369678704802,0.99985616664567534,1793.7099935166423,787.11549030616891
351.35782319468342,177224.42690980033,0.49089826899901878,18,6,2.0316044238535396,8.6904115074800377,30.208359599855427,0.68911329316968617,0.99989073643773441,2087.556070759369,2163.1932165241319
355.43877958352618,114786.72895740026,0.44068759978191041,15,13,2.8082985687632105,14.416771843348057,20.586762804217525,0.99566477104390516,0.79683951846329915,712.86530920141149,757.58794339543101
354.02910961975766,118485.21150072737,0.69732862695865117,15,11,2.5423681703802981,11.098756206209192,33.311152333419841,0.9979791879883172,0.90428952601205315,2385.9624194201174,2429.6824181577563
373.49177765423048,124049.95448623443,0.53604602055539341,19,8,1.9878303599855849,8.7967132100442953,25.838439993545617,0.8123924838496791,0.9993081616242746,1599.2758581122937,1282.7370590748333
354.79690048661405,139572.3250011772,0.42571972670299918,17,2,1.5733321801681688,11.366532146833618,27.656275094752793,0.72265101428185585,0.99980665871982033,1335.0996673568804,1402.2116782285711
363.64463792550595,126326.16852606721,0.5633813464407722,15,3,2.4322309686731227,13.39585327668388,21.928801935817489,0.94854856933467391,0.68196278406279953,897.28473385979203,901.29096796308681
355.45655807806486,184630.73355707387,0.47993235853826577,18,6,3.1214561888496966,12.239147632977994,26.200266659690655,0.90038326944141533,0.99964152816302398,1779.4614536838683,1837.9701187810879
371.17388736840053,134616.82569832922,0.64923051062413972,19,11,3.847273270856328,16.867318862047661,34.530509385632122,0.99991335559939187,0.71799947596439173,2595.1283642370086,2501.9068676492916
374.32846559902117,135498.1363776811,0.53388630780646862,15,9,3.4561211020547375,11.5856418695057,23.166491530410244,0.99829908356926844,0.9304016234175867,1564.7387214974437,1541.6380041116461
365.88288985333543,133918.91308220749,0.6743053098731544,20,14,3.6804343436567275,13.08124698597763,20.854241150717364,0.99998691713037546,0.5192173547076383,1102.7056029908649,1087.9099631554168
359.02994925257281,125563.50768731204,0.52523543725667299,19,11,3.9999553976071947,12.338888797605826,32.581413265793309,0.84466844790937079,0.99874510508417091,3161.6324341368713,3205.9018229466583
363.68882922705211,115319.59170275881,0.45977809507302542,20,13,2.0687747984707547,10.762048464918998,30.102654453733773,0.71305225144339368,0.99539014635320233,1892.9499312737012,1917.5226471724154
371.58479170073514,179661.22839518159,0.32980281840733694,17,4,2.06313723658086,12.295766603598263,21.703919674762954,0.75874112203048116,0.99838931328626368,912.92761602750875,920.1598579667326
357.89904845682395,154670.04112352684,0.65647419940168383,21,11,3.4700461067119828,11.801149356903577,26.249787190311956,0.99989989927266876,0.76399895300199683,1957.638036869012,1978.1865294759937
352.0947871050447,109582.5331781319,0.61976896324097286,21,6,3.2287201028400503,11.250680984635689,32.258168415905985,0.95171998767684685,0.9999710139874689,2719.9470989781544,2786.013023347592
351.39157648953216,139103.38910504195,0.39260442511374338,19,13,1.8012454054564759,11.999503819332693,34.133884455935977,0.60151843973443297,0.99275896797278229,2006.6623074290237,2109.0185289895931
363.94651136569985,186039.60483766656,0.41377526836397216,18,7,2.2773279527325623,14.182581501100483,25.745659305621245,0.91666433815616266,0.99620158360391331,1168.3401662523581,1201.1324121978719
372.30934929257694,175887.193660627,0.33979522458286732,17,13,3.5847059172584546,15.135920344213918,33.260965920619654,0.61089459919114575,0.9848406699197394,2686.3121040165893,2685.8630822960968
355.83721730357837,161130.96971026089,0.5984225270989767,16,10,3.0496291587488398,13.398293179898193,24.998321837539933,0.99952713454218078,0.74884611007782298,1423.97688259305,1457.2433273081715
372.63038320819402,121694.17932482522,0.42003737544176978,21,4,3.8867190243889973,9.1774206940105287,26.032483739961165,0.64875220337067563,0.99999821727668115,2650.0533924042325,2637.4075755326885
368.00104216824332,134279.77822199604,0.30144038733950523,19,5,2.5664011677784075,8.9373733535773923,26.837217059790724,0.45194316110034533,0.99998741125070101,2098.1889922332457,2118.9360744097526
363.21699904608863,152176.47798236075,0.68283324703606763,16,13,2.9179771183821419,11.220703980166327,30.34957813421012,0.99944691935708374,0.85685376119107803,2271.8913065652241,2270.6971018718746
364.89631496656517,106915.1589523726,0.39078961785664917,16,3,3.6165790504313748,15.588735800576739,22.396462632939901,0.92483726926754206,0.84241031808152778,967.41561820260881,988.82620002731801
350.06738865416838,170021.57878323662,0.32721659077611592,18,3,3.0585013714196787,10.445251821300133,26.981779681095752,0.53389520435428672,0.99998861476779988,2188.558209639059,2284.6899346024902
378.98924153567259,101619.66585222499,0.40987366985194706,19,10,1.9112051284648657,13.731462061496666,26.009866189050889,0.73568375528588636,0.88146023294473708,1136.2843340190757,271.31958508658863
359.22185312839775,168464.05482174081,0.44974397059338039,17,15,1.5600257167678135,9.4352083504419824,27.130140384589389,0.6309951919759601,0.89017585767840524,1460.7685229275432,1498.1506757365471
358.79723773943596,168043.47396557918,0.53470755489929922,21,8,2.6846063858730593,13.57133669157761,20.669323981392349,0.99667922728433589,0.70690898825309201,793.27308024041315,816.03413620626429
363.56912212124053,161550.21631339629,0.31840641581832418,21,18,1.6584301396176515,14.947937835155493,20.092086462710093,0.78873735705034065,0.84344455579927513,431.18564245882862,460.36780899243132
362.4645192262924,119127.41205828318,0.41432427383111364,18,4,2.5585426077670617,8.714239625759534,34.462400519909522,0.55454496560165467,0.99998847179611949,2981.3034128682707,3018.0372907085348
354.33533286117267,182151.64675123082,0.38945485662482127,17,8,2.2684513279873806,13.339502971804004,25.883942782182221,0.79981956529084564,0.99644792199328658,1290.4551349308529,1362.8934239506239
357.20107594260998,161586.61764177255,0.40027477507684756,16,2,2.2723258408383278,8.7456047403926984,25.00991030495377,0.61547947303812078,0.99994293906971499,1719.5553834087477,1771.2711253007744
357.22397664907572,194588.93048165407,0.34232485382671385,15,7,2.2202253473578297,8.7760800911276977,24.466796172583379,0.53307889420849031,0.99872272609776225,1647.8363207007376,1704.8840228027061
364.64322192802712,120688.07220864863,0.60401925239843279,19,11,2.4701882367942893,10.598869475004204,32.65689571711323,0.89291057078645797,0.99728587495376642,2370.5152088883001,2375.0247324737916
379.4439037211863,160771.76439544666,0.53375218480199205,20,9,3.1820224300994795,16.00996656681782,27.828790637333313,0.99893152174026689,0.80962901338753157,1498.4607906423735,1442.5683960780218
356.3391778445752,175360.635253413,0.49536389250632551,20,4,1.5137713558838104,14.974562855407392,25.649770177970534,0.92414240063397235,0.81031339200532393,826.13506965028762,871.05962628700058
353.81228163343496,172926.98157579431,0.54479800041075699,21,10,3.4096339999688636,10.531076012256126,21.177157700197846,0.99964604399785117,0.91495483459612093,1423.0160738945656,1467.8598081606692
360.77759566872737,107172.93415764277,0.45009394650767892,15,11,3.6641983490615919,15.045132980135332,32.001843948290613,0.82759369208986089,0.9753606624140263,2477.8081081699065,2524.1692989223893
378.45279834137426,172636.32861708099,0.64910692590005081,15,9,3.0633940233092574,12.033140989025654,32.268562074344871,0.998473640623318,0.93849842940185035,2493.0395489617681,2423.5469495651323
350.28404903285394,157808.89952585468,0.4545064112535242,20,15,3.9220477760953587,15.954321149532367,27.370118865538444,0.99995053189168326,0.93584779771138382,1703.1026613516794,1789.4225915160944
354.09624487051099,137177.72383610075,0.43296013318133852,21,9,3.3794031860641685,16.194413634155605,21.97350214059162,0.99819316185820606,0.76874648129270384,767.41177654313151,819.43600533593974
353.85772351394769,176019.20906555056,0.65731221847048904,20,2,3.9868697609427399,9.0590980305066786,26.416287486858799,0.96958740032250323,0.94101855076961571,2640.5617203641809,2681.1752384522379
350.58170124461952,148718.40712733372,0.62495701893184186,16,10,3.6683670893230165,10.737300876703719,28.105135247490896,0.99822086813781341,0.97867819059778571,2458.4558793524225,2522.6057606495074
352.94620683017939,148409.09031516328,0.52825374544994919,18,9,2.5640217486663515,12.948873417531081,25.244392526200691,0.99801328818002322,0.91781014669060901,1328.7966444653398,1387.7820353663503
363.39004274145702,179609.04965697258,0.5009856230728571,20,11,3.3391944017719295,11.574031868270612,29.615572569421758,0.82190983097288184,0.99914529508354732,2454.9766135464897,2478.1299851086528
378.69244559921901,139619.36583121945,0.43374959478714326,16,15,3.4784571990968924,13.322207559153069,33.408867796128092,0.64203625304920986,0.88029883810944887,2896.7926314872593,2839.3741415158884
369.60571379408509,132388.85350585822,0.3049641731065531,16,15,3.4158702221140436,13.272199310479779,24.806478421069439,0.54307829984579248,0.90196981136575305,1659.3248654451475,1671.3867473809717
373.82777808591618,192976.26850311129,0.47072072668879011,16,10,3.6446714956858992,8.0750575453108446,30.985588670692216,0.63561349483732754,0.99711082388753969,3429.4654826231636,3399.0872397157045
379.68762556664069,183824.10167700361,0.5083113537569427,18,13,3.5865671344213501,16.573253499694289,32.231690970541301,0.99955328238080299,0.9558948861585419,2177.0199183216587,2122.0900838692969
371.70164500837291,156149.45914246218,0.61479329710745256,21,8,2.9591704036722284,14.995780238775435,33.884216710314725,0.99863313649957119,0.86865769601406617,2267.3217421781619,2232.4153588085373
355.44395049423628,183652.20005837112,0.38487785476896808,16,13,1.9897076212877289,12.601863391102228,34.338450207602442,0.58286614598937569,0.95662545799585574,2107.7799760442713,2188.7944723447777
350.30419635629477,121580.25924783078,0.34673977496434921,17,2,3.6666809708143964,16.365085046200587,25.774260279561513,0.87543198575655057,0.9572493253521015,1364.1885599401558,1458.8367622797498
370.10325807034656,142745.7885661886,0.59907183056629187,21,20,1.7870206449027268,13.891742955712482,31.044904908498239,0.84324463829244556,0.7024572720162181,1493.7289911077494,1462.1904503109138
374.83929017093465,126784.88016396019,0.54008187232803639,20,4,2.0453052648332926,15.944673818325471,33.218825881413103,0.93700105586342375,0.88996511195281236,1615.411408373885,1094.4092612034985
361.57893840419081,192999.81967857631,0.54290171129267428,17,4,3.445889725663803,15.44426865538129,30.087400152693689,0.98168520492901556,0.87310006406297047,1980.9855791844384,2006.7135722219691
372.72010771120438,187340.88083736971,0.36785689523834281,17,14,2.7297207182322416,10.968812116225163,20.315612608674268,0.73351612284388668,0.94373573793965615,1108.5375289287658,1105.0353928818172
350.49082414859481,152075.7239274396,0.68326502196295102,21,9,1.6986273054713976,9.4897075273137119,27.093781465645314,0.99737979186203418,0.89939252855294249,1440.7445076794836,1492.0620633966291
372.93246461696106,153610.69500502766,0.44269798192526116,19,15,2.9367195183318353,13.239036042771318,31.315300171277627,0.7482978790243715,0.97459689315644993,2257.8654505420409,2240.7649259969367
361.24172096558925,115447.23271749077,0.57757870284920187,15,9,2.0438667989606194,12.454504384909061,22.57437265232409,0.99628993054310389,0.76264069760292852,934.40178684210616,948.32592326547797
357.02253611855792,137704.36363400944,0.69390568403677966,18,16,2.1432918981873859,10.511251148547629,26.428573804494725,0.99799026598861151,0.76655815751282752,1517.1487912082921,1536.9785373053858
372.41504735821627,119177.8701794364,0.66157575610961872,17,3,2.4599731300670218,13.069323796391638,32.686134710163408,0.94522096511928722,0.76420097090890871,2080.871501777393,1021.0687176920304
373.53740018606993,102400.61956048802,0.48480712487480621,17,14,1.6401245828000632,10.374516585106271,31.204477954425137,0.68410759203396021,0.91534932208815067,1761.0651755289302,741.6362072097786
363.74743595682429,120724.04224367758,0.36312594271994159,20,10,2.9396927158987118,10.280209797822502,33.023180196980562,0.52718558085637623,0.9998231844418658,2923.8892967151078,2961.9545866464696
364.05936814210816,181763.73864004604,0.44183957012635944,16,7,3.9012306630892666,16.177079236288126,27.728108865722596,0.99570594747191654,0.95366985862516684,1717.5678164034546,1748.2387179597586
371.56313273784849,193925.8146264503,0.34923145118164739,20,4,1.6326697740673568,16.7941388977017,32.19254874822802,0.72971336146690458,0.99962128396919825,1289.8170697260218,1296.3006349181696
357.29181391072547,200921.49544043496,0.63243053479630684,16,10,2.0381085028183996,13.670642245584933,25.739330845763597,0.99854881485367453,0.69078333496908073,1111.6908633496021,1134.8283437191581
369.43597260349708,124302.67720565796,0.42757725009662589,18,3,2.8222300502493654,8.8808087064781258,33.98961709320993,0.57880644733554976,0.99999306273664201,3114.2386483763116,3110.5491567745812
358.74560729902498,157730.9944941102,0.41042550934125921,16,3,3.4910865616764655,16.782178989914794,24.775758736620546,0.93147683756165922,0.83774783804844566,1103.6227587719477,1149.0054664545778
361.02088797954883,154428.53899973497,0.41445063360534479,20,15,3.6386148064813799,12.817800036780442,28.06012903742964,0.75395116170110232,0.98917347982567616,2241.4163618874513,2284.6890824903921
360.31987061224874,181486.55587011384,0.39684364022869167,18,7,1.6554414174948391,11.774586501496186,21.490017012341422,0.86769463987747308,0.99164887682304237,802.63472582641259,843.03873324295216
367.83250547160975,115696.82660233756,0.31057096283021579,15,11,1.8174194362045202,12.517604972379564,25.641010715708141,0.5769439110552127,0.96869242698337976,1200.0466182666191,1221.7183583353403
354.36398082080484,114983.17994739917,0.51811047860606441,16,14,3.755380389728217,8.4163708391973611,24.287040507645365,0.75557504026433031,0.92958390672389235,2391.9699597914719,2438.5245655813401
354.37371302432553,201293.60122058558,0.69306834246392124,20,15,2.8806005960899714,13.473440512074827,23.87709723127638,0.99998513121517119,0.54392025628702156,1223.6866616035327,1246.651498005416
359.275300259723,106399.91913477231,0.47448881332934312,16,2,1.6284914744964296,13.637599194681551,27.385847055081207,0.8650784778206384,0.91928887327073139,1124.8031180192224,1166.1605974722027
368.90097243306741,134465.04587416013,0.33599572725097138,21,6,1.6377259726846711,12.469879545742589,24.869819696948312,0.67363326801366163,0.9997458298746158,1048.8906818769153,1065.2296320935534
369.41265969424632,143224.94525927468,0.58579182363794735,15,3,3.3323492634462579,8.4933226635038501,28.346196253102363,0.83632466326560129,0.99979892323039998,2690.6136852454611,2673.765805784893
359.75934092362382,195472.99609466232,0.61235003507432983,18,11,2.3872007451220574,16.595072476873675,27.822081812299828,0.99947533082801054,0.64954972348883711,1152.758513569737,1168.5454723593466
376.73079221590922,123702.41266719747,0.30164616825278512,18,8,3.9306220363824576,8.9088305626352451,27.77518560800943,0.44403976230404013,0.99990231861844125,3059.5010362917119,3040.5094277581416
377.78627222510812,157516.50929540003,0.69607066145045871,21,12,1.7098846486594457,8.5857039323061262,27.310890063518144,0.99823923225014088,0.96285645027224376,1538.6044376938389,1076.2573673638071
350.29494305494939,188266.56295201718,0.41280032932230593,18,4,2.6558775056561199,13.703044262147063,32.347911884967658,0.71614642455730981,0.99993954476777158,2173.0136384448401,2276.2186361941608
379.71352774158748,164112.56234636676,0.50450949674539391,19,10,3.1320015730174884,11.381262751016887,28.458387767981456,0.84001949614901006,0.99890340204835593,2205.9910136579606,2154.2966343662579
361.16407504248156,115417.61131862951,0.31888991057125693,21,8,3.8845208877485806,15.006150805131137,34.274551713897168,0.56721833679217915,0.99997146956201677,3058.0624396960679,3123.2294151484298
356.61961217279526,163936.14728857556,0.44332953447568985,20,12,2.1372059181183758,13.044083191883324,28.522633010851045,0.81270203985291711,0.99498150241798067,1525.1238332413677,1586.2960389729474
368.72747711286763,136143.78217093411,0.61801311871087172,21,12,3.7567597359454226,9.314157596380058,22.862869752395373,0.99994787627233228,0.93763224204033235,1953.4316508221093,1942.3009421465808
366.2305687320561,153425.28699991203,0.58811308572881216,17,7,3.2755016531459993,15.425376234657305,30.433950312307083,0.99753328797401586,0.81024623938010143,1946.0004555787807,1941.7782753381184
374.37113650487788,125419.38750340002,0.40898174832713868,15,6,2.8342703571729846,15.933417925603417,27.954682502620706,0.93830378441614226,0.99033206376524241,1415.0640827176562,1404.731171644909
370.53781787226342,144855.35407558392,0.58373627784388904,19,3,3.8553051959356006,15.333861784680217,22.86500539645553,0.96622532613696321,0.60412081939867568,1116.2673445374951,1092.3985737460789
352.14468647814107,170446.27531769389,0.43397631483201071,19,7,1.8232534158578702,11.955406272802225,20.292970291170278,0.96521329102330544,0.93652681924042114,718.73847794115977,778.50618433546379
379.0142835238363,168774.2025300723,0.42431754110575848,16,7,3.8609651777971532,8.9236008196229122,26.85449556441954,0.63530560682224124,0.9996358758019851,2809.1681152290448,2767.3158887456239
374.07379600998189,154228.45855807696,0.6593619562303159,17,10,2.7248017118672383,12.696154450592656,20.818178028659048,0.9994997636367573,0.55823168872300155,917.06147757306098,877.66857537164174
351.22835369598045,201414.26132597344,0.46943220387670781,16,12,2.3109773837457461,14.882855328093681,33.795988712325219,0.80722510655397894,0.95985477373307837,1968.5369490067749,2062.0083614845098
361.14981701647389,189812.48657076666,0.35303335181882917,19,13,3.3504144816370283,16.968039969484806,28.31685752892022,0.86010663265271692,0.986079233505188,1538.1103921517149,1593.8547011056626
355.81587470313809,147698.651440152,0.50731524365847702,20,5,2.7986648834343058,15.153628595226271,21.88747129596652,0.97954193800053269,0.70252836296922083,778.71518863745052,815.12493988829965
354.54026222281635,157129.9149830715,0.54133457519660444,16,12,3.6676021251218711,10.346889840478026,30.454988269850141,0.80960046686480758,0.9800173548947696,2949.3032133896431,3006.5498080278112
368.74900167463767,117191.67934641828,0.53813065514390535,21,13,3.9487413126950033,15.327997353140731,25.933984155375036,0.99996400667458063,0.78142877030890867,1590.8647480836153,1581.636311621849
374.29884468444106,185920.22927561274,0.40668634163986561,18,11,3.3284452699307723,10.177897049049333,23.814024186166481,0.7081031223230756,0.99714739334363833,1883.7929323233827,1869.6464107735524
375.07028755712338,115988.84182187298,0.59098627575054752,17,10,2.1713437117106951,16.219888232684177,21.563107289878236,0.99306902279976328,0.54146939630949198,514.37646987511789,-196.21589153949725
362.16233310251141,200880.31848728767,0.48618411547214913,16,4,3.7321364262337502,9.2172216404155929,32.1770263817683,0.68134139913591096,0.99994513803190599,3480.5923719674029,3508.0621176762074
371.37307409233091,156694.20068871297,0.44902229426830176,15,5,1.6013519745989946,10.823734519829385,23.391843777972667,0.8311771239626552,0.99470246409617835,1023.6581618690136,1019.015427119597
371.5482288307316,186809.10421653761,0.50562175494321693,18,16,3.00358589895353,8.3933896226856817,20.321241723658165,0.79375047040425362,0.9038891674012195,1504.4847884098572,1490.6404397015774
357.39647299572198,198444.73862556147,0.66550567802385063,21,17,2.7670604821808604,9.0813988526749423,28.894250702918157,0.95277201072712092,0.9611469187652899,2284.7326708876708,2312.6083040171698
353.72010649506007,166432.30901174806,0.37600533043196049,17,15,3.573950327104245,11.831020320564983,23.755719684448895,0.68321097774163964,0.93362660012165555,1746.8437701946614,1812.4963252335895
376.96689010636737,117311.02950337634,0.61867009308344523,15,13,3.1935566892045193,15.5182575085304,30.980459633262576,0.99936736083923572,0.76067893442184042,1965.6112364705209,945.59736257598388
376.17775495439196,198198.77080688981,0.32360104686158447,16,7,2.2861257169265112,14.802666998198102,34.146673958199877,0.57039576710654227,0.99890733860947389,2064.6859537917862,2044.6264248989005
359.36913953676316,145594.20754012463,0.64382233427723667,21,12,2.8084176341343756,9.84517526639587,33.008205994606584,0.91707123384428357,0.99896762794337224,2719.4624505973111,2744.8773457016132
364.86996967343146,129160.04511097196,0.67476737616290361,16,14,3.299327231559511,14.051492551904866,25.566409699957077,0.99994020511000348,0.59170684318757039,1500.5515728290704,1487.7726775595991
369.49048333196924,151679.18302724519,0.63167143250042801,15,5,2.3794137080577578,15.38264453412576,29.892163048285134,0.98720877193586154,0.70368489608550044,1490.3000784609787,1461.824715505722
362.08795781062355,201032.76943141629,0.4709830172369488,21,19,3.4751958370729641,8.6171437610309312,26.129057853417031,0.67162484453212257,0.93672765392740653,2513.8732902837919,2537.0718493658846
368.85831773786725,116848.25928980006,0.50795281174373164,17,15,2.3559126254819547,12.968794272582883,20.12400618446479,0.99751522607944321,0.7621608087269216,728.20111734505588,722.61168649585545
355.61627870994448,165960.87441930166,0.48977655432139361,18,2,3.7160404622175456,9.6499459918774413,31.821203899591325,0.70294736781181766,0.99999205338632624,3339.6075490137532,3398.9984420755136
355.34076678758055,199955.65974270739,0.51630686016401284,20,6,1.5508533064435175,14.406739639351489,32.363530796374441,0.92961324791672661,0.99877850743777707,1408.6414022878805,1476.1500384647341
371.79003193268557,166377.96126024215,0.43695218704349925,21,2,3.8638386024222733,8.5808769646784651,31.568595857635884,0.6000940233227916,0.9999995563191747,3619.1366562102339,3602.8336692958183
373.90619239185293,196447.48570962765,0.64076065380813585,17,5,3.0768348696723899,11.603332110465193,26.709410107759481,0.99264707650407735,0.817342309618592,1869.6013543163242,1828.078830778468
374.8467779106399,167624.89476547361,0.68597837352689583,20,9,3.2963226266378332,9.2324601227619958,20.051460767356428,0.99959802010695309,0.68153361199185492,1408.9835690667858,1368.8185405609156
376.8490083769704,124971.3512876427,0.50112952062471894,18,8,1.9971236585032304,15.730988397530741,30.940186036513275,0.93957018563225547,0.92277466711958289,1399.0861092376053,727.09608927138231
363.0209723157347,196581.73386080691,0.55815251220502859,21,16,3.977118908985108,15.759172991260501,28.381582996266232,0.99999456854237545,0.79575293329196473,1899.7368752886373,1913.9245076680866
370.12778801327465,109332.19727191246,0.38614425706578304,15,4,1.9462519980150206,9.6654333932229477,30.526844943574091,0.56495161529379057,0.99978404616865335,1997.5705525055473,1998.4262344111517
356.0399588439567,177367.96007274347,0.63017949067573653,21,19,1.6137663132866222,12.470052201442446,29.970310444585191,0.9133684444935718,0.76720506718040482,1411.1144137877704,1444.2325709280635
357.23879941005202,104365.976640134,0.59585981773088048,17,2,3.1332290099432671,12.078703001630821,24.324158553415518,0.94504626909837253,0.7582431039716272,1551.7604908397154,1578.6016537812036
360.49199623297062,148012.7771230503,0.3994497028545087,21,16,3.4267327502277052,10.285720972098281,25.537866245607319,0.66306086652410856,0.99146316007971191,2168.24217909961,2209.2950620159922
357.65399603846203,178297.86636485101,0.50042759028575112,18,10,1.9636366402161323,16.131780460904714,22.674325449308064,0.99516357940569766,0.70021996631739458,588.31548832900501,620.33416358621014
360.60128612535601,108241.92688796406,0.57320093526461513,17,13,2.2514766343914951,16.478402433675903,25.656646802039653,0.99963171348835023,0.66431424655991433,904.60491303494791,920.45407847688307
375.32132377518866,176745.7919640379,0.38050796823550076,17,12,2.0909547172126461,11.175578170291883,28.081263172201002,0.62264616875427614,0.98578205663582352,1686.8100355540837,1666.275652637044
355.90709196956692,124796.05544165798,0.58362201070836217,16,4,1.8004797612808086,16.974645586187787,21.366951008770592,0.95338309601280968,0.5120560603871549,376.49213147371393,400.47290298477827
379.84151691626829,115172.29454414042,0.43914476968531718,17,10,2.9011307004157598,16.696731173402505,26.559028300016202,0.93250288483882571,0.85226492673674137,1182.5220002341657,299.94754963825187
352.0726884551359,122657.49003157092,0.32753761101138668,21,3,2.4570049545674917,9.954565002894757,31.589153186787925,0.47825226002045429,0.99999903648293853,2452.3713961847134,2552.4127488217514
373.85810611766675,158214.60350724717,0.50586190161425393,21,15,1.8917155062939113,15.632742243971091,26.239569211678845,0.9991981238572496,0.82888199878540569,929.82404490174713,904.4839236815676
375.4334508015092,173961.01123751406,0.6046671006006501,17,2,1.6246651376347672,9.9715506715968019,31.472108961426237,0.88496844287644738,0.99963766900601791,1750.1828122300062,1701.0143687876048
363.58629858508533,173991.26478835402,0.6355581581854377,19,8,3.7964168284680926,14.379601841540822,20.306862899706168,0.99900685643909481,0.51425495344013061,861.88330031938369,857.24842491615891
379.06212774862632,174634.6665985474,0.43144271894443903,16,10,2.7176140360872325,15.226982496693257,23.155795510781836,0.99691330562166935,0.86301019293347736,894.01998156136028,860.53283310867414
366.26237213712295,103939.1284374017,0.55080554788739988,18,9,2.4001722184022292,8.610434430819673,34.743088963224125,0.73205353760024749,0.99927791611607764,2826.1200690376913,2521.1084896778616
370.01700782111243,201599.65260737465,0.38643258626884747,16,7,2.3358976522216408,9.962850836458081,34.950055430531528,0.54032246734195521,0.99952806424532159,2716.3367574001818,2716.5273384199932
352.79771812357836,195496.0869784845,0.30329054065114996,15,3,2.2026033951167965,14.392096042805861,29.078341830036763,0.60007430700566555,0.99955707793025683,1522.4553618760383,1620.2910985463063
373.98804339437652,147924.83007886237,0.43884890650724162,20,13,3.3554654163725823,11.942314309620444,24.394648339859977,0.85480257659326375,0.99488694241119047,1691.2118255518224,1678.0497285378033
357.16847005922739,143903.3743264557,0.65662798463178862,21,8,1.9229836901419255,12.351645409472122,30.498661182049503,0.99656667358111661,0.84278618900410762,1608.9364164717297,1638.6022918714805
366.40342124652744,199857.40333461872,0.66877083298010009,17,11,1.6680512459132437,10.361242430451904,24.062668083532557,0.99821554010843294,0.76688188576423211,1108.4399219438401,1095.0203003525953
370.44718493611418,150870.90681525317,0.60141981748781159,16,8,2.8667975318773951,16.010893296600734,31.144092080634596,0.99821098829758703,0.77362171050866502,1774.3316836595907,1746.4311538477482
355.39185721840329,169738.37648168576,0.69652848761410535,17,5,2.4110802011918651,8.2394161936852228,30.535959052651169,0.95381982207285032,0.99962489220462536,2327.6752535839537,2362.5715634765361
358.90833757610449,170300.12463080947,0.57419078443363492,21,20,2.3125087684777141,14.779982329984186,27.534663757788792,0.91185316998552168,0.71718148027923945,1303.7765416793284,1327.9317273084625
361.68059905862464,181015.01688894007,0.58827904289924182,20,10,3.7686744215864878,8.3148836827524395,20.467540612350003,0.99033889516487561,0.99926418980808751,1760.183771787802,1776.9676310314658
351.79065317290866,152274.85447615484,0.36957698249337745,17,3,2.3156899824485602,10.044773391477658,33.647519454335566,0.52685261730862121,0.99998151848564154,2553.8947443546926,2654.7508155537607
378.68986006163988,191460.88464416761,0.46328659394027349,20,5,2.6584426921959698,13.981718023649286,25.025947543038498,0.97428041595583903,0.94032211234470542,1231.3914416783944,1196.4532260631338
366.78636874027382,186536.41602789384,0.34642350308827907,17,8,1.8123407903759154,16.025612000219343,26.433964106705488,0.84490253343163069,0.97732903524106329,914.34802023254701,942.52520914168065
364.38800481389183,136021.92811077062,0.31360765345103153,17,7,1.8732580489129409,11.74065482774547,28.098291664828217,0.53822142893806779,0.99933414303170554,1531.9518585152794,1570.7421231813589
375.71302922240136,107611.29881536959,0.30452176273296977,18,7,3.2831150720903874,11.317414811241168,22.339647232284605,0.61679619441786471,0.99960635659348096,1525.0459297516704,1292.8123677785629
370.25832176329487,122074.47506573128,0.47501335016654178,21,16,3.8063054479901393,9.2529783634152167,22.697392854689337,0.79491258983728541,0.98973689295439105,2035.3950205986773,2030.6545940281799
364.27362462462094,121507.350861139,0.47787269801069332,17,9,2.1760796119646386,9.266707859019613,31.132447421160734,0.67971643458026842,0.99839610942766044,2225.2513044954367,2243.0759885918901
355.16909679249818,116727.40667467838,0.36840353679824783,15,12,3.8931755901298062,16.846168472464274,33.996010528610093,0.69763987892290857,0.96676946567759892,2682.2611893720928,2772.1121718063223
370.98125384584591,196913.01369542885,0.55007172123855219,21,8,3.7763117999519742,12.044901442947285,25.964802233336869,0.99898163985397104,0.96875091282316617,2015.6212411700574,2003.2060820870845
371.13802935890294,153454.79548561139,0.60797814293887686,19,16,3.2807890703765628,16.196824361880228,29.012401159108805,0.99998406833562858,0.70219944940417378,1662.8287501871691,1630.6067586610775
377.45105667116638,113808.08200370027,0.51774208457408255,17,8,3.3696932719157511,11.071463655826387,34.787179242592387,0.75905847722725339,0.99916761201592419,3282.7002239427384,2135.8537647958333
356.56032871316665,171060.43174912949,0.31800678507481084,19,13,3.2742440650907394,13.441836031241731,34.412796845293045,0.51985407103870684,0.99689983156729844,2927.2233039394664,3016.1160624101949
359.41353369245934,110362.09184715367,0.37392429774126856,18,4,1.9005740829571494,13.055518638784772,32.087867828352785,0.63036936795448639,0.99992033881379072,1780.3268825047116,1841.5132885348523
359.95107785936028,193295.57356566266,0.52130592474712645,16,8,3.5337858910379554,11.043013547731103,29.52397753236535,0.83189075654595246,0.9984706481740121,2623.1221390481719,2659.0249953428338
355.20423279226952,194577.71285168664,0.3549274979907992,15,7,3.0549492587373974,10.845609161780965,23.561916274350097,0.65620216000210752,0.99831116212521032,1657.4185432077202,1721.3593481888556
375.44518687036594,145289.83673759742,0.38243807609256886,19,2,3.6739171811226989,16.685996418999039,26.402603900878507,0.88085007779241553,0.90782397485190347,1409.5578550226687,1392.9197902582168
364.93878271987137,167950.96704771015,0.37323069552979304,16,4,3.9538289432249321,9.0904421502731001,26.069456512247889,0.57303120955296738,0.99995364792419761,2731.1653402843272,2756.0341319464233
356.49979813680045,126871.92406171837,0.39784808237508312,16,11,3.2397435945903776,9.3726119223426156,22.678508624491982,0.67139913995969847,0.99049904628718621,1809.651405795378,1860.817663384631
360.56623803812369,195868.75126274937,0.45792294384293392,21,17,3.2383283498440845,8.007935824795597,22.037645658183678,0.70846958234466451,0.98111233925027919,1897.7157081287439,1926.1801183011007
374.47645108162726,173100.36750855373,0.53148472326584995,21,11,2.5705793462335502,14.496610263501113,33.874052807818657,0.928032443195143,0.99863158961615928,2128.4102015477706,2095.0205906539668
369.6418635557647,133673.3916037248,0.68677214121531638,16,4,2.3409450585989338,12.019750307933776,24.586840488278234,0.98322651257144178,0.62318140422651069,1277.1764517001243,1246.2424058069589
353.66703253046006,181415.19678973113,0.60873766523311112,20,6,1.9455819037563238,8.818093862528956,33.365054086858898,0.82740362364110809,0.99995886519810306,2265.3346473248025,2321.0763746443422
369.7716592255382,148496.40464306227,0.49969152571817776,19,10,3.7129456752715382,12.830541919490109,23.102194953710864,0.99959372951257019,0.90049370347301883,1467.4225122912169,1463.564858731494
369.5761899892409,169890.86769125267,0.55184342613262594,18,6,2.7632985893947222,15.368811775889625,20.778210673682956,0.98912130310403912,0.60206607521986233,618.47154132102366,602.43180822061959
376.93390657282151,176552.77098189999,0.40337100643399371,17,10,2.1733682438153159,15.35451156105777,21.168114936367196,0.9867045179710151,0.81749547591765004,560.77962954991369,538.10061849585145
358.59375896646816,187192.03213533276,0.30974094056183205,21,18,3.64828898755521,11.039888802893408,30.908475365842914,0.47144117478211567,0.98127163368729153,3030.1852747308799,3099.6063747764074
371.20231380910718,196802.84928175763,0.6261949797256825,19,16,3.1295685406388101,13.528780921872603,28.980254027599123,0.99996575094145845,0.80074434085904977,1934.0240487323065,1902.6077615558656
358.38814899747638,154103.30563076527,0.64724508063422748,21,12,3.6397027866331406,10.364017800844749,28.104761767899507,0.99994822321040766,0.95660524993617302,2494.887372130484,2522.305159532224
361.90830785141247,151728.77043901791,0.31428372222844064,21,2,2.0608389364959079,8.9128147132898743,24.277799585306923,0.49659289515728472,0.9999982088935554,1539.4115960695008,1580.9445085544473
372.28558713044299,125467.24795302398,0.36449202097795219,18,14,1.6399057459233199,8.5097459670788353,30.977517952980715,0.49545047109027118,0.98126886956139325,1941.680264630025,1932.551295558301
369.51378737962051,118631.05204555372,0.44006602805055023,18,7,2.5769880437743797,9.4582796946597654,32.337490915631633,0.62193644269343185,0.99987019053995618,2642.0300117933789,2638.147957814906
375.09593079487138,104753.5707902267,0.34241576945167768,16,15,3.9776717968231559,16.098017199537722,22.900885890922922,0.8057547251325462,0.85339491671757794,1064.7491525074295,632.61919623142717
362.3316212678522,190094.56044193398,0.69692203957543486,18,16,3.5220908781422415,10.769069871458257,23.0206466867964,0.99998373847890309,0.64787398495052362,1679.2556835125545,1675.6122414011397
378.40820035142741,169334.28475119395,0.41078077483163866,15,9,2.6570545883567789,9.9578193188783803,29.391617941065512,0.61882684275016975,0.99524283807550318,2295.2736540712262,2253.8815106113534
352.80134306006198,110336.49764689547,0.51587272036113119,18,13,3.2485427677791456,11.564947580620622,28.665346791271748,0.85507892675349961,0.98562436998503367,2265.3648423485643,2333.0696398534692
352.21413597682221,123591.9567206834,0.40940766301214426,19,7,3.8776939480201622,8.905062437255431,23.64837790626957,0.6566621555958041,0.99994834466036686,2311.3697328777475,2378.6106226552342
373.63491738508219,102975.93586007023,0.45517743217633605,19,7,1.5766358440155797,10.204790433456559,32.837682695334166,0.65978431756147182,0.99861197600866092,1873.5908171324843,802.95618574054481
360.00331896129683,131916.36385326728,0.63263364811780254,16,6,3.010196668299705,10.296923342546412,26.872971507372785,0.99574424027735375,0.95196800910136259,2016.6527841389395,2037.9913905477244
366.87406274716557,120401.15662628839,0.53683358130872572,17,14,2.6315313558570876,9.2442307749466188,23.972303776485987,0.83404950808420542,0.9366346257743059,1673.8243312905697,1673.5271183146788
352.89319515297336,150185.34447840913,0.589198086185442,18,15,1.6373252524256203,16.151752809987286,21.526635445326864,0.99923770756694796,0.54725205033158342,429.7229514217297,464.06056728643819
373.52906383051493,199206.73917043192,0.42739824633402668,19,11,1.7392586759361868,15.251857143875146,21.851705765627187,0.96900227842957054,0.8069687322954846,551.57914286607047,537.54048642722887
360.79900932516858,177499.12183256881,0.68465836481600606,20,19,2.2043732494974382,9.6245737715068156,28.23355868306875,0.89269862374256514,0.71754205456529918,1846.7441584143467,1849.2663493962307
355.54219695566326,150617.72254208525,0.53339537936209791,17,12,1.6358533376827928,15.124649228649517,24.572306728089373,0.99459323567355262,0.75469414982398753,755.679595768632,796.68198415481584
362.4982692261824,151380.81930274266,0.52371334857989416,16,9,3.004794424758197,13.514777479660594,33.27946174059737,0.87845492887030929,0.99508753271697026,2457.7973272819177,2486.7923115823473
354.92107107746,135671.98459484713,0.64970063437035641,19,5,3.5720874308381481,12.263518840866871,28.508616268189446,0.9947179990018109,0.8073184941786149,2253.8107472470692,2290.8722021833355
369.50204342395625,122592.87168827219,0.52066542947925565,20,16,3.0859281533114897,15.261598399577942,22.535292117931085,0.99997897041235095,0.70777511070645605,900.8068971927122,889.40301208744972
377.57347412865306,196176.48576022097,0.62130828852757891,20,6,2.8361569025978248,8.0033321976733074,30.532187602178745,0.84201994926902712,0.9999771747663071,2700.9389893568041,2638.1615096979358
352.24664026421806,198129.28841282183,0.64318461590402354,16,10,2.7896508374121742,13.797082495074758,34.694364297671413,0.99930788673315962,0.89626802906087044,2400.7026032818744,2464.2824785900921
379.04381060210699,124687.69222717576,0.44045474184977573,19,6,2.2446828243018513,12.069705147839478,33.877732065509882,0.68411927879372669,0.99980596993060167,2265.9559736918154,1455.4325490788638
350.32328318886147,165799.78758885828,0.61112324187255296,21,7,1.6232331756858931,13.199648990473081,22.686057281170999,0.9873041943988925,0.65923207038287701,756.32585892792565,801.54716645786732
356.55463852665605,182238.96128690857,0.4242068041169737,19,9,1.8300556360216449,16.215800280178804,26.293211571284669,0.97418107678342281,0.91755352863229034,869.19445806229135,929.19569478018184
366.66738679931376,180714.9827535348,0.61770506844606166,19,14,2.2503872706203509,9.3612813742581196,30.815583456142612,0.87797729339909414,0.9787015953656949,2165.5295313780084,2156.5194778827308
379.8956191802796,139536.00021893636,0.35753887710450472,20,9,1.9869185180144471,15.842480368889627,22.043313394467493,0.93509524191544435,0.86852041474485198,568.97204463317655,540.37548879635915
373.79188649447724,184549.68212225576,0.5608393945011183,21,10,2.0694294222441636,13.821372066483075,32.660610949970135,0.97097224398613058,0.99815736255633081,1763.5372452302802,1732.1058139888053
364.1387355028599,112392.27528521529,0.39217356835059208,15,5,1.6435626963208876,11.882133374818663,25.550700124071771,0.73076253877400055,0.99731491556916885,1149.4793599350935,1179.1683150845975
354.89362064244858,111768.95768642372,0.49483931726026625,19,16,1.814274745358903,8.650679528948702,24.247465367476671,0.73093088826792463,0.93081423993520784,1396.3013701146285,1443.3273996972491
374.50820083610165,101901.85500110534,0.30772840155542908,19,13,3.5988303502577654,13.600176104159177,21.323752589327633,0.8142720565478847,0.97992488540081635,1115.2778116008485,807.60101936967794
359.01017875103287,125333.49833664119,0.59458007695565307,17,4,2.4157088676478597,16.906800224329718,32.950753433022534,0.97580125639178894,0.76722754711548402,1669.6222647477805,1698.3890558420919
356.48409824107034,149115.78212887066,0.3746366470170378,21,17,3.6207231384309582,13.815143266687702,30.91517672846102,0.6638684679238378,0.98338749700439898,2537.1963626937713,2610.8441145251618
374.64927025593317,175859.59168003686,0.63131415550447101,17,9,2.6031594178685111,9.0635260083477593,32.671171866441689,0.87290659453621333,0.99796565326459774,2643.9197755631708,2591.8533610010641
367.76600795418767,163115.17578397365,0.54521837044085919,15,13,3.3609035740179958,11.611197441542613,33.727138827090215,0.78759933791310777,0.91644689919902589,3041.4902606189735,3032.1470682409686
376.22547562714453,158536.77023037372,0.55702761737646578,18,16,2.6255434919981644,11.432690058174863,30.467685653261228,0.82262196385572772,0.88513749383752016,2163.9137139149425,2113.2616400964002
375.04078894108568,126983.53623566046,0.50505314790314049,15,11,2.471503320300565,10.2543537591744,34.753210943303174,0.7062589281613787,0.9756499199249975,2715.1104564604043,2326.3823542692703
367.39566671540291,163313.76574240485,0.42144636692726656,18,10,1.5322393873619875,16.857155475868449,32.617284280356152,0.84900707155472521,0.97828349811520476,1245.7106830445821,1264.5882755007412
365.43424197928249,118416.86844005766,0.48337878155499325,18,10,3.5896343599355163,8.8735446672204628,23.769910243477163,0.77057730776795519,0.99875338569024441,2161.8692899896191,2173.5159067980762
361.235125876295,142567.08621347355,0.41345964845573824,16,7,2.131188141759262,9.3064464562886613,28.546293351669469,0.61307859985061619,0.99922524651966993,1946.9819398062598,1985.4311816345912
352.12870744531449,160378.6713071955,0.46268474549937594,19,14,3.6054865202818314,11.893766159783475,33.792150158496639,0.70958001827467121,0.99182020185162201,3218.1497309273814,3305.474756771971
377.17533334103194,183127.00709595974,0.31607685624296317,17,10,3.8018528279337036,13.095699319906393,23.296249887287267,0.7168240157428265,0.99607281835279238,1561.3538691560432,1548.2250281743206
354.81973479929832,146861.37591876718,0.67009987105266178,15,12,1.5035764565921435,8.6270659671104823,34.553630741093599,0.85695351979855749,0.89147522965475512,2023.269324182538,2062.132448702986
353.44009681544736,137522.5061310032,0.64231983497865486,17,3,1.7647553107172353,16.261546724525534,27.798538368080528,0.95296355958376511,0.57807068304889442,976.37620087469293,1012.8345490435227
361.89026948528374,183392.07587752718,0.37512731058289944,16,12,3.1131146704404529,12.807205985542483,31.529921205544341,0.62018430450927842,0.98311717455617009,2486.6368468015748,2532.9992119230756
369.04546375857456,150802.05319444288,0.58753038074532382,21,17,3.7802989415918935,16.423518807726687,33.481485004875104,0.99999435511705326,0.84092375494058746,2465.7865129122411,2449.1903525626412
355.88573538963482,195948.51743542997,0.42968116773302406,17,15,3.5615455720666231,11.284381147395997,27.226204848005999,0.68752784637890374,0.93456157520061334,2327.6038830984194,2385.1253796252718
377.0130428851503,174568.80678434027,0.41299152432415859,16,15,1.6235030974184643,15.582183014808308,24.891010212856816,0.70907430673264671,0.76389002285337715,779.33568335608618,746.09061477213709
355.25738725111233,145369.3033381218,0.62248647693182324,18,16,1.9488206702973634,9.1227531196259672,23.80734704219147,0.89608003729315155,0.81787563396705842,1340.2261033491186,1370.9165073957649
370.49285423059615,103399.49477115598,0.58318044306597694,19,5,2.9924051424348286,9.9481765364269616,22.28328180520948,0.97683327874626447,0.90496205143135,1500.0641739489984,786.03032960411019
353.1948355747968,172416.04924764589,0.46294228587101321,19,11,3.6988952327401976,14.83044463387944,33.677747358769523,0.82593674760308655,0.99832671134293005,2775.3386224857395,2862.2842494707716
363.13338999935581,110565.81034031963,0.44877817713828361,18,17,3.0164845838466743,13.972764439829515,24.157733213113495,0.8092418076141541,0.81398630930501215,1285.5415154807135,1306.0147802088291
370.43511891178093,116798.75809640554,0.42067612509560282,17,3,2.2603778252232405,12.365292935022755,33.144594405493507,0.67097493765581762,0.99993634934932629,2173.3764053350419,2170.5230711428512
362.80186314886521,180177.07429362775,0.32150557695473803,15,11,1.9982734238371596,8.4379131614798268,22.79782281843611,0.49971249087243141,0.98177181748876396,1408.8752273245191,1443.6204251538788
357.07028483781511,161376.64637511177,0.4862993187009198,15,10,3.5821320849573857,8.465556605220101,27.981287763664167,0.69401638293393131,0.99255140426403532,2859.711503170427,2906.1299072550914
369.08567354488918,171837.98586893582,0.54341036382165908,18,5,2.0307510365599692,15.981698426797845,27.585889729927707,0.97200604024104587,0.76778378454407548,1072.346976370025,1059.3562998433149
351.69433839536941,122229.31340358952,0.57279033878445174,15,6,1.6300199623312894,8.889312653005268,20.652029702389626,0.97262247523568912,0.95633300811289235,943.15166070363341,991.23624479696593
377.72502466255099,183614.05785015965,0.37342714702255425,18,13,1.9126057608100147,12.809165722816793,29.916742304135926,0.63945366416305782,0.98186990454274781,1605.0724011117866,1572.9648194515264
361.11094860378699,191744.73666611541,0.64188521686097844,17,7,2.3240167765683415,15.206945686900031,26.694306381696045,0.99560032224497519,0.62531153501421954,1158.460367719289,1164.3270991897846
354.69640058030672,171199.99429201894,0.65476095960448844,18,11,3.4807674398206956,15.968998320401646,22.001907459489026,0.99985531027644281,0.47561166479181216,819.36362644044686,841.59208077299445
365.69031161459179,125750.14557129036,0.4904768923471729,20,12,1.8749199454753751,15.998536830648099,27.302572496455429,0.99682999467679778,0.86729839749592508,985.69341023626293,998.33129368299524
374.36973477337494,103695.02831967823,0.57941597840764991,19,9,2.1593281225647445,15.279697804975182,31.100035736826264,0.97423236187856987,0.82936803680117244,1523.2770625408982,509.45197211627186
357.59946484856749,155700.10946597863,0.46460720648104659,21,7,3.1734918920358917,14.568685944059716,22.235917816993741,0.99435554726650488,0.81417986734054781,971.0747316097827,1010.0648642140359
360.41772241761339,134343.03996047174,0.63503340310086498,20,16,2.3184346890869092,8.71226805167192,23.237881423795073,0.97976960845127159,0.93970832766566459,1467.3451615351255,1483.1838797381204
373.78593514072054,151082.12671957805,0.30021259479004853,17,12,3.9271969310957306,16.435886333096256,31.084625316941935,0.6273989223470543,0.99139646379917157,2328.5432435482744,2328.548550245755
377.60473863404928,124496.13752342903,0.36233068855401623,19,4,3.764260309701053,9.0679902091268403,28.461929262311628,0.53174914890336178,0.99999542638481498,3013.7505762769115,2882.0578918449996
358.55922072022651,173291.58172439662,0.32933033443409809,17,10,2.3936401965354133,14.816780075858709,25.457794778911769,0.77119367298613206,0.98800069295446968,1141.7672890061563,1203.853502126517
350.98479249123244,190220.91494625152,0.51298609247092131,20,8,2.5017052713219101,8.7417047665988576,26.611131910044296,0.7638819941544519,0.99988319104213608,1980.6710171188502,2048.1884623581136
368.77718719878567,135984.14369443548,0.49611304907791609,15,14,2.5439216784076244,15.783555368444675,23.154496618236646,0.95085202894701093,0.71624341004207293,799.9468790811236,792.88326314677715
377.5435882033704,107071.61894005818,0.68557062895756082,15,10,3.7262151839380224,12.36216708570028,26.77402011236596,0.99967836007755007,0.68061697942075183,2064.6556974599357,1179.4409311169049
355.06822038408285,160284.33559690835,0.49880521691286556,20,5,1.9220365958635401,16.394220012332415,34.210347739765581,0.95601923807689981,0.9981243987278684,1592.569514307499,1669.8031011273706
375.2565302402603,143412.00679968041,0.60674901243483137,15,4,3.3819472836541387,8.4514937527810652,33.830022447733221,0.80874271862039682,0.99980396322216947,3495.018355292726,3279.8371315057675
350.59402724689994,199576.025862685,0.69060123369156745,16,2,3.3868267314893474,15.572232812440131,31.709551497120202,0.96418541155522397,0.59291035486253696,2161.9981659904392,2210.951050071355
374.73594520116501,135635.39838137355,0.54984098591461816,20,15,3.9417326224122196,16.036072384578208,29.372322916519977,0.9999862652880751,0.82453896642204594,1997.5531918005779,1851.8271639612913
370.96333597864179,101569.8503810767,0.43584735064654639,21,2,3.6012749663629919,16.413832239794466,29.103141959434438,0.87480576935191878,0.90346763608230507,1814.1782645251458,1303.5772187581583
364.95814078762112,101742.62866426124,0.65403143228461558,19,13,2.4693040746641213,8.4906328777669149,28.175937714891482,0.93024028665192737,0.98628978056901184,2099.9949182868377,1492.415895582795
361.33690546491971,200553.41249405465,0.61161807818469494,18,15,2.4469077141533644,16.692016527964277,23.200733556577813,0.99993341415130432,0.53979725282808821,680.00974811748563,685.19077148063798
371.6937137866596,108687.63609617254,0.40453490687112081,20,5,3.3990941802512831,14.332158423313945,28.334193697429352,0.81855427610523579,0.99993163778441652,1932.6967003555255,1786.8887717848056
372.45301370357771,153950.93671133107,0.6579959312896535,17,10,2.7917851719121067,8.9504430049305981,20.336136075626655,0.99958153895515311,0.77652900764821686,1308.6597250976861,1279.5175231524724
362.58917476808148,132761.90809246569,0.66667642337164978,20,13,1.5389233610964179,14.641281472452118,29.481726566409563,0.9989888702049865,0.67015503645797236,1142.2883688713682,1140.6308840306981
369.61165140967893,165732.91531810485,0.61842390071303766,19,16,1.6121750318870609,8.3599002268621234,32.599378608136618,0.80185924088821692,0.91343011859740453,1992.193168522394,1962.1491669860202
377.08257629512929,112462.61843459609,0.60308068611367949,19,9,1.6592487539293161,15.325297354081318,29.457303181610676,0.92258613989215188,0.69154675866573345,1157.2879747039722,182.80573013264615
358.31449924336488,198260.62878413399,0.61155291756929497,18,10,2.1706087519468005,15.854618946857107,32.89326390777866,0.99880191274799002,0.80461462702287656,1637.8521618328059,1669.4958446639821
363.11588127226378,179894.2805140593,0.34139312528461518,17,2,2.0344908872193925,13.548956838391701,24.94741831886229,0.74593960722612829,0.99892519206190789,1097.845830608579,1138.6170439031243
364.07878506765178,132005.50843877782,0.58016369805591972,21,8,3.6170461792853721,14.999234895069261,23.284718008707145,0.99873246047897213,0.65105047084735868,1159.806014469382,1160.6988103030333
350.4148108367458,143863.94466078572,0.61508355775047874,18,13,3.6915124330777576,11.629411664329661,22.301019376214136,0.99996229676316639,0.73810072486852818,1517.5056545248581,1563.3465371258239
378.91505983925197,173424.29024023566,0.49123728519338361,15,2,3.791997709091286,14.434507289306962,24.291159027529023,0.9209560770580445,0.80228205055618385,1455.0004156935379,1410.8455282852901
367.87223509220513,184727.18283524289,0.47166440339563309,21,2,2.7232830479271319,10.167230105207874,25.22735391002491,0.79010464398099556,0.99999261348947599,1767.606122897698,1771.9784616621569
379.56898541811807,112531.77030492508,0.59434817013688446,17,14,3.1151939995777918,16.547969403127659,32.404884102777523,0.99976085910792556,0.79416689787822725,1977.9515226849719,901.73156092430111
356.89033440929853,132085.16491503784,0.35167467328586677,21,13,3.0134858707913601,16.877499014744767,34.571249097162507,0.68515361313650114,0.99792764372042908,2273.7504238561387,2360.2971272486129
357.32113723177514,102607.78182678421,0.35343727859201401,18,11,3.128023529666875,8.5753774051695952,23.800655950871601,0.55156436313142243,0.99832929976438856,2045.6712247044736,2099.7198003538974
369.85576427853471,128929.3283855008,0.33242600088058627,18,2,2.7713975594905502,10.743188036357605,33.651468639167248,0.48832359656931978,0.99999469436374588,2830.2288572673237,2840.1366255803518
357.84471811161598,140038.72907628946,0.4743611500662881,16,4,2.8873892774603123,9.1522097889684186,26.107977898660106,0.730339905590351,0.99987194129007029,2096.9647785383004,2140.6187730999095
361.10784139897572,111701.12414803874,0.39888448861717141,18,17,2.5680335867814876,11.008546346818818,21.79300278398814,0.64995551126308226,0.84708431874828916,1237.841541199585,1267.2945323606421
351.73481426170321,161103.74064218323,0.36484942277523197,18,15,3.6829348629505536,11.981909625640563,33.993720855214036,0.55111414124602376,0.97733474875471105,3355.2393383907438,3458.9216130890863
365.52897267193953,155103.99298751727,0.428868767091726,17,6,1.7178250643837538,9.6540683548082917,22.807114421670377,0.74293188437841895,0.99901916473903529,1135.148891840779,1152.1284327531434
362.47586849246449,162459.34762998112,0.65493631642858319,17,6,1.6600276025644787,16.577013375846676,21.040332070293527,0.98347668524387355,0.43352219189565766,361.13334995280383,357.08520067713101
350.43201238168496,119449.98595829544,0.64799980128513013,19,18,3.0576417675052343,12.189797915438561,23.075749317298527,0.99995347915898614,0.66632950443180672,1338.8396112396515,1381.1721770855104
368.84416167472682,139880.20441142516,0.65210724018860633,19,8,2.6417250462881716,16.723660391429281,25.708913051138591,0.99806396368397354,0.53376740897798036,992.2103551262104,964.55412227599709
355.18553085123449,190517.11335409817,0.57732995536221654,18,10,2.1805210274060665,14.160215776415642,30.147991943232711,0.99841993479830471,0.89812733917150789,1541.7691924541843,1593.6390568317079
365.78624303834806,122438.99647004624,0.63526671297789239,19,6,1.6633254117231469,8.1967387318679776,22.078690225963335,0.98550039177750837,0.95789759885846948,1124.1189661129072,1121.7688060230041
364.8709428984024,102796.95248917844,0.64842840859543605,21,12,3.2015069674113796,9.6426763807971394,29.400072937961703,0.96422004568321718,0.99865499808050118,2535.1582529133188,1989.1012935946949
371.73585568636463,126197.01308990478,0.6162118085795758,20,19,2.2570814190108397,10.543627646363632,21.106513594620168,0.93118879861564452,0.6993606608270736,1057.7024441151657,775.38297928588008
357.18379904774196,180355.3343980636,0.40504918130759576,15,5,3.0001054863593408,12.665586033925686,20.848326929825511,0.96927560712637451,0.95948649702939437,998.5901198523128,1047.8481457007838
373.8646338465133,156573.15917424764,0.33650855948644465,18,2,2.4253685465712884,13.631956524094546,32.382934065443898,0.58113248330821077,0.99997483120124209,2083.6479121520238,2075.0651425926244
357.57830533453648,127931.01744796548,0.35672660676951518,19,8,1.5211146157527256,9.2789508810983747,33.827724911036306,0.49150033305090102,0.99983572187519132,2026.8303448350384,2098.914030765271
367.16936275245592,167206.93447763464,0.50417694344671604,16,14,3.9379911856906604,15.439531627389384,28.403181715993295,0.97317765035195392,0.88961338089390007,1951.3820560907193,1956.537483234124
372.3491737106159,158650.98471503198,0.42590180584765119,21,8,2.1136452028110213,10.368220550444546,25.532271488973532,0.71701050423319324,0.99985661051454655,1505.0176450602942,1495.6375160997557
369.30852717022344,141327.39891255109,0.66739155964152486,18,13,1.797831790807501,11.21708092168536,28.484680859001671,0.99909786140988166,0.8432863701218174,1464.612547481805,1438.5568008229341
369.14214405019402,112897.19271085053,0.64320121974963751,20,19,3.9453280102932644,16.182923727453186,24.625350048772688,0.99999795707029826,0.54293560023156595,1264.646378168208,683.04404844440796
372.22876807996948,149076.17337488115,0.58152561897029742,16,7,2.6096766557399382,8.6996818988335693,34.155156173349894,0.7800234342008302,0.99928128193562937,2901.1953853495525,2863.3891542775218
352.54062460870978,140704.55230741698,0.38852209857999753,21,4,2.73425911541334,11.716154229691325,28.707836004960278,0.65641473404885586,0.99999435823503824,2039.457055904385,2122.8086305633319
361.59201095897333,106670.12113882857,0.64023121573290065,18,4,2.6333205888979077,8.9817227178861962,25.600606228509267,0.9837169608617401,0.99540949991333005,1836.5701058664176,1850.8212545253107
371.94177383570548,127410.97857364971,0.63694212682266194,19,14,3.4150934154719241,8.5446642144479164,28.972579815286483,0.89780692381767502,0.98677581022860872,2790.55979304523,2331.3658335424225
360.0747491706278,157319.47897391408,0.43660372555811749,19,13,3.071925741266968,10.152098093539522,31.502528851352412,0.64231294485859614,0.99601601171255438,2799.4494898277831,2844.2837549658343
367.33773531946247,184864.52713669426,0.62379620623349341,21,4,2.6665045248793926,8.31023947656678,24.080269314844752,0.95256184451499126,0.9999699159126979,1770.0613851100841,1763.1684075662326
353.70523553001004,137401.09953554426,0.55479639417168825,15,13,2.1603860372846104,9.2850788581180748,28.8517718290476,0.76256833985627903,0.88307708259225792,1957.7964486304365,2009.1392611730294
370.66358357630372,118268.77895191932,0.52734741452976475,21,6,3.9123343381498321,16.798729105668016,20.223499498131453,0.9908177721831426,0.56714037070108758,510.93231017941338,400.40294836476249
366.76893734996156,174522.48152169393,0.61726970504494516,21,11,2.1122218431348703,14.85003315660266,27.458163415087927,0.99921418580493426,0.70701205026677805,1189.5403509075484,1176.793586625537
364.63112430397473,152619.55705879233,0.66646237037290301,17,16,2.1240178313513058,15.086474668766593,32.558605940727801,0.95430231337837357,0.66687384415840822,1670.3615866150797,1657.3531882021207
355.22967879479734,111671.97228319338,0.5132267366939659,21,4,1.6839292672764337,13.241482919819878,20.635770234782608,0.9373239084036622,0.72359578040706274,609.38851212555915,645.22359012448851
365.51698562802142,116605.42388915374,0.56219926437179835,17,9,1.8486904819416148,12.556549970650835,26.700440868886858,0.99320569177109352,0.92333174776887494,1223.0275244343479,1229.5912922403786
367.71580707311438,106836.96964132645,0.58450458900070346,21,11,1.7106779384107846,14.545735363471199,31.641247807266772,0.98981452319647589,0.89184435615994229,1407.6602097062328,891.5396227011986
356.47685278948717,180981.30377939763,0.58683837579204934,16,7,2.4279358076162647,9.8970563536999077,21.253247521074137,0.99507586432931849,0.8815772785210485,1181.1701437457311,1212.0392937440547
357.58245097159522,122304.81211327398,0.6026666836988801,18,2,3.3098583209378143,11.723789680530684,33.118364161494355,0.93289864402061817,0.99985536297763433,2833.8265123847445,2876.4821640227669
360.97245610554819,182599.45721140754,0.30797921603227929,21,5,3.5123057030396563,15.61003197597481,29.318879100598338,0.65865152994388954,0.99998195054369288,1987.6767977623374,2049.0122172524207
369.75181212864436,145160.72772339097,0.67558786236854318,16,15,2.5003913395271598,13.914283963812647,27.382044549073115,0.99911608042412081,0.63754245922213659,1429.1552639576905,1395.936790442074
375.17618584792416,202101.95171464625,0.56691674507439604,20,3,3.8404598113745263,11.309686465621315,27.811548713132062,0.95549160016030232,0.99993670033808935,2443.7979580168585,2409.5485913531425
356.67113093946182,192312.85773919037,0.66912489647271955,19,18,3.7312977594616661,10.170162758937646,25.29360206130594,0.97760789182433516,0.78958174955545446,2179.1782541700131,2202.2508448835542
367.67436330670228,104262.65739355942,0.58284525022148714,15,11,1.5734499019792381,8.5587638849861758,29.851027537764061,0.7942933151102558,0.94317432062901507,1726.1376851808991,1131.8752886715256
350.42227229515663,113731.15603428014,0.5482951158560323,16,6,2.1359431387663088,13.70161950192024,20.015605644597954,0.98414196201833892,0.65255155053255209,602.19103031890938,647.1319219472598
367.78489308323475,159360.1015357592,0.59201827689956477,17,14,3.1659326133147965,16.234218612525716,26.189984239279287,0.99993928700928381,0.65814349016627727,1257.1195070035267,1242.0605556632645
351.8895521119328,118971.08168474738,0.55842766668251453,21,16,3.7390358006297779,15.028498031884665,24.745280646290762,0.99999394884358495,0.72706903981204962,1392.4695799837355,1444.5901641189523
371.48748285234325,108700.09835723291,0.68066597592743694,17,2,3.5545974778393736,16.689227228514955,32.533144132393943,0.93805308272391119,0.56368454424771908,2215.5269894941757,1158.5140726056484
378.78293172973343,181156.86162241944,0.46127637706042407,21,8,1.763097949373271,10.817542740584138,30.878036340446229,0.70994642263688312,0.9998648959506824,1768.6198022766844,1718.5729207811612
378.2007085112765,146090.01282892638,0.61572882545093477,16,6,1.9706680644756811,13.131223846064984,34.364305670174915,0.97445188184529941,0.96436597503535293,1922.2777412512721,1253.2839762484725
356.27672060876466,167232.05534469133,0.46606887753410364,19,10,2.2238340015851428,8.9716697077176857,23.345789586990509,0.75607796919602888,0.9985727913595166,1468.5748319850331,1515.1942047658019
366.50070019562298,140001.91938607037,0.36597040292836591,18,6,2.4263365989207926,12.134032912931421,20.789936977953154,0.87555624562967194,0.99752060142835863,921.39712826080336,943.85688490544737
354.76124742575047,132853.44633981166,0.60168456579817042,20,2,3.4374556739814377,12.099000314297154,26.184484253418393,0.95219435594907709,0.80631848341813939,1913.5590812685768,1953.0152603492879
354.04047973311526,174503.14099081233,0.35357042461973787,20,19,3.8009315635326466,14.494284013970887,22.276993097670839,0.75401959280360131,0.86143182219217806,1184.5002024640753,1246.7821103827202
370.79544808428989,125064.36018315109,0.66543994763709602,16,13,3.1510212473870975,13.870880036940278,29.247837660220842,0.99986682306741992,0.70531473087179908,1934.7372183177172,1404.6923319656453
361.70588612863605,116368.5055252037,0.65173547934573239,21,15,2.8616858396135978,10.647286738862418,29.018887538555489,0.99994940683512812,0.94912322338366939,2150.3667908559078,2163.2787750572902
360.57370792198168,186842.20892269182,0.33720617708744149,20,8,3.4879512571196312,10.862149183522515,31.177673051023238,0.51748149114324482,0.99996260655130575,2978.2366588766617,3034.8090252505262
353.36684136792405,165165.85259407456,0.60354695038724704,21,18,2.3640326559511942,8.5780456756744741,21.419534054004835,0.94269582494706516,0.90412729798379643,1325.0741783882056,1363.807795955544
375.35156632932905,127701.09154015667,0.52148238764890265,19,5,3.3071425483847547,12.895817115911196,31.91109292381261,0.87510328760377021,0.99991227864315135,2544.6726149057654,2098.1278567270851
368.44051262306539,126049.72951936723,0.6427818466786831,15,8,2.0887644142535349,16.418223175478271,34.82781994591133,0.99654483686695483,0.75388711147306797,1724.7982032935606,1697.8184801291054
351.02375331956137,197619.00724667223,0.34339478514768562,19,16,3.1722436372593092,16.244465318471413,34.745862410657978,0.61571978725432852,0.96676759137935508,2493.933738372752,2610.6242234531087
364.00294427591047,101456.00050263971,0.56968568991029278,17,9,2.4906291953217217,12.927545574520504,26.590398083373625,0.99793880077840724,0.88292966610196444,1446.1835395382902,1338.5380472815405
363.83309222834794,102991.64517412464,0.57534742972572062,20,6,2.0961078455145197,15.462448253279295,21.245473932635726,0.98328089720627732,0.57722103448407103,544.64390712365719,510.19772300406169
358.1270789422407,200066.13850548895,0.50251988320840513,20,14,1.6939303380711612,13.153670149073783,31.038451540369287,0.85455258032712123,0.97615714112772534,1502.4550658709557,1552.1812360884167
378.16373714192946,153579.71845197302,0.57873903958670447,16,7,1.8132723604324767,12.910989496690217,30.435342592622781,0.98073343782743139,0.96695370042422624,1500.4786912321113,1383.374727493718
375.96228491616074,129776.41867806177,0.31878890189881848,15,3,1.5768599310813129,10.154284270178659,21.151832572162075,0.6121839127940194,0.99896822360944615,915.97758734884064,905.95314282885727
377.10307503172339,127380.05443660152,0.3777967629068516,20,10,2.5554199243703639,15.149764758835902,32.947585902210598,0.69867900050067211,0.99917172791317388,2022.2984790877213,1992.6140170973472
371.0130373707521,136208.39735263283,0.62324486981570326,17,8,1.8535405482701992,10.750185722662689,27.410307110410791,0.99367217276570807,0.95088402268555139,1442.9147538728896,1419.4266995252287
368.67585205643712,102521.41607090479,0.37263655200158396,16,7,2.0399250934629665,8.4837328565957648,26.327221708450104,0.54948421333956088,0.99931896714568968,1765.9124127498435,1774.5182441174979
370.14925741032664,141068.67258089251,0.53093411527276069,19,15,2.4813015964481986,10.681188761217141,20.628249357076477,0.99916042613423839,0.90514904351884984,1049.783374027108,1042.3517489454866
357.49513582528806,163382.65784785198,0.37299048626139936,18,2,2.4216623623339282,13.98694101732594,23.718825130694931,0.84614899788837072,0.95619410116039394,1039.9277680234177,1096.1629174660868
370.39900289687745,158639.93431050712,0.54164009945419311,18,11,1.6808122780612416,9.3965712926637242,23.533266073546031,0.89139120203720368,0.9845358956878324,1173.9771813792679,1163.1971129869717
365.65134807614675,105808.37228478964,0.66811583094204896,19,5,3.9627471654215274,8.4107963533950016,21.734962768331151,0.9946201661260079,0.84911058190350797,2006.5591336632297,1551.1046642069318
377.98217774096514,170341.55196284011,0.59132934345416532,20,17,3.0763961768649657,12.288924548119738,26.964054964845559,0.99985663772304545,0.89646993659405738,1813.2427593395869,1762.4402558548916
370.93649320589213,160021.48972457452,0.53487207773430523,18,8,3.7157232762255661,8.728666917285727,34.890680361963192,0.71327058853442282,0.99983194733056979,3934.686590660905,3908.2787072010879
375.39317690453174,120875.2827629884,0.58232686503898667,16,13,3.391698040982801,10.035845161768069,20.866633002861231,0.99919652873709164,0.86761419989932631,1441.9572750746881,761.66110391258053
368.19804277115412,135685.97697584162,0.37637690937493162,16,7,3.1006807766826889,9.2270577915068976,28.093669427667592,0.56025672177738139,0.99960246772843531,2515.7354326154009,2526.7911711606162
366.57416386352116,113058.49151899165,0.60774630942003793,18,17,1.7752152221615962,8.123317036699186,22.783653321237608,0.79533286150453919,0.73078370259913217,1281.464026750959,1176.8555145744224
356.10987175503737,166521.16167657039,0.66663943722693841,15,9,1.5185515381936223,9.197304225532946,34.184744404174737,0.90449594439660641,0.97956783390591096,1944.7074956670861,1982.1094949844748
377.89387499673472,142818.14683912197,0.48297400873739926,16,9,1.7162440424251419,11.784463286307856,21.160171934070611,0.96909584265031434,0.90379128077005455,776.97358472975054,746.91067422449703
351.48107249677696,170714.99562266961,0.60129443189748299,20,8,2.9752233147835625,13.95165619780666,26.907555358669512,0.99852222899898513,0.76759211103003988,1561.5375022440696,1615.1202561235029
352.42452810663008,186231.87278159568,0.42809857313879696,20,4,2.5887231110585338,8.4434954893712391,25.387462096115325,0.64142619583017946,0.99999391615620714,1958.2613076245088,2025.5551775065151
364.34884210597204,163866.44195123026,0.33859908309557118,18,7,2.7011621327653197,10.995121473863778,23.939543474840253,0.62594694636671155,0.9996901722745779,1545.9079920628451,1577.6738641284978
377.6840406593513,159603.04114498768,0.4527415667738493,19,8,3.7437576767912866,13.348874247474537,33.428223181177501,0.7536199135521322,0.99983666568690066,3019.7906767729351,2975.1913363247504
351.18101471069781,193769.09679200294,0.39066066203272309,21,14,3.6618371899609161,10.233569768849094,21.799479727854244,0.73379014453951508,0.99712247222166273,1714.4772659940404,1784.4004166906102
377.88453533438712,185492.1551494739,0.40882599124332236,20,13,3.749882771697151,14.355045945186657,28.016834851094444,0.83381406871988795,0.99565905679606626,2030.8668049918169,2001.483768224007
357.62233615055322,136727.33261210765,0.38566284873159423,21,5,3.7065453308350618,15.621728791370861,25.134015244713062,0.98067922606743474,0.97666186275979483,1362.5992056744149,1424.0366159265543
373.08845761684631,128904.74053088157,0.67196594709187396,15,9,1.5846236129355571,10.053749142631771,31.121170317417089,0.95825657216428661,0.92793773313073324,1664.9830463311312,884.51671785871144
365.22567621968483,197814.97187564126,0.41022242273580706,20,4,1.9538299172975417,13.865594631826315,30.190768280506958,0.75858284939895793,0.99992039846861569,1527.6337449688292,1555.3189092805894
366.38379266616136,113786.16675798967,0.32589125734823349,21,10,3.7905767609961689,12.208196180957462,26.436882696227116,0.6053815193108768,0.99985457926260424,2204.9961135521071,2232.8989015466723
371.42327770603976,140485.43996646194,0.67725975395102345,15,3,2.4540725581553171,16.08740078712832,29.73776781786362,0.96976814985747684,0.5709370527515546,1438.2946359373209,1392.3515930430824
354.56896570519029,113180.5670472519,0.570424305280123,20,13,2.1399786157929239,16.802689687796722,21.096713753261938,0.99957619966258504,0.53924756394652418,408.7096902559407,438.47843009046068
370.11528646015807,162441.01223924098,0.41615598814314664,18,4,3.0366265925648435,10.50923923778871,23.632154597261525,0.74937811514154717,0.99993158372698465,1680.4783023772538,1682.5851103809703
364.66193834852982,104335.08259390674,0.39468483702019702,20,12,2.2744272400176122,12.182566505052414,20.005544215583029,0.96630832448030446,0.97238877544509883,781.97117213989497,807.19465648368987
362.67870278598679,132138.1249647353,0.40271776421792699,20,7,2.9333953991136803,15.6425666575034,29.708016689940365,0.85028006372604492,0.99971112233719506,1726.5432338576975,1770.312913672878
365.53886785273386,142800.57722075126,0.51030217245825038,16,8,1.7964288108721043,8.539738389292145,24.41664646569949,0.78276328740642587,0.99624955129253501,1401.2280001007357,1409.4396010301903
375.79309361957621,181521.30654052159,0.40370264868200878,16,13,2.5918519658600063,12.46623821234202,30.481074780496339,0.65346629578432558,0.95722816028658353,2080.6033403196043,2052.1370006524808
352.41405199722112,124746.0442337014,0.63220501326431444,17,5,2.4565340880571713,13.641492609863864,22.015150520936658,0.98730881266070492,0.58577048496004103,879.68238017032991,913.30207149162402
359.08062616477287,139687.83894158641,0.60903954396811599,17,7,2.3343442082134285,8.7327743882959581,22.945684945141284,0.98125900217076445,0.99664666451898343,1442.1853315666003,1467.3001789665286
362.70998737899583,144588.63735621836,0.47417288062388052,15,5,3.4232498743516624,14.190335231741582,28.323773072435877,0.94737411774184577,0.99705075194774317,1915.7854813849128,1949.5329206469214
366.73181805151131,167687.99709915768,0.46795484732604653,20,8,3.4521793556110989,10.302453853689812,22.477398337068689,0.86378356180362892,0.99980924589001685,1687.5701414380615,1698.6150369448178
359.60651474118072,182440.48433211455,0.38798279686681125,18,7,2.0788285856929121,14.924312309221976,25.89497353587997,0.90666998613599847,0.99327484600310345,1043.3299897988256,1097.2842631494057
379.16163079590615,120507.05728632813,0.38162942392585308,19,12,2.6480057177097409,14.957494371919193,20.61092242394384,0.91546721049916746,0.82015657444253753,635.97877272991047,195.99189936416167
362.9336743194068,114832.26404152694,0.37007559512099664,21,13,2.8142963529250724,13.062353979366996,27.679786983369752,0.69873482377851659,0.99770363922538341,1781.8437603416278,1821.9044911969763
369.65557268598843,114666.27998107439,0.40793833918953548,15,5,1.6456723688084194,16.096282828739042,34.030480539479981,0.77076862394333945,0.99631093127231196,1500.2933832921337,1508.181518051608
369.84771771188719,199623.52103418417,0.51722877807991052,15,13,1.8246883901905679,13.416098415053961,28.117523513444478,0.83254379533280354,0.82826550560522261,1299.9146982159489,1285.5343337932304
376.55935211947622,143962.29710128071,0.68705457198631692,19,3,3.2419227668325989,13.922236559536419,27.289974209622002,0.9673573229186232,0.58208423902940909,1730.6517001064562,1023.2872801385256
365.42906968478536,193735.54437697155,0.69248855567733836,15,4,3.8802261637831386,15.316075766177418,21.935429288572831,0.98864266672266199,0.43550420677148655,981.52610501062554,964.69223083846373
359.99398652722311,115266.25126623783,0.57736501355209935,21,11,3.3777082873070805,14.029617096685161,34.641312735707643,0.96988094092624533,0.99929837038905067,2752.4700741929664,2790.898000203953
366.27227117975815,129899.62742016269,0.58324641593144255,19,18,2.7701565397376302,15.051034875172206,24.766204657359609,0.99979052663977575,0.68563957215217319,1110.2316868588891,1103.4499779562393
354.12784335748194,181035.82854936208,0.54242523663746745,16,6,1.6151717295975758,8.0462289473555177,34.830218110887898,0.70523105421744714,0.99951435042933512,2236.4680462006968,2298.8053297319211
373.23954405846052,167576.89240370013,0.56932653433407032,20,9,3.9027360349580347,10.777832146823329,26.719019729785629,0.95408550808681958,0.99972885420601143,2391.8206260008601,2366.8067193294924
350.93696961288663,161001.11591750412,0.55290751316030851,21,7,3.2413144510909051,15.093741450141529,27.044789649830101,0.99702705861687535,0.79871079445151394,1537.3420256593713,1600.5539558773103
356.22769133259436,167099.06970103472,0.41090837891150345,16,11,3.9733985059596124,11.823353829603342,20.440920989742001,0.94696804176235039,0.97980190286953306,1313.5023411166767,1364.6878176379914
376.4894401262884,145420.43389669765,0.42575408144786675,18,3,2.5402077661366391,10.298566977671612,20.040264587241815,0.87517618761084337,0.99931820608702504,1071.5141776246155,1054.4802526853914
361.85922521293128,196845.65946507658,0.44382954534222196,21,16,1.7435205262007754,11.876969829100169,24.908400314542654,0.81213810919249052,0.96032804476256639,1122.9808424564419,1154.5623550695163
362.42410216993841,135882.58355140945,0.52321994014805484,16,3,3.223633729223069,10.676424100656725,31.900854608533372,0.78637284538565488,0.9999092245612653,2827.5624420825316,2851.8167169556132
377.69905156899665,163838.02902913693,0.35180586295187122,15,13,3.3048501687232328,12.591574005804759,26.672250751458225,0.61213919851647247,0.93931299720672745,1959.2103851434556,1931.8870399168684
367.42606423154291,147510.31671348601,0.4621258878423487,15,2,2.869593148110245,16.539100380224689,28.96897181251504,0.89775955882723146,0.86529127004814244,1488.2073195019134,1495.0384921069865
370.72920180754232,197723.78830249916,0.47697971501004865,20,15,3.2842229220686585,9.0759435515035616,22.668507741528334,0.78732553502503311,0.98784096905643415,1836.5280455201162,1829.4737655566364
366.17994876560755,182189.08606595412,0.32045938650055761,15,13,3.0978146002462514,11.343555478807797,24.022817327449012,0.55683178992058169,0.94374507703268751,1690.1451404546322,1714.2899639697771
379.15461741487712,121855.38890571994,0.40823081581497755,21,19,1.5824629781014734,11.578015616204132,28.641415584793506,0.60773699643007961,0.88579632380043516,1425.0521113481695,744.18700993999232
370.26736115106723,189105.25047699158,0.57702244707989614,15,5,3.7463772976393241,12.480591090836372,24.939538829903835,0.99247047495695562,0.83772602027623233,1795.2885309280762,1778.0561737848786
353.83205939027579,151192.99931291511,0.47927862798668375,15,14,1.8593483324667974,15.024536675638304,21.515339012222988,0.87335074554664482,0.69096020460668639,576.82422960144379,620.60557881721229
354.78597970428689,147200.50761443056,0.37447436132173723,16,10,1.8988957049595483,10.267787974088819,20.935481539212859,0.71966220688057914,0.98415585196513145,985.35784616413605,1042.1469195667441
373.59617012009778,166556.9658006001,0.52776618098127626,20,9,1.8900170798743379,8.697251329529216,30.792111377432995,0.73540142250861973,0.99971639155835568,2029.9403182542928,1995.9020511455396
357.80371643671941,183143.54707126616,0.36361744464437978,18,9,2.9533523521630647,14.429332054875013,28.236111476284506,0.74197205118344556,0.99840989560004356,1733.5038779876654,1799.7541961792347
376.31940972761691,109620.83969088289,0.49476432725518515,17,11,3.5974865920705814,15.886229848342589,29.844418552748124,0.99736714394632053,0.94690520744556517,1946.1739287315827,973.17482171929305
370.02347495497833,163170.92699810481,0.65274491256957168,17,9,3.225500777751285,9.2003578906163384,31.4210382749052,0.92228249094309089,0.99823442446579891,2891.6194016439263,2863.4391214894072
360.95762535315828,103516.03750382329,0.33403657194272141,15,14,3.1942944653534613,13.210928527993582,29.529033896263705,0.5245492834204869,0.90128379238179535,2234.0726951680563,2284.3876532107611
377.62008328495551,175643.87622246682,0.39462421635697792,20,19,3.4190127417894605,11.767606949426051,31.510558222364892,0.56807182366081732,0.89637248167746975,2834.4839513999559,2792.6506147584059
356.79399077393299,188157.35774214022,0.38323856277728385,19,4,2.1691466886255175,10.527565181643034,21.023518906730935,0.76747272376734932,0.99983068404103226,1052.313659580891,1103.1814480279083
368.78353769874832,174027.92757740527,0.47884009878525513,19,11,1.9992043472815015,8.584542648403227,33.807968376096326,0.6413395517383278,0.99862104578482114,2436.298182912567,2429.2558725321751
359.19988437604155,164463.02432035207,0.5340665566030578,15,6,3.22780166384196,10.008968993791365,33.500971331738853,0.76135285527803975,0.99939389322595251,3145.0385910857412,3183.7766491711204
374.79205694522341,161635.69973996427,0.67635249474468595,20,5,3.672398020147376,9.8270094326180448,31.727773597001921,0.97988396142178247,0.99994303187245781,3114.9616340157245,3062.4349687905724
369.97455775559627,115133.41129055506,0.36357830169733846,21,2,3.0155613957573166,16.714343888584686,32.512581822789542,0.74825274533740405,0.99997963118437405,2012.8566550659116,2026.0496292979599
370.82289731072399,169886.91549526755,0.54206914921294391,20,11,1.9665507266821265,8.5630011174520479,20.066539672171483,0.94163028664298387,0.994710153636293,1046.9822467068329,1038.0615765090577
374.53516778656524,145563.12790970333,0.61759015464124123,15,12,2.0726991131735808,11.62676749449678,24.104756491470503,0.99697220900193795,0.78959401525527939,1162.8772476298773,1124.6825430736335
358.50846797336288,193445.43616391328,0.61880322758431383,16,3,3.7239186413162009,10.286591418735492,23.822742641697516,0.97858344673209352,0.85469302147009074,1947.0193669014714,1969.4114965461217
355.89329699881063,106717.65075781874,0.35663188395281253,17,13,1.7029821331036814,12.140471353795133,29.251956214409766,0.58872908817793235,0.97049826894536506,1499.1352576702734,1572.026657909624
377.30518321491087,174907.33304819319,0.67763808592367203,19,11,3.8587933381978856,8.6338093856502365,26.621860641472441,0.9995877771816345,0.9928237249602776,2638.3760466246267,2580.3586941225653
372.9632664657679,121864.18823513608,0.49104095972092243,18,17,3.3904858337185901,12.622653025193443,28.053585956140232,0.76546017155971169,0.84440449126742334,2143.9832917476101,1976.5184242426851
359.51447108962316,101825.01426464375,0.62300093353977459,15,2,1.6752486589618099,8.6711320459466119,27.194857581709446,0.91352435112415042,0.99755126921717086,1528.7273426652343,1551.9642145877833
374.17340503992671,190991.44445547857,0.57457600680436438,20,5,3.455340044226578,8.3655597566541093,32.434563623147348,0.77427791115804601,0.99999328883179195,3388.9023213896298,3343.4542701456949
352.22594930867939,190386.03820862761,0.50079935404409937,19,4,3.6945716980652596,15.194967233601941,23.221664585339216,0.97642851975879552,0.75046701288204232,1147.8942289910731,1201.3609124045295
376.76373364757922,103347.5975627618,0.50633321961695321,20,15,3.5605031898639488,14.269568640304994,29.058748088077991,0.96365841167288202,0.96759520296214041,2060.050965859009,1110.5409770056976
377.92199609230363,108388.82612974776,0.46565012545314777,16,6,3.2836641647020191,16.563948237655197,30.266924103431833,0.9574857851831392,0.94124689382580262,1795.1474559966493,801.13223789308449
374.66759512756374,151416.21753820626,0.31858094256497649,17,9,2.3948947532718976,8.3808854081853692,28.826233607519526,0.4488781785947536,0.99928151621098671,2281.9245580444472,2269.1077602544519
374.20249822224139,113097.52369720911,0.66079742223899685,16,8,1.7875528072143063,9.0379995273808014,28.595279628341217,0.95164312243674243,0.96853340362236306,1669.2285726353609,741.71060880519815
376.21947757305554,176648.61549965871,0.34368821887570505,19,11,3.1623748729129049,13.211596828403231,22.029616375397712,0.84935381307223534,0.99381602785704903,1145.615018986955,1136.1424728534121
375.98476568279546,191734.7936693418,0.48654889897686215,21,8,1.8877950816490354,11.79731428863542,31.210791857166122,0.78210583417350399,0.99981074273160508,1769.5137651746627,1732.0746777247534
364.99404205057959,179803.27751138466,0.31456345239680422,19,18,2.1203351304701075,9.9866642065372613,25.143824029038115,0.45061294624236747,0.89192403184514413,1554.6527729503482,1582.4248718515337
351.78798776567822,152494.20252021539,0.68914579208863236,21,6,3.6119409399469262,9.7073922296391757,23.216178708421616,0.99780670585424758,0.74039111849845907,1889.2559183479709,1924.5261392785997
355.70142435723051,189298.37563908729,0.38899316229140068,20,13,3.6609546194781029,9.3878308367923982,23.002177203612952,0.65585364454708173,0.9980051712834126,2039.7498406069649,2095.4614658256683
357.17003861338833,112090.35129026423,0.43238016078998964,21,9,2.7537686074387446,16.702779752933786,32.730955744986872,0.88241287114425959,0.99947003237227039,1866.8707041208916,1939.3289048446172
377.23720063663421,138747.63319343777,0.38345736484440229,18,9,2.068049710842959,8.2124382374856797,25.980982752275182,0.56037320225082099,0.99931911506840565,1772.651828985491,1743.3250689672357
364.67915359011346,162716.85885512296,0.35522701645358168,20,2,1.6049512880535879,16.827721218385605,34.330434705976131,0.69664796336252777,0.99987548561727058,1457.5259984134075,1500.5295764018631
372.74957140563038,196484.70797341302,0.38355079593916924,21,13,3.9703240519096101,16.710957696280886,29.205583411720852,0.89218179994292501,0.99671845824438188,1923.4933517746233,1923.0625217279839
359.7876946151199,141133.93142709637,0.48080123379925943,19,18,2.2479006479655239,13.518566005278178,24.729305444156893,0.78946266463534931,0.77513677001424008,1147.9237251917368,1176.5428039009071
350.81940256589064,197537.68918047432,0.37737215820825915,16,13,1.8573219556007481,9.2490314992098277,32.153369162046985,0.51539535022682348,0.96442815150916417,2138.2121322604871,2236.4084981648834
371.86400127516782,105071.79896291804,0.38987800010219742,17,8,2.9305027046941698,9.554766360178947,25.426412037159974,0.62416339440556268,0.99929794525780613,2013.397435369762,1776.5290206118559
370.36994239185935,192915.08241039782,0.33095691139779837,20,9,3.5044361747620174,11.89800671119383,27.29555565687388,0.58658523607055579,0.9998582513536588,2248.5957576381807,2258.0956051360249
352.19559472980706,172284.51737886676,0.41987697644110006,18,12,1.8388920526985197,9.1657178755610804,29.799391013667638,0.60359539996378631,0.99370502860322418,1895.2801281544939,1975.6917562237131
366.02636117406485,128071.31376241453,0.35892844160937787,20,12,2.0775804886202858,12.829688568691578,21.447278839443939,0.86451788388382389,0.98065445724109013,825.58065861266311,850.24928227314672
351.85218789480263,116781.0511976959,0.50955553290779798,16,2,2.6061437979481696,9.270427925746155,31.750646434994714,0.71966699772655485,0.99994896219888896,2583.0619829594916,2658.1130147574418
369.10385258354893,114941.32080722187,0.39545334052685027,16,4,1.5160250409720581,11.875663765712485,28.626699204156967,0.67539084151054518,0.99940526724112799,1351.2469661568755,1359.277485889168
366.80600635971223,139051.66482629487,0.6807531022154818,20,17,1.7368650210098666,15.545289498420102,23.866051353689308,0.9999010631669617,0.49007345765155569,690.25517723962628,668.90650032859446
373.81708523684512,183043.64159715211,0.56630762322391737,21,19,2.5893461205822783,12.613772456350166,20.01381831809125,0.99998164909159082,0.68812264259418565,805.0735191957499,777.20112302106145
363.88563438737094,165759.51996107044,0.49788921750015069,15,8,2.5485004858122364,8.4603443969852954,26.578147392740078,0.7289018479131294,0.99682253572799373,2045.7744482570181,2061.3502791854594
369.62488237069215,116582.14760614258,0.36137577975052831,15,2,3.2663130370459887,13.188223089086929,27.807682764452267,0.68715145625082785,0.99974791144841835,1996.4875728857066,2007.819779897537
371.32632790220731,104539.91896980905,0.36402706279594466,15,4,1.6769697995186488,15.165968711648123,29.036860642371167,0.75593366989906174,0.99440044076939005,1176.7918700540508,1077.6273436155668
357.73893438337319,194151.58064170612,0.63229645217348041,19,7,3.6659346160494883,10.388656606159945,34.056098117062866,0.90980546130802098,0.99991116921298673,3409.0610912531224,3445.2972965269091
365.46058359563381,155412.04286522363,0.61180263536755741,15,11,2.0700981940736987,8.5649825870692649,27.059508109760706,0.87363788617563409,0.95359967961075154,1764.6188025347308,1761.731491275576
368.13276723273225,190415.91595566727,0.37962733722286951,19,6,3.3024443483398969,8.2526290264295543,23.047015598105276,0.59137674428431963,0.99997230359996314,2062.4762953495997,2072.1975296932596
360.68401859263145,135388.53025430595,0.65187496241970988,17,4,1.8562629172041063,12.102134165853325,28.086647100055892,0.97482506667608337,0.77465961631869251,1391.2728417185899,1401.7539281862778
358.44668229983967,166108.19783081804,0.34701842677963513,17,15,3.1814954331943275,13.947902453614354,29.084231371308782,0.60940699801036657,0.93772485053990406,2046.4235195135338,2108.3641349137392
362.28014632525395,189411.9996410762,0.46829654894186951,18,16,1.5013809858063303,15.49388357025752,30.136558003084062,0.77597296293746931,0.82248972733388614,1157.1875145653962,1183.3143122134929
354.58395611114054,116123.65602151303,0.5571131069421984,21,3,2.3435372534127459,9.901031334182262,29.499975206756488,0.83857072770878838,0.99999313327724482,2049.160685359765,2103.2588470724077
376.13611008159637,148055.56110428751,0.66567927394258442,21,17,3.0414433010682043,14.633569442036361,22.373674426883774,0.99999382938225001,0.51114855926764302,945.92469613738695,606.17313274104163
364.22224605670772,108498.26005166877,0.65734114170478397,20,17,3.912559181762266,14.939219333783825,29.516733451134868,0.99999665513097435,0.6770289684581049,2169.1925690416806,1953.7485768614195
362.74417402779414,139295.68967085233,0.3651827221947952,19,3,2.8338529151723191,15.05830309187402,20.350187274001161,0.88527317428020136,0.81759949778244667,629.18749197108161,656.78018518830106
360.29612130915564,141023.22953305987,0.51436983541273662,20,19,2.8026242655578337,8.4954466466896452,23.064877868764977,0.71811129959237774,0.83502941798174046,1765.6917679758774,1786.5407364821294
379.2069115053755,190560.69099367378,0.49410023834952166,18,5,2.4732671181896082,11.737230320961787,28.059138924406906,0.84926130776341213,0.99976872624923985,1769.4676772191553,1722.6232982501988
367.04399738192279,147021.11149844609,0.41705669369386666,16,15,3.6039592381717136,14.842761062213107,30.391421899507485,0.69232984616963811,0.87129852128302665,2289.784437820108,2300.806538741665
371.60285967036282,197247.5438344815,0.52895433963252581,21,13,3.0823327170377595,10.247614239358164,26.803242039097587,0.85514957859797847,0.99793702973590392,2107.3689665356192,2090.7991840434597
367.61604123437593,158298.34871108213,0.69432743062684033,19,2,2.35784427798602,10.14394274288879,33.721734193326782,0.95949970579347776,0.92198717094455307,2420.2198568773988,2394.9861390957331
370.05600300825483,199032.83022192481,0.46262610402198479,16,14,3.3930390820119243,8.2681729520038569,28.807340198309319,0.62555840771606153,0.94212066693244045,2911.5997687695749,2900.6199969858262
367.12211334151777,183326.55193831801,0.53211360316052114,20,18,3.4674163944700656,9.590711811610829,31.685791172483373,0.73196545801441992,0.92841832115610767,3139.5262716729926,3134.1501373702763
378.01984576265318,179130.24803008785,0.44408639581306825,16,15,3.2148663897365486,9.3101892408575821,28.265015586751986,0.60447101982724094,0.88244403435447971,2584.6751749655959,2538.5260450039245
369.05485630858914,106312.31654652652,0.65236179656695037,20,15,3.0935149759710834,16.784571195132365,24.096790844726744,0.99995538959302344,0.49906718191425276,907.2639494328007,129.83356457383985
375.6754041654828,104133.8524354321,0.32208461857709003,16,15,2.8122767743703956,12.659622670199081,32.992147116813413,0.46459172455046588,0.9067945764651868,2544.8031720248855,1882.8665972138392
365.99332590509363,136906.98252185452,0.36118501994044133,18,16,2.1820600081058497,8.3510434211711608,28.865956260450631,0.4846475615330107,0.94210856740224547,2139.2174014760394,2159.8098380526158
377.93747317144528,170467.09648260695,0.38265558750864842,20,16,2.1814651318747234,9.330201489218604,20.410451047313611,0.67764314593762287,0.96766401181167738,1129.8533593137479,1106.724313962924
370.19906540747223,187851.07198343903,0.62769773604272139,15,5,3.0307633523821194,14.695559919525664,30.85437347965053,0.99165636311006045,0.77249835636111053,1977.713080301801,1947.6953768450273
372.75929572364282,127322.62679490072,0.33288721718394843,20,7,2.0516460950761783,10.915704993616187,20.825544177249792,0.69899521470687631,0.99948227491003472,966.42723974695332,967.8414052302993
371.43524082305152,102906.75063779534,0.46721450785920693,20,4,3.4810238301025347,12.505802674456408,22.681304984598562,0.9523278612508117,0.92753757218659427,1395.9106259174775,885.23441300406864
363.24767173596086,148818.39585626932,0.62583064994648896,19,7,1.6040937810200704,14.573935149632364,26.269194942472595,0.98744908336112103,0.66435862884544261,925.60001597592338,925.41393297974707
373.00810991555829,174174.55050222919,0.69513915859706343,16,8,1.6885015036748574,11.185443477255033,24.007578742265505,0.9954182249967406,0.64907702297815661,1045.8887009555735,1003.1204535675558
366.41121714512411,154966.41825778267,0.59902047389656632,19,4,3.2033629129450749,10.341131830907955,33.888917188152632,0.86208568276196906,0.99998049875949746,3082.4808112621595,3077.1794281858761
363.2020967251305,149918.59240140574,0.44441268018391572,21,20,2.0418799904265348,8.9943034678894573,33.509965381182248,0.55460273133668314,0.85593135549825683,2426.4405642988681,2449.4696294931546
371.93772728786701,166473.08273646692,0.45638011740147139,20,18,1.8036381688540823,12.358279141884893,22.582696734388684,0.80513267914539643,0.83213440154103424,901.43475163441474,888.41353507428312
358.78491085545852,140728.35953259567,0.56040916889589698,19,9,1.8826513774530735,8.4461757813050298,27.188105785340586,0.8125906441296874,0.99917879661400544,1696.8611186825249,1728.133113774034
364.1619607401928,155511.17257713582,0.68522505839815906,18,2,3.1830609341263281,8.9165410112000725,24.928086214779452,0.9657075667384184,0.81843049576745042,2044.8664092888127,2038.1503390864702
365.94761585154924,127731.25109106654,0.50142164248846854,20,9,1.535406436834984,9.7897764382938739,20.907596863888948,0.93667244587681375,0.99283698814379351,865.6664613252392,876.58971100118322
355.09314967084822,189713.24652984965,0.41792782274642704,17,7,2.7362384067275896,10.200628116755107,24.027755733026542,0.72580738343686324,0.99940644904134912,1644.6382720928182,1702.9859500753537
351.45583129942224,165309.86302763567,0.30971911347004855,17,2,2.2918604655995471,10.560657682475474,22.55469374010325,0.58236061058132915,0.99992522644921311,1280.6730330155979,1360.009681911645
358.80345845494583,108153.23464616103,0.55022748369591346,17,5,3.4210702697297419,12.526681619467997,33.574315919277403,0.87761805462035314,0.99982747627474444,2889.8327681642359,2933.6525038477766
358.86522053294595,102109.43656454812,0.39698512153242949,19,17,2.0036632582736962,10.105763203209621,20.15416311031634,0.68468319255821464,0.88908559026825773,966.44313692664423,1002.4701559647291
372.86740576459903,159254.07038478131,0.69698486653835734,20,10,3.778858368940663,16.766696670939073,22.930530103557057,0.99979933746430494,0.41433670062002703,892.84825854129542,848.58185100287528
360.20335631354868,115532.65345944618,0.66842840067702114,18,9,3.8281065075777501,9.3328772993194296,27.496724373678084,0.99961107802171145,0.97625645662089156,2658.3089195043299,2675.4329761845888
350.55705431138028,136989.53355236156,0.69049414923586605,20,11,2.6933353917032958,8.2065546672281595,27.964424749191117,0.97669989271326407,0.99861973505886747,2222.8136478270749,2276.6669185614796
350.99519747897295,124849.87783360993,0.48171390951138326,19,18,3.9647473679741756,13.714689884203342,23.255459499219647,0.91710113092583601,0.82114272556827483,1460.2286435700739,1521.8276273185895
354.71346132403403,195620.59686912553,0.34000485532991814,20,16,2.2663807508414058,9.5283882542445273,31.736908984837079,0.47993594034916209,0.98614199273669445,2378.2371259741808,2462.954862161956
351.84544855841222,177597.97137542762,0.51452675876114207,21,3,3.6653414662032584,15.594346671494351,27.627571993022027,0.96330374563166932,0.83181987953874448,1714.8181243746558,1781.2474511394375
367.52522853809654,132479.44950962195,0.30618943601346393,15,11,1.9951357070950957,15.927728407335806,22.403181888045829,0.81047403315625866,0.89882836174440639,609.36470106017055,631.34028476832339
360.01787996601217,170042.29442985816,0.55137483135612753,15,8,1.9595451058030027,11.0783197134893,33.126534168394997,0.82509980581375686,0.99338983508068113,2045.1760971372639,2079.072636261521
354.40303088648386,202133.51641672404,0.45939000638161009,18,5,3.5686690565724093,13.926776390232043,27.561416732466974,0.92836734911012608,0.99967783729811655,1916.1312773154955,1986.1804156150815
362.88159734788422,146954.73088042066,0.50322028274723341,17,12,3.6957661478601391,14.706956813347972,28.90296911416015,0.99693648486309017,0.97328104989681996,2021.8332837606692,2051.5919812138723
355.41350150370204,144754.61992793306,0.45170743531018531,16,15,2.8244144382491929,11.965074329333415,27.969036800346352,0.67667934707200006,0.84921294131125036,1961.9797452701393,2017.1326035201425
352.34614666042671,159410.17748661377,0.325761435614291,15,14,2.1582995199621497,9.2204851828573666,21.278912241667935,0.48526382417516223,0.88283333855572843,1247.9450663278913,1313.3740975409055
367.50784957529413,186243.59058529703,0.5228272365048654,19,5,2.0738192922934671,11.805490813708627,30.179359005847644,0.8586683385840983,0.99985078328551746,1759.9296363140079,1762.0304323951896
379.1138930181944,127133.23788797688,0.49703949905496064,20,18,2.5319486265398012,9.9855776868092718,30.300260181205935,0.69631589923575599,0.90828496040950746,2293.7990900713876,1387.2522924274874
378.2172394741919,129286.19356706426,0.50395456074418243,20,19,2.4494797308457299,10.124583215492583,24.993802731339262,0.72188317347493502,0.81612782906910997,1633.7805088635489,1048.915985838679
363.42077807878178,135711.15341454392,0.69006075426653368,15,11,1.9516521765078196,9.4287732018529304,24.016356548013331,0.99831042076304433,0.78688330526009542,1305.5451025946081,1301.4200012586821
365.15947820520933,168319.92017071048,0.34755782784010492,15,3,3.9615362626755934,11.063600418887846,34.340535647638859,0.5127323477941621,0.99995583943319422,3774.2718798607621,3808.7806193785964
375.61300199711371,117256.18644795455,0.59937537618883674,21,7,1.6849097914127988,9.9939252904769624,32.77590438192054,0.86184624412590427,0.99893717859881548,1904.9921586839857,834.61517473105255
375.92146121192792,143484.40915909916,0.34044086466483192,20,11,2.5978028175080983,8.4044551169413406,20.915647069749259,0.56864572608986774,0.99927248905753907,1462.3282467402416,1448.8589871012437
363.22151818816155,152647.97088178463,0.39383823265816931,17,9,1.8851681750249125,14.943422667543601,29.905134630110176,0.77933607285032425,0.99212807163053163,1363.0971854721895,1403.2881742749371
356.87347150908943,182960.76416076656,0.58514012003892102,16,15,1.6507982532637187,11.003924032813369,30.04147142085548,0.769166427479824,0.73322676592656144,1596.0775763536858,1627.4959632380198
376.60877776957989,106043.72961651061,0.42692712122716958,17,2,1.5502390871015714,11.067331491396917,20.790342115457328,0.63815449098621757,0.75864384078713776,798.86901151944596,109.75708850342193
367.93901056387881,173532.95197454872,0.56518777683314614,16,9,1.8332349855075909,16.12496730398199,34.39003642883619,0.99137813977031719,0.91760516545204285,1571.4351837945349,1565.9439961119081
378.07203640969567,108051.14913884699,0.45222405701147272,15,7,2.902879482131473,9.296440093002488,25.358979260818558,0.71236801068513278,0.99725456770647469,1999.612697005035,1161.4261339766244
377.64273896601645,164381.41276373036,0.43742596637896536,18,16,3.5926743404676706,12.308899503274308,29.041058018603856,0.70894639595505715,0.93169115121586965,2452.3149505727779,2412.1741100793602
376.75401335646586,182109.39370288176,0.56953326042533536,19,16,3.477896643975003,11.671265974146904,28.848709045701526,0.91799052323939878,0.94336174388818894,2370.8171905247809,2323.9454228579552
363.81451876884068,121336.65231520185,0.43562769096997922,20,19,3.2455876795748502,12.272940191898932,34.704036716746188,0.60944565846098298,0.88204627365939414,3079.1465680180854,3103.8159066738672
358.53926317233555,128364.65513825668,0.43930688663223144,20,14,3.464534871052579,11.819127310568991,28.897081488660575,0.73977421627914497,0.99478393866954784,2422.2642076757566,2473.6701877494384
365.95416056896289,149016.83195592405,0.37434477701457747,21,20,1.7470633314315058,11.616905635489573,24.971791653985527,0.56024550720764343,0.83936800888907603,1192.9528237337602,1208.9728196945712
365.96929565382624,201374.48990260722,0.54347859586105307,19,15,3.7953606813546239,16.088453882667913,31.776542060517961,0.99995202367916092,0.90170323118615237,2280.2365197388995,2287.5996833425997
362.63084771107458,162862.51496859643,0.3759288709474396,15,10,3.1768874981107906,9.2911329454580009,24.30866616648094,0.60367152191985851,0.99217706228716074,2029.5293032317545,2062.0587352395187
372.5570283709406,106951.95580684581,0.67110189282914401,18,11,3.0071389181048791,9.4809565568826883,25.468548298994335,0.9996414390222047,0.88295138900486891,1941.9379696214089,1119.4788176424349
359.6925827794301,158393.9890649211,0.61689994693092687,17,14,3.7834406749229448,13.009261123420792,27.977418274049377,0.99992294441543261,0.82384592068463591,2170.2015449540881,2191.3444174246788
376.64078247530887,162818.41865737672,0.45177431582288857,15,14,3.8443758237382282,12.582409748794236,32.23817708799298,0.66662470293487297,0.8838519991610948,3056.4382797716567,3011.870171076303
363.29470757691877,132591.55655353668,0.49219540328883038,19,10,2.1852246921960692,9.1190151406717561,22.305261068926313,0.83104985529441489,0.9977931497194884,1315.0928345201949,1334.2418952412563
366.60648944910452,170292.81957064164,0.62845799513604705,17,9,2.4642598821587987,8.9613119415381508,26.398291213073904,0.94947698309237483,0.99618082232687644,1850.357438961001,1844.9247979639711
379.42780199720886,103240.65799416497,0.35240098066441761,17,5,3.5135129176011217,14.163016527904205,25.212366095535629,0.7968313992985343,0.99431375633161945,1570.4049776237844,737.51064839904575
363.48020668650986,119315.12460182216,0.55877070906570681,16,2,3.5391960730628869,12.173932785995738,27.661687617593763,0.94672477523403553,0.93475449666678934,2154.6755738333709,2169.6520276193469
362.35986458105958,152245.03565272898,0.35784683127718986,21,4,3.5456792572644442,13.251655166926634,21.629047275613551,0.92333907063513254,0.99969919944625796,1172.5331330181705,1212.2941543812849
377.37202461303303,128104.22510717936,0.52026216208083964,20,14,2.7861236656714654,9.835854817724254,34.267879054291583,0.72725935830425026,0.99391923122111203,2944.1917926309711,2149.1076250196347
370.13383686937573,147780.02247381708,0.46150830002925741,17,10,3.2556276452870234,11.885831512189858,28.501191591604702,0.78915505131549224,0.99651224239294034,2229.3084488957029,2226.0036781291765
353.54141575763066,121798.35736504255,0.67044571916115425,17,14,1.5121009892731754,16.741385280126885,29.454010008854794,0.99877008185893312,0.57886826830067761,968.21608328486718,1003.6989859044152
363.53220993656765,107813.9842210713,0.39875783481093019,17,16,3.9098547735301259,14.559026284224366,31.024888252131589,0.65279176235181546,0.8885452041953279,2599.7503594335117,2631.0755661773319
366.88607438807657,130546.41497584865,0.52794370053258888,17,11,2.9858276331599312,9.7479783362843921,33.346225828312441,0.74396370923371924,0.99498679238473109,2986.316976973907,2985.2252958048921
352.16460841185631,106730.90557429615,0.62943172328687824,16,8,1.9699203987589977,8.5673691479216192,28.218541941919149,0.90210376856115249,0.99600021715753584,1804.3081352316603,1857.9517786102006
368.17507048469736,121942.2907711689,0.30379237161560868,20,5,2.7100633929829252,14.523646648050587,34.520004946484697,0.52443118679438083,0.99998551135164215,2421.6264264991901,2449.6528257207028
362.8542471498364,196992.70181610869,0.64825211034571684,19,15,3.1105606981330678,14.17981265418083,21.800606375334603,0.99998354571990544,0.54078192900004662,949.48181971960025,946.4028365911181
351.81383426967255,141407.89484849005,0.59960728501317739,20,2,1.9441895423142812,10.831701455075621,28.817436553182752,0.93086009855715945,0.95038846673918553,1628.0752633667089,1688.7017859260982
378.59767138126665,177142.31596553139,0.59072127481838121,18,9,1.8156716466073437,16.206592565812446,32.654303054001325,0.99497389579630091,0.81955482251901446,1405.2185113637549,1337.0225829641431
365.47118266141098,176955.09416259191,0.33716430413162535,18,6,1.7130754242851749,16.652767809347139,25.816729666766118,0.86520650767800578,0.95341999778668773,773.84873335636212,807.31810151532727
371.82813764633988,120889.60592035606,0.56026381464836361,20,7,3.024703507492724,11.622176019406028,31.897061216250087,0.88136964037050147,0.99989377540571722,2532.4306627212836,2144.7641018393365
358.11014767373456,157468.73508189511,0.67775244655759026,18,2,3.6504952819814576,13.366702826278146,24.271851351106005,0.9612571562366431,0.55354336592999775,1549.763515295783,1560.901404456456
372.01437008749429,169523.52886853652,0.63647824880521653,16,8,2.0298909814247819,9.9462025655341346,24.089046670353994,0.99603290631260022,0.87480044890591413,1299.9335094155886,1271.7722192452347
363.60194026678425,143463.1387643764,0.55918925103774408,21,15,2.7067354280381628,8.2322589519243969,32.739181289167227,0.74533701730714141,0.994795903522119,2883.5600212282216,2893.5059727775711
373.29174902385648,135815.29740378156,0.39624500149350844,18,17,3.2470316716766447,13.764839170396254,24.687691689460859,0.71226221876213425,0.85454520053366045,1479.7035907641286,1466.276248564754
360.30862799501915,118531.1907682707,0.55939107864452109,18,9,2.8252859485057584,9.799365179542157,21.03018798809973,0.99871380640316954,0.94415450525940747,1302.509308493853,1325.7079968479907
369.81434574966988,145662.95148489746,0.66724062384387506,17,15,1.919038188736826,14.542909995337439,28.571687944841891,0.99926526541551586,0.65305553471758249,1241.4035941360034,1207.7400280026397
362.61501790168461,159005.90941351454,0.35680342555772671,16,3,2.516289242905156,15.739114574225674,26.910445488372559,0.8534246416729756,0.99572015074406606,1225.2013158729164,1271.7269727878115
359.05245851295649,160821.76506987959,0.48908794313241788,19,2,1.777906360839838,12.903790380929035,27.224401480615793,0.88148842687188289,0.9464229000120119,1234.570132283759,1276.0207094778962
364.08944796756816,165059.62816624375,0.64220492823791608,19,18,2.4451507735330695,12.625122280097624,23.438199939135554,0.99927962023358485,0.66361009741716648,1129.3006341459027,1124.7266055072805
355.73092978957152,136949.79406022577,0.51276573445782947,16,3,1.827253786628408,11.729406479595418,32.928535276275845,0.79633664281945249,0.99972207031894,1887.4601313600697,1948.9412185711719
377.16596536576094,171098.39437136526,0.4571492160478991,16,2,3.3389341693758503,15.078601096766816,32.146100399385254,0.86059274627902904,0.99945844100023484,2306.8619414212681,2270.3280972530433
368.56371939704928,124613.3874739341,0.30876338767488332,21,11,2.404981774371497,14.247414077999728,20.594742514409472,0.93095423534335076,0.96842923923286905,664.47362203092746,685.50022388537343
369.18373523265763,114749.65151411681,0.43684474385389033,16,7,2.5508083752177848,11.979322507564127,27.434874671949018,0.77414783341026205,0.99833578086965657,1734.3651746882824,1738.6471817648362
355.0007496368097,181844.84091182423,0.64169141179979372,15,2,2.3697119830826816,10.739823867889971,27.909302947679208,0.94815881988530748,0.84834745011526802,1772.7155834169698,1809.4899110267525
378.55647313276143,135547.51412108724,0.40020554248104129,18,8,3.2056088534776475,15.029117772450725,32.435488501352019,0.74523455131132443,0.99939672882233233,2323.7639937502163,2284.5788260852873
350.07356388099657,180091.23842169263,0.55899482201669737,16,4,2.8773588450392049,8.7172240594365746,26.501493967618558,0.83291192358746158,0.99981927310363217,2158.388970983382,2224.8046019351304
378.93706709998526,127621.04692792034,0.33638625401531014,20,6,2.1944434685552388,15.158081064914391,34.736181917854665,0.59677364937514066,0.99992729703992,2025.1926886603078,1937.5559446006923
362.22918544127566,129641.68133444019,0.44364409576613023,19,8,1.8025572676770656,15.943562546137517,23.214999112279621,0.97140576727531169,0.79705198140965572,621.43984811302448,646.61664813133643
366.18075002508738,111825.24899642261,0.46909656560813534,16,8,2.7802198486869316,9.6642712739544319,31.340511518265359,0.67771355383486176,0.99881403893213583,2626.2887808978148,2636.3481715297007
359.54297608157293,154634.67042037894,0.64979310693544945,20,11,3.0114725922400316,11.977756673948726,20.578990452477704,0.9998123870591038,0.60155558296216272,1045.8420951176154,1054.2499812336241
375.90927151869948,146918.52056888831,0.40172045210773144,16,2,3.6265068562793736,9.3136676328921073,34.878848030045091,0.54806585702253763,0.99998434632535971,3851.1951459271809,3815.0464653091244
360.52313741605411,112641.67579522556,0.56406187824498022,17,4,1.527563867481688,10.958270123550328,30.666857106306988,0.87738872873230378,0.99940396636525508,1547.0980744217279,1576.6792619151734
367.62943659889487,112483.30905191979,0.31657870258399223,16,13,1.7991791518366334,12.187600299217086,34.98276801545768,0.46785096144594002,0.96635390306963997,2094.2295768577887,2119.7636067069334
361.26768131878583,183942.99840796753,0.65872993262891189,16,15,3.2137071964045552,12.863591155353744,20.073943038505476,0.99993476889098998,0.53252430594626332,920.89672512125719,921.99461273847521
373.70205575145877,149619.13179572398,0.4370944008777668,18,3,3.0095305973238764,12.561538752686483,32.667461412000684,0.7101646560565581,0.99997436412233776,2572.1770787054679,2550.6914861245732
374.97656783301221,188180.3453954393,0.6661692864162394,19,3,3.8753843135714456,10.700305207172551,21.895453863325741,0.98104973243864069,0.66326684248638934,1661.060924524473,1617.696364141229
358.06293617580224,154579.13699870009,0.51351074296722377,19,17,1.5224073523476598,15.996988967697597,20.08881060052375,0.98439398534516698,0.60693683264479759,313.88560077159036,337.43816986672584
362.75742799783939,166682.64356455085,0.55639233372459451,20,19,2.5412924167058084,14.075070945080869,22.880437318899407,0.97246278751799486,0.70391152292346559,950.68837200492783,959.46956563083654
378.62766848131906,126505.09699256145,0.32936692809668999,16,12,3.6626109474847457,13.72025285522372,34.816053072119161,0.53613782540739274,0.98855640836425152,3206.7903821088007,3155.2897938656611
370.47976620662945,174256.69188677307,0.58034781674628499,15,2,2.2315026125086019,14.005453319966072,33.713102670366922,0.92769250104139378,0.90844383312706933,1959.2457800732527,1935.1752970151833
360.89068449916817,182781.4074667118,0.41935373929013514,20,19,3.5755648039272359,11.475238736823313,34.706600163563436,0.57614982241569712,0.89807174428840797,3450.3208102730168,3493.3896544582112
368.88159179106896,190687.08917272527,0.52658561181385011,15,4,3.0146965577785685,9.5345347447565452,21.217778434659252,0.95363483095935497,0.99662037570866879,1435.5736772922303,1434.6654680731331
362.17297790755191,153838.78779333216,0.57184713954961874,15,10,2.3664879071463307,15.21013782614243,34.420061987219412,0.98580721824658801,0.95092540736100217,1966.1277810042923,1991.8726002555079
357.53115800748634,106187.65898225119,0.669881447879356,19,10,2.2998238405285667,11.758277863261885,28.409480844267868,0.99936007047741104,0.79669984101471314,1665.6385298066818,1688.7610273870991
370.03070003734001,123200.97988670132,0.65564309105651597,21,13,1.5522255494626669,13.767430119179854,32.826814815374938,0.9973291691203332,0.81737891902170534,1475.2428263136255,978.68835765657684
353.67265828344631,129439.30193830929,0.69875697735726072,21,4,2.9980812700134303,16.189753991348553,31.064501628640343,0.98854254980030165,0.56749129142135291,1806.9954112467367,1839.8661951917479
365.0906425126459,122841.97530054471,0.36277736255984938,20,3,2.0000385802181153,9.7260021714963951,31.493236984882149,0.52487473303558585,0.9999967302007694,2131.4995491083037,2160.4871231109387
376.00903345145241,201754.97125359514,0.32966264766271347,20,2,2.3998441520615841,16.306570578397981,21.630485398532116,0.76540224524689582,0.81260123292852082,572.80778756272389,557.60436819931056
375.9460795818996,112683.365785266,0.64240432464430919,19,2,3.2974387436903108,13.3796499611296,28.555073080826585,0.92581070587846703,0.67904636865964063,2007.0514424069099,1066.4568772219534
368.71214369943465,114133.61808574419,0.44415070462550532,15,9,2.3810550267553059,10.72240194620071,33.731603268232007,0.64854564729354292,0.99445932590587638,2503.0644406908527,2503.675458635736
373.91278409552422,153200.67358065041,0.47386422177335752,19,4,3.5880570080292986,11.583901953678533,25.576920607163068,0.86614993477433899,0.99994821093146213,1997.9245979474756,1980.4130239709523
375.8277481735534,202483.95953194259,0.35714943259995557,17,16,3.7604563788897156,15.238142405066705,22.407286136977973,0.79549236595410766,0.84906681548965779,1074.9060620321716,1058.5192353084569
375.50041661349144,108640.30748648524,0.35257523637260707,21,5,3.1980284837313748,16.594532886829011,32.115847336477998,0.72945545055931249,0.9999265611021243,2073.2228338945092,1567.7633491212141
352.33109482346151,142365.10604695359,0.46336309428967676,19,11,2.7022032123763906,11.341448338128835,29.359343778015742,0.75381143950474871,0.99806564269975351,2114.7365576479829,2191.6012013482482
370.16787150361478,143091.05310245181,0.34635908398135828,19,10,1.9566934759111734,15.460230415423041,33.62509119221945,0.63938881543932491,0.9979319429178104,1730.0808374528663,1741.8084669023638
372.24769636058141,177881.21989110846,0.4867489981529376,16,6,3.0437858815683452,9.7709712021271571,34.949267494445323,0.67555104870758453,0.99976375926954464,3264.2488964588301,3237.8907485547911
360.90847470391003,167816.18270695448,0.59484642429037327,16,9,2.1782130649790075,15.067703776660238,33.130013580182577,0.99721619532659189,0.88752752727027051,1741.015254025591,1765.922132635334
375.20532475126691,113996.42406402441,0.3229189553994618,18,11,3.2494489834105824,14.853154468394422,29.636922880633236,0.64398809882336827,0.99664914817656169,2022.5086616273516,1983.8828225992957
378.30813527909487,140767.66645320892,0.6934928474725035,15,3,1.8893115452813505,8.9872513754708923,29.92805344056713,0.93706021495982927,0.87406343863941915,1857.9665261813586,871.28109102401822
357.11150660370083,175303.85234947628,0.49266421626557788,15,14,2.5110378812770535,10.689422588614011,24.85351097886614,0.72682898008493546,0.81762251695721089,1582.9338392546967,1620.276190826369
370.18718004985118,141852.80488818837,0.57359918966374013,16,9,2.8011172295778293,13.56473158926644,31.304424457479932,0.99529058020424865,0.97777552470559914,2045.8994791945313,2031.7461527899059
360.78464882839688,196718.11351404985,0.48796318924704712,21,13,2.7949656079705489,14.072138908938104,22.737437440903129,0.99981942715414684,0.82722974925036652,996.76411963547719,1023.4698824883737
372.02692135617923,107231.84196910879,0.45642470921024586,19,2,2.0554517979204121,13.387321291858015,31.548791535735965,0.79255331419372921,0.99953393014319813,1748.5847836065379,1214.5643130282301
350.34820657983806,197139.82374221296,0.30417119719617591,16,12,3.8191028320451439,8.6520111353984159,32.572739214288418,0.41171730240665971,0.99316729683809368,3801.4274733320103,3916.4177254432507
359.90886612764041,142136.81035146775,0.55961002920729885,19,6,3.7148633178800172,9.4115083865139209,23.028213186204997,0.94636783670302971,0.99987887959245703,1967.8243569330141,1995.0369611567589
364.71701025768044,157703.10928666955,0.6331572349792769,16,13,2.1637647478331026,10.927432702727817,30.359994244799015,0.93221755369212644,0.89871394508239222,1889.7255845746067,1887.4421537646963
350.80493348859943,167552.01981661672,0.51603287955455768,18,12,2.0057118295881486,16.333602266317047,31.416278654896317,0.99605138390001335,0.92726414355420239,1375.2493569360558,1461.1992894632276
350.4842589479984,195539.84035640885,0.62779265174216559,20,15,2.8296948983002741,10.013667796570653,20.835238250661753,0.99997248804541583,0.77442692610736341,1256.1489069775137,1298.3362754658651
366.71969327239771,125720.69060805757,0.30648393394907497,21,18,2.3733344076861012,13.046300417709769,31.730230277460176,0.49886158726491303,0.96902406578243083,2062.5909302487748,2093.5678937756365
363.49206016200691,131244.54537283137,0.51108845889494836,16,7,2.7040683016009792,9.8200599723696058,28.799734124773991,0.77504647995324594,0.99907292789546642,2221.4447222557146,2240.0189920317885
357.14140957386763,149927.63948619738,0.62226321420998465,19,18,1.936630836389166,11.654921027639844,33.952877344318139,0.81058505419960158,0.73808117623252989,2057.3037521826755,2086.7074173304954
355.62758990384526,163461.19084896371,0.55801109183313224,19,3,3.2624968261993477,15.853043629144805,33.640008169473155,0.96798390181075411,0.90201304183351394,2313.6580772674647,2371.6412448037086
373.04479003163743,108081.26807731812,0.62918768170239447,18,6,2.8277954133550924,8.2485375257053128,23.043348408496634,0.97861416236852028,0.99744369633947916,1724.359802981865,981.90790916881997
360.6196817609387,150423.58627947068,0.3351904448249643,19,17,3.4103148276911339,15.118668960131551,26.000097268768631,0.6979419216237045,0.92585797357764765,1533.8621143891198,1583.6043184696591
364.48024529040339,158743.56159351394,0.55394532850102762,17,4,1.903355649367839,14.704167742772107,22.07193511271241,0.95294230450432049,0.64597831686815221,654.7956537757816,655.96098113905282
355.98437357469197,143004.15519863999,0.42709693756738221,20,17,3.9942376115972817,11.93306635201027,23.138321964726003,0.83521351654998754,0.95610926131163254,1750.9685519811981,1804.2001663917622
350.82074148949738,107124.27468060193,0.3531829147919312,20,17,1.6643272005584993,14.477276251857297,22.594680527190064,0.77005166336421715,0.88056312678761828,683.92769875311046,759.48615699796096
350.73257722517133,172944.91753186562,0.37216329597453429,15,14,2.6243178680225512,15.502044644302243,30.060393827681146,0.61858998984126656,0.85926174116995857,1704.1019791159565,1797.7744172406299
378.24004959946967,198506.13602512295,0.54898165407661104,21,10,2.9199864336200152,9.085393748710116,25.687488132304274,0.84930043120498877,0.99973293239937411,2031.3190560144342,1985.3933507103084
369.26381484931511,160561.28718277795,0.53851523179044725,16,5,3.11336091679755,16.754363781102171,27.780986872711679,0.98625997447880065,0.75616972464809173,1378.8162191073982,1365.3623891879668
363.30292136835072,196132.06312114792,0.36835079279018135,15,3,3.5389869314877567,13.162221887940179,33.69825698273641,0.60437650613396487,0.99990184523918246,3015.6667235444197,3058.9603521572626
372.66803364853286,110885.5256743252,0.65165693968592997,20,5,2.8937659831603209,14.264510486516407,34.045696519322554,0.98432600682038984,0.80964160921004258,2342.4373070982701,1239.6141897829893
352.63310585937609,170364.3655491742,0.36523977112182093,18,7,1.9859518573200883,9.6339125850079164,34.854926031453033,0.50470853455175735,0.99988049525727896,2463.1054182229791,2562.9654482032402
352.72860632565272,118471.03091067843,0.49907919431596331,19,16,3.0358314885982924,15.179869327753721,23.358908250033348,0.99995388320849254,0.77080819058220151,1000.5152571146619,1053.7922785509952
374.98019198604868,138256.52183972852,0.62699555182875866,18,7,2.5842489175440662,11.129854720270194,32.407069845314638,0.9545416710048551,0.99911372002504861,2333.6848083288623,1847.1111615971827
370.09152334514613,132932.83603694572,0.6231043528411091,15,2,2.6852171440563244,13.520525227825402,25.976561893067117,0.94060301424165804,0.66939560995164904,1408.6009645844599,1380.7008773878247
350.74272080256264,144235.16830874031,0.39655330853903975,15,2,3.2795353837503129,8.5017372367213184,32.811009769828999,0.53522972374449163,0.99996817569051411,3392.0010484452832,3490.0501427925437
362.21834177543332,147099.2030049662,0.35734894162764874,19,6,1.5311426061269093,16.961151961088252,20.133424237441936,0.86389638462054874,0.73739133543561941,249.97675122421575,276.9063103357924
365.9898098151711,105936.37030551572,0.50477084864755351,19,10,2.8553470538267156,14.1963607399307,20.933851846286025,0.99895889679464689,0.72976668621985563,787.4876968011655,790.47724645329504
353.33435939087735,117139.28690461552,0.58634540272482916,16,12,3.034911382422198,9.4825675505593274,31.15319391755536,0.83189938195868207,0.97473259535701684,2737.4017897139915,2794.5843378337586
360.80809312910219,123242.81268848482,0.68038952879253289,20,11,2.7221712485924385,15.041601430512314,26.270440283143166,0.99977931409314469,0.55804064129240338,1266.8811724878353,1268.6383805564367
369.95761142453534,114313.53793467567,0.50765845423442857,20,8,1.9687917022704109,11.843834499303174,22.661887719890515,0.98704556480613515,0.93024156432788596,976.16581685824667,879.88851716590568
369.9692927187445,199890.00211134192,0.69943281958542425,17,15,2.9411475380911249,10.891819569609975,25.222383878332273,0.99991046581651821,0.69593453786935677,1711.9004004604803,1679.3839029217279
364.24616187761825,102175.49464308519,0.59336937849777871,17,13,3.4540730662076919,16.60183026660971,22.777542093253015,0.99992862715498065,0.55786605566723468,833.74815429003104,646.28586157061864
377.36258615677832,120826.83699858471,0.68408196041587821,21,12,3.3428853829307723,9.9257217306996335,27.318678212886994,0.99990999746911968,0.86935224898855534,2289.5194677710087,1392.6632777972413
372.77603567077131,147541.56895266197,0.48379055004308802,21,8,3.6439325292900198,15.291099827885208,24.904162722660303,0.99813123737872811,0.83953229139333474,1353.6546723953281,1336.6633125480689
352.71467043488968,144081.37220361648,0.53976090260360432,15,4,3.08007809319149,13.24621345289853,30.25898689892329,0.95776817592495755,0.99701375216517396,2122.6972744523878,2195.1594020726752
350.31477132771386,125303.7640511192,0.31780927568677625,18,16,2.5698850751011872,11.024126690744016,33.922322772930997,0.44827976014872523,0.95319023026122651,2687.5564561851638,2804.9654892900717
379.79229187984595,195240.72363078344,0.48853808533872389,15,4,2.7066271893152161,10.406769476747964,32.416267658062871,0.71942027592820335,0.99975721054251776,2599.5347395805625,2537.3057810139003
351.72368977965959,115289.99560003175,0.47595252274390576,19,15,3.9801274682962311,8.0409974164520381,25.03182057057592,0.69460943651719564,0.98609464599617258,2705.7587209287449,2769.3494871350144
359.37772479484681,157410.75712169256,0.5624574311360363,20,10,2.7998694404252817,12.227151725031506,32.833222973744022,0.89575173275907161,0.99930633199786623,2423.5792869600955,2462.1132440093315
358.91638356464745,176527.85994413585,0.63391804415101716,21,8,1.5628436819178411,13.940334374925744,29.732998734220395,0.99180944187965148,0.77152589536723193,1228.9361877536778,1250.6012344935291
361.9793401790547,193706.38064553757,0.61277871371363846,20,4,3.7781764110421494,9.9132701606882137,25.18525512107194,0.98933721115373807,0.9673576161595473,2216.8686977939674,2232.0135649716076
373.39401941989269,187668.97041243463,0.6827825324160276,18,12,2.5308704420893315,9.5765899887599932,29.000338956052595,0.9993681555796069,0.95919552693441146,2079.0192520663636,2035.9080952672009
362.66073412556699,165673.85359954683,0.34548749041552074,21,14,3.4960908570328062,11.102480918560866,24.413725923913869,0.63169830810116834,0.99766196331153656,1929.7651462346439,1967.8576229036853
352.97519419167901,190430.53273168672,0.4478531299402253,17,2,3.2655601818299509,16.345858324533729,30.706912437689915,0.91211623749033799,0.96002933196177032,1890.2391459071157,1974.2330461907773
352.10295814191596,198058.16645462444,0.540361750897561,16,11,2.5543276322012898,10.183604879361393,21.643937728481337,0.98476750159122006,0.95973261157471157,1238.6815647187825,1291.784218795164
356.68073485255275,105475.72120701456,0.32311812488097608,19,6,1.6468803227069075,16.102863926697459,29.980750067709362,0.69685965351682033,0.99897934516752152,1174.2368843635852,1255.9890960807641
351.63084953305815,140945.49445343966,0.43461776578864908,19,9,2.3371808963418852,11.792280595356729,26.04740866530333,0.79319279404128085,0.99884192192774202,1498.8769705935531,1575.7118558123293
369.74349792892275,113976.19790381183,0.49512881308064272,16,10,1.8874558643138917,8.0351640634127719,27.146769227493447,0.69986397759790619,0.99183162709930417,1763.3074267537022,1708.4025133311866
370.76695487108407,131281.74521050652,0.58996608336100631,21,11,2.2211253476765123,11.720694950269859,23.914586967255261,0.99926213773933614,0.83592912516534135,1190.7031792487512,1171.1427543484015
363.75589747873875,148378.64017508889,0.32441646164917221,16,10,1.7080618636231226,15.212659132357995,30.644619752501427,0.62970175906102233,0.98526796906966652,1347.8393603983143,1393.6512656747564
369.32527515179726,181367.08803890148,0.49953730132285068,20,4,3.4761292164572342,13.617760719684306,29.889434748328959,0.91763230592010059,0.99995022481742657,2245.0707093902424,2244.5631076441605
363.34432042977971,200757.12927043095,0.30671094901538964,21,17,2.2492839618171336,12.445887594368722,20.182066567855454,0.72147043417804479,0.95110153160877131,800.73805636721886,834.85844107104299
358.72858523535012,191616.53922832833,0.34351342347539654,17,15,2.4128842831226303,13.807200700673834,32.92025399612973,0.54435133550315895,0.934502136874797,2124.7959985506086,2191.9852551450367
358.02914640131831,102266.30421386317,0.38274224997781009,20,7,2.2898512464175083,15.961221102750031,27.773727938157379,0.89777829851146163,0.99839433009806067,1202.3963450573083,1268.156442791159
362.13154296902081,123456.87296487566,0.42819008479189286,17,6,1.7640137506504607,10.311226323930185,33.357511409450098,0.61965455689314708,0.99974491322899972,2057.0397139090064,2094.5507286121765
364.09831503052652,105689.86105843037,0.52801218156094909,16,4,3.1987869759887859,11.259451964104294,32.554883285702616,0.80711247854305168,0.99984858342162786,2810.8805802643783,2827.3339284420344
379.92801459378938,171387.82690248443,0.322642312034084,19,8,3.7598539145010772,9.0531564151282211,23.850669368973779,0.51998701871502451,0.99991957523808994,2300.1428812976314,2269.9799256377028
376.56734278249428,151903.349314522,0.41250567636618962,20,5,2.1004795071570261,13.931983158688517,32.706651293137881,0.7185675745917558,0.99993909628951494,1855.0739640804388,1823.0469053614941
370.21428945511781,196393.34097792924,0.30207059310690371,16,12,3.0617293640827898,8.0886954660064987,23.553984474970022,0.45465901187473778,0.9896721427995363,2064.0986017325863,2073.4515472215371
361.18659171316614,175513.84181165055,0.48441727126024225,18,8,2.2179025567945727,16.606450305228798,22.417854417454382,0.99068139570096581,0.69274802734708096,567.95118260206152,588.56027605694976
359.62444913282729,138408.34505089314,0.68742180309461198,15,5,1.5610145111402254,9.6763070566399527,27.291386404375725,0.98236748108872773,0.84949414477203644,1372.5323694548415,1384.8982858990221
369.89533388152034,130374.05370344204,0.52760519789091243,18,4,3.3725896919305698,14.566732867150444,21.292036359904817,0.97336360317282333,0.67819678901666003,896.39178085452409,882.64440406150811
368.63396703290471,172114.45768434656,0.47736559676908219,16,13,2.9510637196752074,13.911458541857293,33.619293841630821,0.77881132531738395,0.94966685683057894,2459.0271696252858,2457.8248814838189
379.08379814933232,160412.72655152172,0.53767142664222267,19,11,1.8636724674520886,10.42708652833667,26.025989624427627,0.89222972635569631,0.99268320063166227,1383.5518642418203,1336.3413905769187
360.59829718510076,159972.81373762176,0.30471160558104121,15,4,3.1855159547748895,10.972224059534829,30.802624291140873,0.47325760107620124,0.99990582603489797,2722.815673451882,2783.7038494917824
365.18862815401917,173497.32343423297,0.36261830320461574,19,11,1.529555680480734,12.285707259095602,29.910806315243619,0.61278649444395683,0.99627223505348306,1440.9272219821664,1471.579506143959
351.41709560416035,186312.74928088597,0.58057515107575264,16,7,3.7274294447603618,15.409947229431918,26.77641905588164,0.99795296010124968,0.72728300421657088,1629.3995048934662,1684.1694489433669
377.44420961963209,125834.342640852,0.30148811179127299,15,12,3.7635897867444852,11.919067914886897,25.197772390052105,0.55027952433821004,0.9756824473964083,2059.1039328186389,2041.1789579185938
357.46970313980228,192757.50799502351,0.31226936829711127,18,12,3.8124928517391248,8.6608528991117382,32.164335065802717,0.42674561256740978,0.99839138922664916,3725.5372466477247,3801.6812803837356
360.11597016178348,155592.88562948274,0.67084030577182163,17,16,3.1469421254573122,13.679149561113281,21.69735775425907,0.99996568025467458,0.52208127549946037,1007.8421159019857,1011.6831577378607
368.89028534532537,197207.91890108219,0.69815854396914379,21,15,2.5868573453740016,14.47227516755428,26.939126169618277,0.99997783572395016,0.56183718693445805,1355.3667636599291,1322.3923933578171
370.38635981981008,119051.41542509118,0.46289579799937197,19,13,2.8040256319904509,8.2283963322580771,31.365667561728351,0.62616494882025331,0.99619776225108991,2839.9249906127125,2827.624524291391
367.1360900544683,195634.25506108539,0.49552446732107758,15,11,3.5293248097056016,9.6952120560706643,29.662763898967654,0.72773296975567814,0.98271731155129693,2878.3230216339102,2880.4197789261366
374.40653780370326,181994.40317701211,0.64709941530583093,18,13,2.2069765829032488,12.636887513014436,20.020258248516011,0.99978021641758996,0.55896129710323184,717.71999406213217,679.60987544486329
360.67869346947816,172247.94502878762,0.65674489263895808,17,3,2.4955895721181713,9.3242403258281943,20.600441398250609,0.97097256652970598,0.7232863380498612,1202.1174757071815,1208.2769784091138
352.47908643948335,148564.42013673956,0.36472390537246002,15,10,3.7934147485640901,12.995322596247924,23.984587075400441,0.78057653089635326,0.98693202746032327,1663.0400001836681,1739.7714054876806
376.05787220008574,163586.95231113161,0.68199170390044261,16,4,2.2472406315654858,8.147388409192855,24.655182326119476,0.98366584475406649,0.92926897530278008,1630.4599906402325,1582.3037936866338
363.07499779436972,109202.93910804183,0.40087575522186658,18,7,2.1353554023807817,14.138996395736466,20.555157407624719,0.9678369119719149,0.85640380690067519,613.91475535864095,639.60346950282758
366.05856520323016,112835.14458232127,0.30514260194354809,20,8,3.3650561785217015,11.948920348464009,34.517624164585783,0.4666814083684141,0.99996573869712724,3233.6583574479127,3271.0925907534129
360.22198595000987,150487.14710172574,0.40423518365806366,20,16,3.4193217277100727,14.67287331002386,27.635259702119633,0.82820071097617576,0.97026697685697449,1794.5120742553688,1843.6475001284889
373.64749224237517,153716.68355152654,0.35819784250566633,15,12,3.1489617097850244,16.615871365731522,22.606015572138602,0.99103802424822973,0.86995762630479512,754.74627685531846,749.49209465945057
361.3663118862483,134524.44740170392,0.31537536890024415,15,12,2.3120578561794902,13.060196676517929,22.61708261879258,0.66566465860761459,0.94094997181844731,1016.1476200532926,1059.2342267027923
375.7374045197933,136595.36669410899,0.60291265269715621,18,5,3.3412860347456852,10.672872600289468,23.268606950300097,0.98949854146488236,0.85329812449715836,1661.1513039251774,1261.3721090299045
353.58219565036342,159039.24751339594,0.6083730671433607,19,17,3.258276051635983,16.363942298154321,27.78582053064174,0.99998588007772815,0.6649746988525842,1474.2010126934754,1516.7975339972013
350.27233627273807,145087.22489577418,0.41772115291157791,18,6,1.5143291524798435,16.240073779618868,25.012452971561558,0.92070035247901105,0.85397493502571187,679.48088796765239,757.88783655832003
378.82497228896477,117683.12284091098,0.40618853723670129,17,2,1.7051969096073245,16.840931975241254,31.770317310476823,0.66493388423210376,0.8231888276187932,1296.65385759273,386.22102404381428
372.53757664226816,189067.60541475684,0.46665595502238216,18,15,1.507022116418395,11.751629565935875,25.622288097123285,0.77220279608563946,0.89399801704153148,1099.2972926782265,1081.8929339111864
369.58343975546001,194258.08278472154,0.65133971043806815,15,4,2.6780341365132641,9.6175006279496014,23.539950274729613,0.98467035667403446,0.83121414191969878,1557.2037568204848,1535.5579365822291
353.9544927017505,113014.27098778631,0.34173379858452846,19,3,2.1265854453062261,14.725873503955022,34.061651313210206,0.60197573067381982,0.99997540795919027,1956.4306993028313,2056.5611129391491
375.37635540436315,116985.93614518613,0.57014872104265502,21,2,2.1412911172027038,12.989761488794237,24.254103613220671,0.82504346115770699,0.65088937932272495,1109.0443344570172,309.42574701425281
372.94675673392453,165921.61214863477,0.48956696365269226,20,10,3.8483644939334432,13.627970275615795,34.801653403957218,0.80446702194660591,0.99967343992370328,3228.5836695846988,3204.4460210105531
363.43494909735159,141690.17431626143,0.55509907563920091,19,2,2.8461476821581897,15.061786318059447,21.134616364924991,0.9099050809735818,0.5879567054722411,721.03007435598647,723.95731977936339
359.2394003245418,166974.02962210251,0.45188192963700208,17,2,2.4783981042134409,13.433301950445539,24.602836095605902,0.88780727147347693,0.91057184413280401,1204.3358802871335,1244.6239378811299
352.25113308168068,127534.71531004201,0.43937349320912739,15,3,3.9528002169640426,14.039701419802709,33.700368556289639,0.75301128420235186,0.99982139182651208,3087.4086285040003,3181.0029720518733
373.83193443182017,184601.6898932427,0.53169624105640501,21,3,2.2876625041109491,15.171027318285791,20.756612329844671,0.92670439693303797,0.61373553027763095,565.05163348621647,536.4169873628764
366.98400629753434,115953.77694209552,0.42490684915605936,18,17,1.8847533857782466,8.2725372935377699,22.113218761167126,0.58224077804797414,0.83832581963250163,1295.0981289184269,1299.8135474681965
371.19005238698799,200101.11272808805,0.63541693564694535,20,17,2.2614733890807908,16.616131446902703,28.441045114421772,0.99996482648675822,0.62401494517121014,1168.9584740960645,1131.8973675392861
368.39693597623472,185146.77704802511,0.48261606377329802,19,3,3.7407517229140512,16.469394390224195,24.237736299486244,0.94918667029611892,0.73747170553601071,1128.1691175061092,1124.1997674250692
367.73689700657826,199400.26899406494,0.34300819102585073,21,17,1.5283775603883951,12.689634264998899,26.749288146549038,0.615580538859823,0.95899096505457437,1148.50768336598,1166.924793746671
364.55432998789678,104067.19302039153,0.65507678102627864,19,4,3.3464386183872223,16.112897620265791,21.423131413237719,0.9750499897299213,0.45037485289718682,703.3010260261816,348.54023318352614
357.33363924839239,135052.7719261286,0.43080964047189008,20,18,2.2836175446132128,11.704916697265542,28.784331011827724,0.66361324422042578,0.90890572961104854,1800.8865225365867,1853.6607049602576
351.30663991342607,172705.30181258766,0.55952965399737598,16,10,2.8310911095973994,16.447212680469832,31.349636275251228,0.99918337312841765,0.83884301836647412,1730.7744957888979,1803.11665874553
376.61379478912045,184765.01490878832,0.38819277811686481,17,2,1.8707963459080998,15.615311164301033,25.40743416169073,0.80796308514832471,0.87503875880361526,883.59017199603409,859.23993412515335
379.35098470930058,109876.9345810238,0.51525911092251808,15,9,2.9666832222192006,14.792545389156576,27.502229212996191,0.98738519073978837,0.89042260894938197,1532.2361149612586,622.5214630084588
353.06561213341337,143181.5962740067,0.45092458434669513,19,17,3.7945378515824539,16.057383964803716,20.195493582883149,0.99998797848369392,0.69057377715706614,601.35904082738148,648.23837402310483
371.71891533198715,155973.74761381029,0.32517483665681202,19,9,1.7121035844667831,13.722364387426229,24.298767186600607,0.73827025272375413,0.99321120827904574,911.48711883308943,918.99909952665143
356.43823037531143,113270.42420934557,0.52145314836097867,15,3,3.1849591521115315,15.169675538298057,32.159302668887797,0.96092941991952108,0.9707784730550616,2172.8971960238309,2233.6336918189818
353.22204743164684,162014.93605131627,0.57081400816956562,18,4,1.8659077002193816,11.684313187659399,30.934995747613719,0.91709210710824163,0.99962403686465628,1700.7823107924396,1765.5468892434556
360.44045293184018,173130.80918507554,0.43799735733885192,18,5,3.6534283409660038,8.4989807769218366,24.558286539906767,0.66978171379519191,0.99997099344592988,2397.7578518411965,2432.1028346558946
364.35245652953745,136640.92782813607,0.64493284608609946,16,10,2.5089323354197042,13.367903727682261,33.942924334049657,0.99897284190692059,0.90005003412405338,2188.7503302167834,2189.1346439863819
366.63044283044081,197374.35874729877,0.63775381099383988,20,19,2.1448796777566335,12.495063554911439,29.669700959583139,0.891977745304809,0.71170509053664444,1672.9774005857814,1655.1580923945176
357.92301679941966,143548.8627944426,0.37696655681221741,16,3,2.224498512120296,9.9701600193917557,25.945511961349059,0.6121677483681518,0.9998992924397847,1664.9913281924032,1719.4459074903252
357.78877757926415,134583.90473220072,0.50642974108930816,16,13,3.6045899953019913,8.8340628102245109,29.849027128552098,0.70589545763223205,0.96805500273443956,3089.3410726447455,3131.8932999949884
367.6023035051079,158309.39387620351,0.52463540944884002,21,2,3.5640743030393844,16.028822155982638,23.188724772850389,0.91540564578175165,0.64991495287318612,1007.7204055883813,1000.0932710784086
352.76909947079099,123966.53326012401,0.41888609542124255,15,9,1.748940847009548,13.216578939497275,23.861838845315781,0.88123066440092102,0.95350217424301542,908.19040558723066,977.07869534852171
355.52813724657898,109937.39764918924,0.64497976752770114,21,10,3.0514566549607349,15.344110380122025,22.459303785583145,0.99960488976736206,0.51946267912465771,873.81403376525157,895.40923656739574
362.59792936172704,111315.68700933305,0.66482587852708952,18,16,3.8896369905182175,16.774860266860976,29.573429409604721,0.99999103050797189,0.59089297864272072,1892.3951892071202,1889.8231428221691
372.89177138254126,179180.66017095064,0.41165919629238817,17,15,3.0961210013725582,12.501516243702973,31.408473310989081,0.63978437222779294,0.93335527734656309,2494.5975593877683,2477.557714551539
373.51146187659424,119757.80165574752,0.67381694039731133,15,6,1.6776766483055785,10.488012748717802,29.82853665286607,0.95690050013749628,0.84820798968893996,1583.9710231513848,615.73468014676598
356.75332489613601,147127.29089671082,0.66785640167767313,16,4,2.6819857118342316,11.446292084293576,34.537306980664056,0.98666576411522977,0.97536265582068737,2584.3717194277415,2623.0437512597719
358.52105151175107,144996.06801947611,0.47396234818223348,20,14,1.8758668973956725,13.445077693159728,28.733518218120338,0.86865635597447644,0.97488141728659561,1367.6539443190959,1416.9525985224072
368.31365584870036,182309.24149616441,0.69750210730435103,20,4,1.5110619749137644,12.646446601482316,25.716468781152027,0.97197728957319851,0.58616616474132011,1000.70575459826,971.64487386470387
363.90971691788161,138057.77165306569,0.3189543132067445,18,14,2.058671008104926,11.361194410931875,24.811121076841893,0.56729688095067565,0.97504457750603724,1336.6766990867352,1372.1249025000143
360.91334773543912,131804.29684983735,0.47412064725445613,19,12,3.1870350678697545,11.7770914103175,23.520231452582046,0.94217460983133083,0.99260824908856726,1508.34261529019,1542.6728112406199
358.99921342785899,112848.69848084796,0.61540667545246275,15,7,2.7085776315238688,14.411179285497488,24.090704350301859,0.99634799303272659,0.64045882816644017,1088.9024895873101,1104.9011780244091
376.83533624797377,187476.66958482075,0.58532613499660946,21,14,1.8257096632158119,16.938488849494831,24.134509804693288,0.99942848297157261,0.59059705246317495,616.39298092877266,566.93482841376385
351.56695949526829,124127.2358029887,0.6300805350290366,19,13,3.7022941944436765,14.006094381812538,27.757831466122454,0.99997110647328691,0.7330927083824762,1959.9911989514951,2010.312384891997
366.2149569727876,174051.71475104339,0.62921764077861675,20,13,3.116524592741559,14.296510636267957,28.132395342678016,0.99994990114454796,0.72956960446647945,1726.3401927649563,1715.0276813366515
367.70460337188308,140666.2632837694,0.40220317424942575,15,10,1.7301474121256331,10.382860194728645,20.783645918671343,0.76604279870713399,0.96226195404965442,898.52047267585385,909.32509779541988
363.05468717194378,190921.31808669213,0.39023804348289876,16,3,3.1225028530065915,9.9067030322904248,25.287222637083484,0.64154929750446021,0.99993029784398746,2041.9298814693425,2073.2011641876998
377.96903405249537,137637.08240865151,0.40730696972551456,21,17,3.1169413594832989,14.015191149345222,34.758541960978668,0.66956272207564238,0.98086899382667936,2740.1323858775313,2696.1751696615474
350.05093622385101,138297.25026310649,0.54710897346047793,16,3,2.6981555753181015,8.422994018968657,25.857446026633234,0.81137997222848768,0.9998757633558305,2025.4444133179313,2091.3522238217324
377.20810078779147,118937.47011397692,0.60720089752934914,19,10,3.363644508659053,10.838362130737567,24.220869261075681,0.99935940027635661,0.87698924867454819,1770.2367078431221,975.58885554240328
373.07423521533337,184364.17656192975,0.59713248758393611,21,6,3.7069508934678126,13.334022728198217,31.519492751348061,0.99677468778361833,0.94789058718284103,2596.2824963816156,2562.8072030067228
359.35834670161751,127601.15017559715,0.59449220985284024,18,16,2.1457041830968597,16.54195661275832,27.890928690291908,0.9996622888131218,0.68349612562847195,1082.1571846315189,1102.8297824269639
369.76085232894906,198353.50673893889,0.33920152184162355,18,5,1.6653706001876252,10.781658685261689,21.316379296887376,0.6855769357414998,0.99923738900522796,898.99396446149979,909.78211785079407
364.02251709712789,108772.13249291557,0.44838259078337928,18,15,3.1787615102713902,15.626885512216894,34.814648457101853,0.77498975591801433,0.95268862865987791,2533.6327360887085,2563.3849408718638
371.57641981049272,124057.98211308519,0.69618687510797139,19,13,2.9579361458598186,16.53432721113289,29.341377737303908,0.99991036681079637,0.53906869521572731,1536.4210011122548,705.50395132476228
354.64658351695005,107894.52623938925,0.49464848279666551,20,2,2.2487382000535283,13.085558333350605,26.50532694775859,0.90163214673435443,0.92276582090168535,1347.9573399638896,1405.252592478585
372.11342094075093,155894.4272819639,0.65574631625476587,15,12,3.6222255680130604,12.950709392192637,29.653685784960949,0.99975809124136705,0.78797867678512767,2340.194221508717,2299.8924274829828
370.58674191365333,190850.69863156541,0.44646872220905592,15,14,3.5127377574957928,16.268256436943197,32.486014641589023,0.74767281888144066,0.85380552633956341,2322.3406571878445,2311.5459331943689
372.16552921062129,139489.64436344057,0.52077528018614982,21,14,2.7936144161990137,11.106316378276476,29.462292349509568,0.83325137017226436,0.99560630921892423,2179.5348986658732,2159.0198835146452
364.83298682361982,164873.67359964599,0.52294235309921622,21,20,2.66210579554726,13.000519851027764,30.161663734822845,0.77379020435158807,0.80823938303006837,1986.2344767875893,1991.7415169977778
356.14203617221307,159163.64315965021,0.62280095249842893,17,8,2.9984864432198552,15.71496977627276,23.953726979160553,0.99840542911336283,0.5741137834003236,998.82977165469902,1022.7850849509942
360.66591257392241,162082.30239788737,0.62559491004881518,18,2,2.4105781061127369,9.7426979338828001,29.674402653637529,0.93131682616296529,0.99975129739230006,2089.8445998200618,2110.429782515942
355.76373993450483,139234.24935419217,0.51926707350714141,20,9,2.335532648479814,14.657810256224037,26.751141442608155,0.99723378572624377,0.87505473639592601,1223.3641474524491,1273.7068408397495
352.50617151808746,107316.69458406069,0.315602667883226,15,4,2.7407243535228654,13.984723507834936,25.400589236372891,0.70106136495112659,0.99904442652038528,1364.2912213590207,1451.6023420826787
350.46709681943389,122520.160745899,0.4703131868548287,20,19,3.220990467840724,15.5054797944629,30.244111322755511,0.78716248732553695,0.83090679848206228,1962.0350283634398,2043.8232830840689
371.9020336108897,117795.23204991801,0.42862073112121812,21,13,3.3671927032878277,8.2981224803054339,25.33352971097386,0.63698483162121655,0.99913582559618541,2397.2643337072395,2386.7088351574389
355.64379718524117,192707.91724405345,0.3912498068620372,20,12,1.6578725158168806,13.361916938163768,21.592308544261524,0.92066949402408504,0.93485039141987991,673.90022807151263,729.69534678082982
378.99607693580725,156828.23993276246,0.37834763729563647,17,3,3.2359497285933623,13.609677026676795,22.174789351562406,0.91737658399291455,0.96085729436479883,1118.409252643818,1094.7435743165481
372.70828100444669,123326.25255713744,0.67815773935455714,18,17,2.2811857210415658,13.443615203199728,29.467571803432691,0.97308042623668256,0.67335840392939472,1602.7803644205605,672.84267341347072
373.27547409964052,132162.15039227757,0.30546579004265328,17,13,3.4605750746084727,15.586381641506396,24.26419964662017,0.79168345781766702,0.96521098263198479,1219.8898389584319,1223.5820672807602
366.99357211044224,196255.80309735413,0.38835178934817749,17,11,3.7213918485541635,11.631342180705323,29.721981165884984,0.63573922431311269,0.99641728293654663,2752.6649559056709,2770.6572504747537
361.56327847614574,147265.42500091542,0.65991443284404516,18,8,2.0814050543248834,12.335819927106062,31.439613195117381,0.99726511195398859,0.86250015758480336,1785.2952490955959,1795.3302749451489
365.83998339969196,144450.43042996415,0.56837419983420556,21,15,2.0717222363661145,14.030470095783226,26.517862230675696,0.99981736928746312,0.81562703387263025,1162.6660205783351,1163.1124003005707
353.80692299554448,146780.53015952196,0.52750867412396485,18,15,3.3207534348258068,9.1620182695379562,30.698515198409332,0.73614787836555329,0.96294606861290311,2957.8645232811405,3017.7033683391141
377.85044705368136,163269.86805895099,0.44847213086240867,15,7,1.8395946113716786,14.424219753983532,25.877202709108687,0.94501284207565506,0.94579957790807223,997.09976538103308,965.84027388674167
379.32177128144156,184986.11110017583,0.39091910213672204,19,3,3.2389389240286648,9.104366103659089,26.466524862694335,0.5959070626154358,0.99999475252201908,2383.4516284945721,2344.0243653912794
369.09027588543961,196216.70168918592,0.48826511601675227,17,5,3.1696615216999753,14.822895115308881,31.880983778189858,0.91215831593831809,0.99948612406496096,2194.7324121254615,2196.9460149019806
366.94195583671888,136481.46181082161,0.53776096829444209,20,16,3.1264760566897736,12.177270005613691,20.280935720478155,0.99997911949042673,0.76984330343310148,1013.5539392810621,1011.779380460824
351.90327340252384,194287.50945830217,0.67210217424902852,16,8,3.6284345593699725,10.262164902030101,28.986907326209781,0.99927379205081712,0.92494956940250461,2627.2570075604149,2678.6328445646309
363.89744405976376,120984.92276754687,0.60181083392013979,16,8,2.2849269547604152,15.430452992930753,25.181349828942377,0.99646676371902321,0.64758164851698585,971.59817825577954,971.0284236480677
379.31576575989635,126530.06609838344,0.41002598052261985,15,3,2.3784254879594124,11.734277744631413,27.801063902823284,0.70890200979475326,0.99919351837330328,1732.2270605316894,1241.993848229072
360.17342247704204,185543.17041948458,0.6689592096939182,21,16,3.5461576426030716,16.71871257833704,31.844382373070989,0.99999602229058071,0.63053427387159122,2079.3715367495874,2088.7882131752081
359.44950660658975,134226.48348419226,0.43677817086669529,21,18,3.9200574357718656,15.03906953594278,27.482254932949907,0.90043274768535664,0.94688594235720547,1893.2831130788545,1941.5831947518582
371.31491601162816,182374.41768046567,0.6880323259495349,17,10,2.1925206701279096,8.2177978886541894,21.959642700273378,0.99919360444214056,0.83232024610857058,1329.9609667824377,1300.8605601075731
360.74454236393075,105078.10317027099,0.33023058683870543,18,11,2.4401391018341787,9.3560400820262917,30.489534377204038,0.47572457768441778,0.99841183704436576,2384.4396663035377,2438.8932982159231
372.03395680349041,118759.66870060633,0.58187653292933317,21,4,2.0067034532758576,8.8158655432243211,26.76779608255848,0.86762098031188561,0.99995024400394228,1679.2934816885663,1159.1149262108061
362.81824714184194,161902.92652118512,0.65448457357961898,17,6,3.0794035801552564,13.167920254235586,31.615459548428404,0.99647536253153501,0.82464089930569839,2282.7110528443604,2286.1899379321894
350.47562014945112,165277.99015627365,0.60713051007765517,16,10,3.3526951446893447,14.143224867905129,29.0896553284813,0.99964297869379926,0.80768634646808013,1972.0298866937806,2034.9655153942836
374.92150955123429,183861.97989624785,0.41197233675245148,21,5,1.5983675113250662,15.449533055728084,27.122051672300813,0.89978251190398939,0.95659611986517357,938.06367086424086,922.30824249160139
373.93518786559122,132722.85893156135,0.35701071349572266,20,17,3.1840494679856963,13.145957910352367,24.153146363230491,0.72729055450552282,0.95304958651332949,1465.8280964239457,1458.5053382510935
360.33804093584325,184447.89937378361,0.68687062414254552,17,9,2.0462844136258513,12.905303356525163,28.51985086790512,0.99846349251679811,0.69013570896961463,1442.2102779888774,1448.3660722455465
370.27658298248264,106440.2422651454,0.65258767946861729,18,5,3.3359146210051058,14.67703564735038,28.256292339075028,0.98654231392781155,0.65638770393184742,1789.7711606174671,877.79330063469843
377.56552230112976,115714.24865603555,0.44932040132941692,18,3,3.8380858145299923,16.53676131488325,26.696225868610771,0.88795620394178632,0.82015899598280628,1523.5779173699038,674.48888892769241
354.74066902508059,106804.21789651843,0.62442642087180156,16,4,2.0947895126998377,8.3389267504545526,31.414805046329185,0.85000032092256705,0.99977384381175194,2228.7779122390298,2274.7253395948696
361.98768074566857,190730.92849341547,0.37895336070831553,19,6,2.2693512315517372,12.778224634659114,25.627394097681339,0.75548937267149785,0.99966906414139944,1331.4282733816297,1372.6591646319016
379.58743516151674,166056.06945195,0.52092573720564084,17,10,3.6097902950903511,8.1923934764347006,22.245828798944515,0.82297992128252284,0.99718876390830469,2031.1910516883161,1988.8180469924214
358.41547349335417,108545.57412665579,0.6841396019453212,19,2,2.0372116497107213,12.769369029273451,34.144562907693704,0.95098035946169213,0.76263291656000187,1988.0510320714561,2006.4510456601329
373.54916472988629,193576.42500076006,0.4967901337800501,15,7,2.0799853096929466,8.5057653416598988,20.208920568320398,0.85366231270845361,0.99422813191753234,1124.2189455063285,1108.6517521122016
368.01986267583436,123298.40005708969,0.58216734817420779,21,14,2.7046370599362861,11.612614587349638,24.678720143366942,0.99992880583420762,0.88791550326601221,1467.1773625724034,1460.2278583907814
350.54292336189792,169098.7577011254,0.64366357632406523,19,3,2.0643318894537313,14.253388155962522,28.198865631704159,0.96220614494707879,0.66800032260789821,1305.6275003705871,1356.7239076532348
374.15080618664194,194178.09603971592,0.33775336738738854,16,3,3.3306082296420856,8.0269432565648771,32.411337374409818,0.44893142268862551,0.9999851363933735,3471.6785036286415,3455.9680384091212
374.31861023613652,106000.05315392962,0.60189040618726231,15,14,2.2982197910798963,15.490026005613631,32.187433285521081,0.9017659929456473,0.72133703166831908,1702.685476311605,648.23296770130071
375.48075304804871,180821.57985151408,0.50314923037095727,15,13,1.8674223051083998,8.2925759461454938,33.685970157545981,0.63648439640483423,0.90514630547672137,2346.3927339567103,2296.4218969499361
362.78546212421054,152921.24987082891,0.45497651675115797,20,8,1.5017471673762957,14.438612377462263,30.733246380013064,0.85610520757326936,0.9977016153560293,1270.8690830961575,1306.9189103680083
355.4245286773492,134450.91701662281,0.52111577484783822,15,13,1.8105859934382231,11.209019950032243,32.863888095190696,0.72630849858441238,0.87530378766934647,1937.421641696337,1991.8448064913118
363.16095673918767,115490.52656101434,0.60908472140655756,17,14,2.8238791724762629,12.106202801092156,34.619879556230678,0.90077962095972441,0.93341337078993203,2662.1732468267833,2671.8578170504852
376.38836330192555,144595.21974563299,0.55305134335196793,17,4,2.5473152800640784,9.9174865169750923,22.858066459616211,0.97064802048107646,0.99189815033587625,1400.0605102536119,1358.3902909489013
362.65392933340462,118886.55157941692,0.63915951438432528,20,9,1.7229504986951518,15.952640415723733,25.422864098478044,0.99576824381013784,0.57253898515096857,782.31512018848048,781.11010420660705
377.47207004344654,101846.7394339646,0.56937712658763728,16,7,1.6016668988997118,14.875665758233362,24.177445747993161,0.88596400638626815,0.62858520675586582,750.40953368017597,-53.343256815481709
357.26464852905116,130778.77101290936,0.51953443963791601,20,12,3.8514972218311536,15.834961107473802,22.124852874609573,0.99989941193442899,0.67127366210826533,924.93741384827797,954.96790186777469
361.64630763151047,166341.32455020334,0.60265003344657986,16,13,1.842410011686886,14.905663218041724,28.344343169568731,0.99719796583957532,0.75308048134816952,1158.4875126342515,1170.7774911705142
378.89146510403208,108443.86547114229,0.64411868129365701,15,2,3.6182495113232869,15.607439386578948,21.457750064482795,0.88574797415039019,0.4464540658030024,837.82346715016183,119.747053835825
378.35346851112951,106230.61417326324,0.58436654796002729,20,11,2.0518031981258202,15.062091534913094,23.344107315379244,0.97147533971313449,0.62848842736840937,770.74568955370989,-6.4377499037535131
370.46808515085752,116519.77159589369,0.40069777959934327,17,4,2.5836874614385987,9.5258633853457226,29.805942520567189,0.58889347143786486,0.99996058316196579,2355.6057657712149,2353.1079424317695
355.23722106372344,139736.15750126255,0.69571637257659635,18,15,3.1086803075878477,14.318242106396353,27.86559983199956,0.99998087913709544,0.59216716051304141,1687.1073698476689,1711.1622317819458
375.46861369517103,149453.12274016562,0.50037507613784404,21,15,1.6814954672834503,16.11925719793572,24.969344606089567,0.99695663009078261,0.77227017920103902,719.77263729425783,687.54314107299649
359.17640596733258,128235.1189136951,0.60988340584878653,17,4,2.3646873370075383,10.026628397940019,25.077147720687627,0.97886355901547606,0.94397238593132804,1541.8541117750085,1566.9204422796274
375.52882392287665,113609.60667372649,0.48190141422427324,15,13,3.0971786450185714,11.230012367569849,27.971498742334777,0.74630392279148117,0.9122492462036732,2177.025232741586,1364.1623961235111
353.09162915415675,120619.96641378971,0.49577208104452053,17,11,2.0355852516886865,16.006683425808646,33.781054859168854,0.91832646213406166,0.97346857834897083,1662.9291511547726,1747.064995191693
359.13314001594352,150208.89204529265,0.67563665392549555,21,18,1.8959536812315325,15.61961425123858,33.30631524019703,0.99992794028159959,0.69158410619741062,1552.491708235242,1567.3751201644416
351.6137864690478,158913.83052873288,0.65600282420826583,20,7,3.321122456465905,15.811202226069851,29.838070162545456,0.99825916281080784,0.6476276515124475,1837.8299819753706,1885.7356631530411
373.40817703579,159321.3020877798,0.43438596345104863,21,20,3.7418440377942024,8.1426920702586383,29.212653215780229,0.56514073813434951,0.90394838944571676,3247.0582758693854,3222.0505408023864
360.55456738457298,201352.81003651462,0.44064196720985166,20,18,2.4734155506016293,8.9771439709487115,23.652737679261591,0.65904172767134905,0.91636937198759072,1637.8568409465806,1667.909637311933
360.15309313885547,162045.29362557607,0.59154702585883445,21,3,3.8171362530558697,16.742657292847362,23.2444254402022,0.96502316537737054,0.55348689461559764,956.35361169256873,967.6138873434702
357.27743316379724,189408.15101849395,0.39979516590010766,19,5,1.8717906609826214,15.148078284981231,21.619348778715054,0.92256321206322522,0.82353023960965932,572.29985926619088,617.31464765657802
364.33698912795961,175468.96083220872,0.40536410987956017,19,8,2.8321438942157249,8.7643065333549437,33.070688826809956,0.55149995013087982,0.99991924284657063,3031.7539205418429,3058.793578215088
371.49775617501592,197589.07634487987,0.58419403151462812,15,6,2.8374859064615574,13.02705861222281,32.873387326506617,0.96508793855666708,0.9959982572234235,2325.5181380140239,2301.6711356864521
378.81931437461139,135357.28753344575,0.43048111229573738,16,9,2.7494327236662768,12.608543345328673,32.473057184346516,0.70144291145630211,0.99641265949988878,2379.3735068574156,2155.0251624124717
360.63924224987591,173087.75166610649,0.6829553134156493,21,12,2.7205688699407355,15.639793634878842,30.076121100727988,0.99988840529020384,0.60958966082280341,1628.0227174119238,1631.6503584106192
362.4130118921646,150146.99860700098,0.54447972699010105,19,15,1.9606376496146609,15.899826277548831,22.751373910164169,0.9996617957819649,0.65166646502085801,614.8791795200641,624.80855594796003
367.75629778808741,153987.93697352003,0.50277950019140083,17,3,2.9225606076512767,10.706997074385638,34.90196195500063,0.72526110083783546,0.99996770001302759,3021.5740935049544,3019.7253911894618
356.95111115555329,131120.37668842587,0.44080831557003547,15,12,3.6155095453403625,16.165129773648982,21.332063209869464,0.99964787320899173,0.73781635719373662,722.88593371391846,762.11733082667911
378.84209316088447,193034.93675373192,0.48399362012023428,15,3,2.6785056634201538,14.186655418264053,31.952215577111215,0.86961342424528132,0.99886098209847707,2032.4514403308306,1983.4209532596221
362.32035004062595,119218.35175717679,0.46670526459162986,21,9,2.6682693365829078,10.395776746067581,26.493041694505628,0.76800906911584621,0.9998413624197533,1867.9173237197206,1896.3215972286989
365.25663787312186,160867.57672783095,0.33072413319941801,18,8,1.8409853917849959,16.957509736365878,23.17501245453256,0.89576395482910476,0.8764483055881942,546.73470963902128,575.20643849614567
355.71715552375986,186871.8879444538,0.57293557433535758,15,3,2.6435390302128496,12.737251739017783,28.658630617302205,0.96242756626680626,0.91392685226792469,1772.2900715842623,1819.4209266501978
379.50266942899333,179743.64056797052,0.40554331265629423,18,16,2.0845686708280051,13.459136632191546,32.353412215525012,0.62950919250461279,0.9088652707361432,1879.7221210137923,1827.0448027374339
368.06404448237924,124105.93361336336,0.54620165411553723,20,11,3.3349769350622362,13.136457158480518,26.304008552936843,0.99978235104776503,0.90846372475543902,1730.2004557738708,1727.7221327805873
356.62038733427897,128882.17566384288,0.50744988443502992,16,11,3.5994346766896861,8.038777938621946,34.450754605082679,0.6599926345611774,0.99373787030359106,3902.7864647713709,3956.1654720280239
369.01358562474309,191663.40160925663,0.6750125320988144,19,14,3.5437599293579161,15.083837280934135,22.169654820973356,0.99998357434806562,0.47764640309932643,975.86724740527234,948.71285813853251
375.40559350156485,125847.97395497335,0.48602518957736518,15,14,3.6485548398784462,9.4693790262492286,27.239729622942271,0.67887342829772757,0.87587983005562631,2647.202958391329,2330.9375056302001
367.1843178084373,202468.14994176821,0.54412505919529353,17,15,3.0856197481267711,12.93727983851185,20.647595449950359,0.99987732106515148,0.72750947235607311,954.82931472068469,950.44375307432426
378.80355010600459,162999.95072230906,0.46922005015668455,21,5,3.8618615791229662,11.227559109671766,32.907209580488136,0.71222277739562279,0.99999643434084673,3362.0985658691197,3306.8120288303498
372.60686102218312,106616.58388333848,0.65977123044786867,20,13,1.7918702894939127,9.4415719482542819,26.077198797691238,0.9840523830437139,0.91159104996513696,1412.5558933590014,570.65172526938261
373.97888023408075,180008.40938135807,0.36889401338247613,16,2,2.2583061229654771,11.031294692310642,21.833803193661758,0.74487025312574406,0.99925877538058616,1117.3661683491609,1111.0905051254927
356.58657583181122,113663.15890264133,0.47115194284888851,16,8,2.4513682356358979,10.634863969946217,34.837100803422324,0.67757886592236871,0.99862137280242258,2677.2951176227989,2740.3480228551862
370.90311447135321,193402.62809188216,0.40008779817525658,20,14,3.7541114228792853,11.046944112437284,23.082185023695782,0.76183560388365434,0.99406121704125228,1811.6853069215365,1812.9486405742277
359.89743715027225,105416.85206014184,0.53222262173007362,19,17,2.5735650197580604,8.3028979295375276,27.435283348043583,0.72344618094619428,0.9084774256130459,2177.3296842455225,2202.8901995448573
358.92344796135717,102235.61039525588,0.66244338162853844,20,7,2.7419425384453229,9.5686846440581999,34.179205214329627,0.91998250476411947,0.99993113178026971,2837.3727724026098,2862.851745118478
372.17906705049757,121459.65575324984,0.6724449512371381,15,9,3.0028557642682872,8.9729674367233958,26.903049491591773,0.99409406102032716,0.97017159334041603,2178.1668919392891,1362.5264308374562
373.71102919418411,139348.60053825489,0.63970899802352099,16,8,3.2909362914161462,14.71876507849468,27.703681078256892,0.99875878008052288,0.67704473940122656,1689.2433224173844,1436.1458205944884
375.18664957047747,190054.14245292929,0.68957152105438124,19,4,3.6783663380254836,11.726356661703603,32.503064165358929,0.9919455889522788,0.84620712359302896,2951.2810360572166,2888.6638208440113
364.04753557572957,199511.38358697036,0.62261805273552961,18,14,2.713566724670927,13.735081915851254,21.577865709151546,0.99993677889489729,0.5928316146747985,882.77749950485611,878.84307112426018
374.09672265989087,169153.38301179704,0.32493069424871229,18,14,1.6311833787047538,8.010000336111057,20.842404903169911,0.5129232119813999,0.97624153601404973,1103.4203199821229,1096.4597055815573
354.18913689285012,120595.4021723925,0.6879274187824661,15,12,2.8915427663211597,15.59218592989267,28.1407954691587,0.99984173816771593,0.56310138872502569,1480.1857658487088,1509.109325416058
357.05262915085194,149286.49395193611,0.58096740393633994,18,3,2.6104308585145501,15.009251186306241,27.048684158629591,0.95874406728885209,0.72203789176864563,1328.9934540324673,1360.536609436537
362.24404285156356,170524.04311741499,0.52551510564407722,15,2,3.9881375738116001,13.993882034664917,31.969695606259489,0.9328582501881878,0.99766117980404678,2755.7329107505229,2786.9788173478537
366.09765990919323,109124.41122593798,0.57066887117878951,18,14,3.5227860520525307,14.747918653298132,31.241544717343778,0.99986152899402403,0.90941173462453062,2261.097696515365,2191.56118889151
376.23802896041332,149241.82385233496,0.57984801751771697,17,4,3.8657898397270078,16.350534092481034,25.483897601298008,0.98276659208931039,0.64522132900207374,1351.9889148259699,1304.0248248101941
376.68753954938961,173351.88118441409,0.6001516649682781,16,8,2.0751087658891652,12.847713416677299,24.033199268380738,0.99523590925164096,0.74381637115587673,1043.6315427218049,997.66240215653079
352.82320056417177,140208.50021613447,0.66035735655859606,15,7,3.6847265993480383,10.421144188869345,31.611492229724067,0.98327485956687399,0.99614464315065476,3019.70698739203,3075.4394457658373
379.05904892731417,133969.00721218725,0.38950356438956385,15,9,2.8178825563978012,11.506943171646419,33.715009275269701,0.58916008063407332,0.9958264784497356,2748.0345953909277,2629.6147315512471
373.80468708352868,169659.4999133104,0.45873753430200936,15,12,2.1540482954210827,15.827846780844892,20.426742997750054,0.99664206659324894,0.69755660120089158,439.96910778288174,420.06335641022747
377.12905815128192,171473.66582696361,0.60503073293086951,16,10,3.6810292492850509,11.472839480684531,25.206071837828993,0.99965847062698709,0.86738991289567524,1948.6346532678399,1902.1132548179719
355.86835074096376,162654.65903938934,0.58728827277984852,20,10,2.3206032808465435,11.057964033088165,20.472890919608943,0.99892867692084253,0.76318396304662928,947.80482705870747,976.30598806633861
378.42519647595714,187951.49786177743,0.38557505120987773,18,2,1.6410671330131903,10.307533444392742,26.28227995969927,0.63432898204852939,0.99994328526747467,1359.9425007555765,1327.2563440960021
377.61937194314754,121301.32871741038,0.66372506117342267,21,19,2.2780771812364664,15.726783968314894,23.375534487371581,0.99997407653284953,0.49981104380000141,759.96934154492715,-16.169600242216234
375.76311847050351,131569.26241608645,0.53352795003506404,18,4,3.6427005282095788,16.626314788845516,20.691065620873619,0.95817761921384659,0.57028897576737048,577.04835904288393,302.41090623789256
354.82144727773567,149858.44486806274,0.4293069797332586,18,13,2.9960354029869363,12.985353648979848,26.890930066034631,0.81394805002842507,0.98260398845425467,1744.8604563098106,1811.7493833950034
373.11006553996356,152102.99455680876,0.39518079824123875,19,14,3.5159746107083318,9.4189903673785693,31.976969214697352,0.5579083594549159,0.99454264123918512,3313.4372606943821,3296.5261057244811
356.60594426617769,111057.8571721951,0.59603176348154974,19,15,1.9494267964554455,12.547120565744173,33.010932390564555,0.9218204319242278,0.93538590777468966,1858.9534059915168,1904.3297365311514
363.57236148495338,127880.78530033174,0.48221508506658256,15,10,2.1555437352786355,8.7481712394595021,29.748139167750786,0.67785182994641913,0.98740725861377909,2123.860042231433,2143.0331711598656
369.21843658859768,174779.35600988363,0.39231819645590993,21,5,2.0619106349955518,8.8332344289479003,24.860744137252098,0.60853122621547862,0.99998971818257598,1586.8986561325407,1591.6803553099628
360.92804352941369,156532.51480453304,0.47755954894570607,19,17,2.5093253223307705,11.994846144874508,21.806400038195495,0.88179204325814686,0.85312620700381869,1068.4974011913671,1093.6864131224036
368.40754651437862,136527.69309031931,0.43747813101479693,17,15,3.5382321746864198,8.6392352249893527,34.121585617254759,0.5692600449286217,0.95122564629255746,3756.6868261808586,3755.4980875810711
366.22946866061051,146666.48058696467,0.43867776501297223,20,8,3.6921693750058004,11.911922387558,29.740474712595098,0.73172351153806781,0.99992156958881162,2660.8300895222546,2677.6048480284926
362.23462692978541,153104.90136547072,0.47636591329436395,17,13,2.8649824586712365,10.72913296058687,28.145443635292093,0.75456814079025181,0.97517426249776462,2133.7599432346783,2161.3689311419525
365.8177063623898,162894.17615317617,0.64153740342864951,20,7,3.2632119277743836,11.036572022694429,31.710538881570351,0.98399981284888205,0.99983074180596232,2680.6273855574591,2677.7260455403703
355.14421290477469,115042.83424421803,0.69158634580969169,19,3,3.9113301300903922,16.222362600536719,23.79062224654044,0.97881767210753878,0.44241632290357708,1131.7381257837758,1150.3543228562903
351.89085733198601,128265.11711585263,0.54437655638455251,16,12,2.1845890920133901,10.962214315035014,28.422247975292731,0.85768514638329518,0.95459606299731936,1732.9697185566959,1798.396090710004
355.67387465660642,178940.80774032656,0.34407631170430358,20,14,3.3546991380031059,14.555362420917659,30.638503803114176,0.65076661009164627,0.9947981476171287,2252.7953207963724,2335.4532711996308
359.11031902474366,155331.47428473801,0.37943807645122118,16,8,2.5572542200368304,9.0101606826852816,21.083103978463033,0.66113128376471608,0.99800866016700296,1379.534363700943,1420.7138076289575
359.45586641325423,129549.30213818986,0.36723773066719889,16,5,1.6391568518876207,9.2038587012704731,33.378851970016889,0.50699019666786682,0.99983756262055135,2086.2737436697644,2145.799331984133
368.18017519937837,199427.49591285666,0.66931036217851114,17,16,2.7452131056724491,15.263826198155446,28.438071609136216,0.99983976462387258,0.61598551023380332,1495.5518383194171,1467.9979730903613
353.25198269798045,150525.57306874607,0.45783739563324677,17,7,3.9372013581985148,14.101061199054151,31.002692831907275,0.83941469635472765,0.99951928303077742,2609.0574990494433,2690.3666420007494
371.6696482176099,123621.99452059073,0.4864079791370195,17,16,1.8175276029591267,10.325640412682034,21.1888977896417,0.72998491353888839,0.76986881858749245,973.79038498120713,957.08842400005267
363.28357557982372,169587.64310145553,0.37365692950117257,18,17,2.2652761540027688,9.3680478577977269,23.119197500717917,0.53964105402457863,0.86998681450281345,1463.3312981346044,1488.2774181200284
354.84537050099362,127064.17874193488,0.59772959253818869,21,8,2.5281556180487335,11.872655082152995,25.304810673941304,0.99778723575649164,0.85485072177138199,1437.0967710749044,1477.9836064679134
355.28121314777582,109945.34958478429,0.53917784580916372,16,10,2.3500599035950813,14.227590816174908,22.362246225346926,0.99835599340930281,0.72335698376456214,826.28648043188628,863.08016684485358
372.62400872226993,147457.90777589483,0.30229006259641145,20,8,1.5438878666037792,12.405258550059635,28.536328295902969,0.53447698948359168,0.99963142137994143,1338.0811209801359,1340.8464295371336
373.18311267219627,198293.76982703881,0.31648713535794698,17,3,3.9662347897345827,16.811369704352863,33.938935011042716,0.62708504978099178,0.99995073237370291,2744.2564952968291,2744.7476013522014
363.71500951980011,174477.35434203257,0.5107411081441714,21,3,3.8334492854421409,15.375217978893415,26.356867498181234,0.96244118030832271,0.8119278457175656,1621.6393674658393,1636.5616028070856
359.98601552196595,172008.78476102842,0.39288696993115368,17,7,2.7283537620018952,9.5379230659994878,21.220110951638834,0.71311070970299328,0.99932506149236366,1389.1259524382976,1427.2486415474691
362.15284778488933,167772.39447942877,0.31356488613341849,16,4,3.8409925774671878,8.8850645219446456,26.277555336701944,0.47373474291211748,0.99996683880695136,2761.9448427828625,2805.7417635986531
374.3903850605713,109784.32639312217,0.35972184220688502,15,5,3.0898666633432113,14.927693092064789,24.108162591249293,0.91519319219757933,0.98191576023327221,1157.9058601136826,934.97296280665466
373.47654457425074,182133.54174278607,0.51585495852113461,20,8,2.0256722834806449,10.192435854602808,33.869720347672569,0.73785550687508161,0.99985604800417816,2276.6031751579758,2242.1257189472781
362.11963072490863,122751.47502845779,0.55618752489328416,15,2,1.7457381193723551,16.077433057666958,21.195852452200302,0.87928044660384341,0.54667244251517644,436.32018105786835,442.57766591258792
369.73449195472267,138109.78489534545,0.41645598389248173,21,13,3.4899989965045819,12.719719628987237,20.966137742659143,0.99981980766553136,0.96180246304066486,1122.3095812340014,1129.5332770805296
354.21851028121938,127056.19984394914,0.6510162910013535,21,4,2.4679336753140362,15.692607915166118,20.879307878082297,0.97680274886807461,0.45666210688051712,547.89392427357313,570.4179628613748
365.23368375812362,199300.3115195806,0.56665229550593166,20,19,3.8439056566189533,11.762761247917899,34.611523233962487,0.78366602776228578,0.85497593855468479,3492.4917404135385,3490.7742741255834
358.81720388866364,141647.33018523094,0.48022688167546573,15,9,3.2691243877327647,10.108080001631324,34.726566316050743,0.6758471493927688,0.99620960480602705,3369.38968557199,3418.0966574306631
365.72999600084961,146304.64067579573,0.44962651480685911,17,10,3.9064108946697065,15.389629323591771,24.641119402822163,0.99943603669941872,0.8808936498637574,1375.9824075506247,1392.4337371887982
357.38598987253664,179858.18219207911,0.60651564199681496,17,4,3.7050296167711241,14.795544280557682,21.049353282008951,0.9829216716572432,0.55258414695090863,895.12045164340793,913.01735409094158
356.72338242139358,130963.96583844713,0.61086258338729971,18,11,3.9259679277369912,16.204694276679632,26.56723599963227,0.99989146305107257,0.63791244266089131,1547.2199291614538,1574.439124147108
373.05312278431984,194104.02358105476,0.45401318775558835,21,17,1.8650956344795082,12.315846870979223,23.742117101027219,0.86022911602576635,0.92289049866476935,1019.8589216600817,1006.1860334867542
372.37866770923074,184530.91523792315,0.64869391295693835,16,13,2.7170592228041772,8.5525938390351808,29.900541910506107,0.88306296730409661,0.93620913416079821,2461.8845779944554,2421.045521586901
379.47821298187984,117072.63644304569,0.54565332459847127,21,20,3.5481223696965984,14.679122232755702,29.187320028106832,0.902861285598763,0.80737170117574808,2039.6784782635052,1068.8011378272959
355.63949204631592,183482.86878243729,0.30839183712315676,17,15,3.3617414023401566,8.9512357709767461,28.396465670956047,0.43357383220531609,0.96354691185332719,2791.9991324417751,2867.9290307701258
379.13917614551224,177284.0149214777,0.32745256323391536,15,13,1.695451204018334,13.232765111121704,27.205819285915148,0.55213482094016519,0.90979836936797354,1225.8062914823618,1192.7984313807153
371.04966823223964,130273.39658542784,0.64124965376949383,17,8,3.1193733913153596,11.074263542334672,31.935320756563602,0.98057410069358075,0.99785247423716827,2615.5187924713291,2379.123051938519
379.14800222106652,156241.31758646539,0.37660149064197584,15,5,3.6421150665099802,16.759118225719369,24.843240523337499,0.97252433503281366,0.91088640536088772,1144.1222913821114,1115.627454905072
367.07633648917374,148674.26696423884,0.68624436888209428,18,14,2.7215923127038835,15.646310011970488,22.199156724689136,0.99995693011292086,0.44514173680109242,739.17408389678747,717.28290273055154
351.43344700441855,104964.90198171994,0.52868252536909766,19,14,2.8331225886288047,16.167556052761412,27.320922470803335,0.9999079735153098,0.79640427872165143,1295.8400956014927,1360.8289354095559
374.12717162842728,151753.50673648232,0.62667146113316441,15,7,3.502867414380284,9.4253197774460169,33.106649626005279,0.87551600181220757,0.99855189344242568,3312.859092036007,3263.7911075484008
373.1936648927832,119243.47344408753,0.41034201993064118,20,16,3.3629096278860588,15.670350995759643,26.199695465266561,0.94979387898406809,0.95214738618866224,1407.0961185537706,1400.5242751030203
354.90288153942811,184419.72593139645,0.61705261344070816,19,2,3.6549723793112077,10.079983506184064,28.663388251261036,0.95174505833811629,0.99986673942363113,2648.6093169696951,2695.5986719817561
379.91318251405988,114458.6550739974,0.6733325003890317,17,6,2.2803923711768475,10.186084470375945,33.456157305252816,0.96646496717656771,0.99622952338216453,2330.1987056587755,1224.5507544526881
374.24451188415031,124009.57900045377,0.31116050545683155,15,13,3.6188351897486339,13.715020582689448,21.663671388613839,0.71792680439687551,0.9245851720019963,1170.1041664117208,1166.5511722988417
355.12707545330147,176380.64275821752,0.57892667063095604,21,6,2.9504945577532027,10.456778281630379,20.233379005921716,0.99416790262332466,0.80927335216640939,1172.1182431076104,1204.4082290721281
379.63870252335386,152482.88951879862,0.45301362697616232,20,12,2.30890901122075,8.4323236204061303,29.948993129967242,0.63006200875672447,0.99875830119772868,2296.147706252189,2241.3218677562113
362.1016208961334,190717.67976032192,0.66191812170870512,15,2,1.6791243123437547,12.533485586595017,21.438082458981352,0.92821124095493901,0.52727359443585919,733.85792365240343,731.42770987473796
354.95400144215392,197562.64997547551,0.36426213530190077,19,11,2.5399215631877325,15.190128886161897,31.185723813430279,0.70733800559645854,0.99700393539429433,1807.3890749585989,1893.1670479755926
357.43190532272769,156014.63783130216,0.63195010422590037,19,11,2.4876406246144978,14.607723972670605,25.448819395526694,0.9996135785821415,0.64090997648707304,1146.1070449822623,1167.3198620590397
366.62743855546574,113925.5870921679,0.62875025047018052,16,7,3.7913142030498235,14.166095098920211,30.204601770131664,0.9983789563868819,0.78973742084449727,2329.9974100808004,2127.2419918741971
359.63695286776726,119880.89972976994,0.61016032954995847,16,10,2.6289064876404158,8.665620663025706,31.093034203654636,0.84303526457269096,0.99259433388674256,2543.0674992538493,2567.4903101501864
373.2509347463776,200464.57783016254,0.44102398867071169,18,13,2.3418108443466377,8.0969025868507583,27.694064892383324,0.61916732094388161,0.99014143415220812,2114.9601522995781,2094.3334057068737
373.03634596298747,111642.30053930334,0.38199478180209551,16,6,2.733856639943407,9.3492481734600137,26.483028216111954,0.59026404821499834,0.99968647617933037,2073.2139468075047,1968.816710321204
361.62558880370835,166796.48653045483,0.47621997698915808,15,14,3.450918057528364,16.864169907003255,28.998188800550153,0.87632150983571633,0.81167890693458411,1677.6399833626392,1706.3966073813338
354.66765846884232,121120.73841141089,0.37157104007215441,21,13,3.5502919923208927,9.6211530528097189,20.543237446946204,0.69759877634230427,0.9985395562467474,1588.5379554639578,1644.9612028448341
363.03100194012791,110434.65134753323,0.51828983916032889,20,11,2.6825598912057744,12.212799370386545,33.581865269582188,0.81385033499981663,0.99889370305359004,2471.0670911211955,2495.7245714032601
353.6498379357019,163878.60555850688,0.59649024011968799,21,8,2.6689312556334448,11.760489329891042,34.229622260394798,0.9086549466236673,0.99990643591170503,2545.4577205580122,2609.6224885002966
378.38013497506273,138172.54147012526,0.5053765960685489,20,5,1.7791501288333209,15.360413331599633,25.044305892632952,0.9232532856441269,0.75807128414855685,828.67728762438844,503.0569700439363
359.80919608117046,105313.15130922702,0.43278777909396265,15,4,3.0119449191270142,12.748964107528312,26.586231003488056,0.83075551965909789,0.99912948523285217,1738.2902275166939,1784.4990498964444
356.83052914665103,174087.49772463742,0.67293405030375997,17,3,1.8190911401381054,15.357601352618822,33.16409901257795,0.96298037992374885,0.6633605269334315,1533.4457556364343,1558.3435338457186
356.31365344332238,152047.73693062167,0.38388300804242009,19,4,3.7337980376139583,12.03113431340369,31.760681659241989,0.61797182487706614,0.99999189258133236,3016.6039076145566,3089.526836698245
363.85387865575677,145208.24206453084,0.58658313023077779,16,3,3.7449549100000668,9.4547330973258852,31.182384400292015,0.84180597501279031,0.99991146232823713,3222.1086763642338,3230.6320903106184
375.54432915220707,180453.76709265891,0.33225576778773952,20,7,1.8372246032657062,15.873616402127602,29.27375069645408,0.72452580055140414,0.99888564096105315,1210.5638134990363,1199.8011957376295
352.58248399186061,101632.86129974273,0.67397514727989916,21,14,3.4956889241506293,13.824164424590844,25.066615970384618,0.99998641653443743,0.5911519067376193,1531.9422902433573,1565.6270964466617
375.2170524150585,148124.17233180191,0.50196384108958947,20,4,1.5001174711929406,14.349979327176221,23.385954508108998,0.91701364267630059,0.7593877918431059,696.43681016733592,665.55205156944362
358.61331498874972,165807.55783082292,0.39594348267630836,20,12,2.3476421353943375,8.7364673600189704,27.872150921401172,0.57619745856990046,0.99886989925405034,2079.3177803514086,2130.0282437638043
361.1514352357301,104665.73307754504,0.4843546545385482,16,15,1.6027385665958616,10.876518179926331,22.65157776153487,0.71099465493803349,0.76100914096973304,977.74253156362477,997.3540447515968
369.94408353350781,104688.79931901822,0.40926509237801578,17,3,3.9843680849959462,13.82881208682098,26.602731829761868,0.85211420172979579,0.99974932945388184,1986.3297978876408,1890.7232647318822
360.10619435548142,147363.91382045718,0.49427702930427325,16,8,3.5185377473637325,11.49688997103129,26.728991388026156,0.86578132007986719,0.99792027590819488,2142.0293660813263,2179.186300063684
350.44154491553621,165029.15299935645,0.36566152537300323,18,4,2.3390198456130546,15.095327273840237,32.591925468783323,0.68105598287759439,0.99990033029973724,1871.6175989706974,1983.1687951444023
368.14600650120343,152458.44018942944,0.37995523862110225,20,2,1.8626061334271324,8.5571403243402671,29.47808777256547,0.53537386234901485,0.99999777464168382,1952.6461587408712,1962.4024652998139
378.73677618302253,180598.95286279998,0.68117609980918592,16,6,2.1921424770306994,10.023059692382375,21.814778286353583,0.9933031622586006,0.68602715539452486,1142.5417947242299,1085.9126477119232
357.41156251538155,116628.5773603126,0.37379191610840701,17,7,3.9961600301466693,15.559661926132005,26.085945027377896,0.92392332786710729,0.99834257039935093,1619.1194369567697,1685.3367355530231
357.70884389353864,122188.22802454609,0.31128217546465597,20,18,1.9213196809549442,14.27460328855347,32.253461325633552,0.50272265472709243,0.92983658601637476,1718.1562664885448,1794.6111506733555
351.12918289210609,155832.09603534127,0.55975619953611067,17,7,2.308082949581129,15.320713526185003,26.30785987143538,0.99324235823184803,0.75111398900137627,1103.2644467767238,1161.4338992844837
356.73750352114325,130311.30046172571,0.69973589543284342,18,6,2.9648942840320034,15.499709585880726,34.529774339988258,0.99688656836712897,0.66509738360900628,2288.4900081919891,2311.9856538575336
376.70336206019078,131948.71166878869,0.58718912479876961,20,2,2.906113245637131,13.190351384226862,20.813563042419759,0.88044166176749095,0.58229303755504214,924.27328217840284,393.46130573967383
373.87511884075826,108983.49602800401,0.31582701943645269,21,5,1.8644029296237212,9.7324124749775098,22.292181063586465,0.56053492964135432,0.99996976330207699,1169.8151171277691,1142.0278354443376
378.00741650142123,134218.06713712792,0.49499597992819233,16,6,3.2270044387513792,16.256941347356857,26.132758736737426,0.98608914234259271,0.80333195268737534,1269.0787902589157,891.70908713250174
351.62980775786554,132268.78532515053,0.50866933069185782,20,12,3.8356913307599529,15.266284294759988,30.680314748115052,0.99973387975991301,0.98726578234904439,2259.3523721539727,2344.1333997028228
353.92206286199018,133415.03175925868,0.54193417379722653,19,17,1.8556146776085323,14.879275661322882,34.003440774981136,0.83442332892988658,0.83402365628318376,1708.9446444730688,1771.7794580532525
352.86320244650972,126638.55520975546,0.50809807970689824,19,2,2.131702824545032,16.732951115469426,25.525842502620463,0.88609167992718252,0.690529910498342,853.84988291371769,906.35403742218477
351.92809067812192,109042.90284449355,0.49567641058095868,19,2,2.9954369367218749,14.670905350921165,33.857300007295471,0.87469722455443977,0.99992952645704813,2381.934267384981,2471.8740132942171
369.15855131707087,130510.3950999112,0.69456539152663443,19,15,3.2720487470546344,16.936449181637471,20.164751511877288,0.99998612810903709,0.36365162222180514,418.01856855181813,312.01377813522089
376.89642955362632,162091.09110867721,0.4785689205040079,19,18,2.8828947734299089,10.697073613653926,31.809201795977636,0.64989335062761788,0.85954191416687142,2637.1184137764517,2586.3607087633145
363.79218803794225,181327.12075089221,0.58245586575154329,15,3,1.8824514567995374,15.032944284128465,29.138052208643895,0.94388418043019529,0.75667770480246122,1246.8065768359488,1251.3149277110606
353.94232174624329,159555.26469861981,0.30176579782150953,18,10,2.9465359161941036,9.3273456655751659,28.922513694394155,0.44512566666577064,0.99940851427631094,2543.2295115467714,2630.7663934415004
352.93262417817147,157789.74991259089,0.37490001427597985,19,18,2.0113709788349015,10.656952325752449,21.574131227556677,0.58748734880637676,0.84287747086374309,1065.7303602281399,1124.4684487446082
353.18183357747358,142273.7803710264,0.51962079705100228,18,7,2.5947827433525967,14.563082718167028,29.148228224009848,0.99400769147482693,0.95550009518941326,1591.2209611404189,1661.332308588745
358.77817420538429,120788.03857394448,0.39636272407358636,19,7,3.7178913128125597,14.485965740735161,26.35395401633296,0.87975447092433312,0.99964854968264039,1738.1940829894515,1795.0586849250865
371.34983029653779,188330.31602692095,0.5895594136498058,16,3,1.5879421356819146,13.47577421244363,22.215698496168805,0.93008273356174442,0.6312920880432622,695.51754950480336,669.20469735961342
357.99786724600375,134052.12611634014,0.46135822790676023,18,3,2.417131604343326,15.293704894119738,26.738934630704549,0.92777864471862193,0.88771379777618331,1203.1742263377057,1250.8444187440587
370.60714040800332,107770.04065501181,0.47678992312146495,17,11,3.5288140602435361,12.688345904442176,24.142925721201081,0.98463453231143439,0.9816369876448946,1577.5418295927627,1282.5349826274773
363.3129178577675,175003.10425708251,0.33001514173200436,17,11,2.4923647818240329,13.58595470014259,21.026823458225383,0.8694582689436432,0.96543695640118166,808.20858191769753,844.1830220615343
364.10351818510497,197154.41980586064,0.50238845309074431,21,6,2.194069376766326,13.902185464042326,22.205967966763289,0.98043672414134619,0.78314546602561164,807.27796649543859,818.62772005949046
363.95978623702649,156724.20637955668,0.30362555636653005,15,11,3.9929547178859925,10.360617898433757,32.482311064974553,0.44230934975282682,0.99248773588539252,3633.294744347123,3678.7691442946539
376.06855238722102,138660.65883873752,0.50853017898630204,17,12,1.8319144427121685,11.374367104056462,31.634637554806954,0.78040787258235422,0.97571907694058857,1811.4479412551393,1768.5501726584434
375.45069852219927,183018.01877425465,0.58122401977579918,17,11,2.815536780359551,13.280920045785102,25.694541334868195,0.99959460002993916,0.809829632164067,1435.742152868037,1395.7208795132885
354.60745946909185,181102.30666865187,0.61679666436724201,18,14,1.7670510518890268,12.912041255513227,28.722716880504841,0.99739147220276436,0.84920810590559104,1326.7751333407969,1371.291556039713
360.50376046455176,194781.93492739461,0.69951652128798103,17,12,3.7286857556921986,8.2593109216114087,20.001228084520545,0.999950551866571,0.72761244594353847,1682.9382832530334,1686.3698576966553
370.24726728762374,112226.08144125357,0.56079230577094741,15,9,3.5661704446248881,16.1098054404798,21.057415368432373,0.99840776395367947,0.57360672107627464,684.98563142308194,321.50770699533757
353.65753736262559,103997.18044130372,0.69118636266402256,21,20,3.9797562273478087,11.645673499774036,20.055350629219483,0.99999908855784814,0.53181773118612008,1268.5105033788132,1290.5856524898322
370.55780708667254,182495.41115501832,0.68451843933096079,19,3,3.9180504824906666,12.392238915130607,26.206732425404123,0.98309866034531546,0.64832635114611215,2066.7438162597077,2030.7506517644661
359.72036040719149,162967.7848319457,0.6446885788528971,17,7,2.4011207790014431,16.059396698830369,34.906893926743365,0.99639866428833079,0.76807949087827376,1944.4587818929294,1964.0463343029994
367.09143205426233,153545.57190273848,0.57252834518241147,18,7,1.7520414029560245,12.675954774579942,33.671513997566194,0.91730017933372787,0.99849568259632515,1781.1695320863244,1779.8065955482557
356.85017668474472,108562.24686696994,0.3497842297407725,17,7,1.9717640106097161,15.336560970643331,21.758255917301057,0.93019632983222367,0.89324147089308226,586.81298307015845,641.98824154809313
356.98937223099608,170975.50046984997,0.45016540589563797,21,8,1.6823174808666348,11.181240660718753,31.223119865005426,0.70123489763376723,0.9998631441707182,1717.4357642738639,1776.9915715900934
378.61750206944885,119521.59751475725,0.38737927300410618,19,8,2.9258702923217959,10.754644884906543,24.174566890478399,0.69735794899454018,0.99941802243899469,1684.0450382252934,1181.910940656704
366.54640591160228,144916.04049511359,0.54273044411971405,17,11,3.597835107947235,15.798456380818251,25.760328929114774,0.99978632191461503,0.74546990316264683,1388.3486081531246,1386.2877987266195
358.10015494769914,187987.88794968516,0.54663514463931095,20,7,3.718731041622223,13.773443466928995,24.038463106957945,0.99763040394806968,0.78956289682113967,1468.9001031849511,1499.3446008235283
368.24763987993714,201704.91467874456,0.62563404769489261,19,10,1.9764466455686434,9.6024479861596816,34.243302227162431,0.86891967039039353,0.99842526752425853,2281.2752715674501,2261.6275665533208
351.55471909494361,189995.10953050287,0.60226322068323523,18,4,3.2703616593430569,8.3450768549135308,27.477441196808332,0.86495286807711891,0.99996215428071822,2543.1094932541478,2600.3892227816377
354.47271847364152,170093.69933299735,0.60758061614035652,15,13,1.6338123567486085,11.267471984242775,30.561547155895525,0.85177312603075339,0.81060175177438243,1585.4472134447137,1629.0575858451584
363.47938832330487,151714.11598407649,0.43038511506877142,17,10,3.8995869217003944,15.289679812768325,32.095916255373005,0.81889135559367188,0.99665630720320519,2583.5361745674923,2620.5040331836144
364.45846628466086,139802.09096537874,0.52979987650653337,21,5,2.9001431291962398,10.116325691295939,29.765658237596814,0.80256328848924507,0.99999155262189465,2410.9254096627274,2423.2400333567343
355.95045099681266,189488.13172086622,0.34871826166885511,20,4,3.0987618797355929,15.721183197934266,24.489839156621528,0.94155567438581922,0.98193381487972919,1102.6781880562858,1173.1832513962249
367.92578797763485,159106.33922003728,0.46904005298315232,17,3,1.607017973278192,11.912827746404719,21.965084392996545,0.8917693527978463,0.88764680348147873,811.75129405323344,815.08092502273496
365.71577783513618,133739.1469927477,0.51689037626110501,16,9,2.1885091895444049,13.54016722049013,28.843999184576795,0.95796847585928502,0.98161872666626226,1492.156811472337,1506.2128647113595
370.00605443823434,102843.89519106553,0.31753956010922457,21,15,2.7652941507207203,11.718090810936918,24.502414174406983,0.60282203572580617,0.99370069730079613,1557.6315034565596,1569.981897938723
355.60486437711626,191333.25158090974,0.60417464200471271,17,2,2.6159993477267367,13.761035043047757,21.092902299465102,0.92768783714207304,0.56819277168541371,815.62783530348304,839.31594569447566
374.75099324250641,114838.91813220309,0.41857768485479879,17,2,3.3827728858669004,9.0291216944438037,22.599637227007019,0.69704701256319068,0.99994817884244946,1901.2200137521554,1606.3606986363895
378.26881105755865,181949.98316495417,0.46705464026256832,17,16,2.3022009210942938,12.566565854173884,23.847446533978193,0.75698397516236882,0.79322913960744601,1180.3981318473277,1139.1351297275412
379.45224995603422,171347.1689479918,0.37671096199368015,20,15,2.8045853416433491,9.5697293686539542,24.98950360575202,0.6047699293380765,0.99076319680777636,1897.8945694068248,1862.6717005698513
369.06802015009708,159210.30024651269,0.69498097189735353,19,4,3.6606464345511731,11.86292423029613,26.100037371693197,0.99130356977223277,0.6606465401215732,2014.9646379926203,1984.4960545679312
360.34171461899842,113352.48697243552,0.45663544505653064,21,3,3.8719110432644737,11.410553061396607,21.11622697261452,0.95881904191474487,0.97054537709925937,1445.6948484083314,1479.8615490306129
367.46813925519962,192955.51407308932,0.43553034404767532,15,14,2.134641195750473,9.0064354302205309,27.069153141860923,0.57879381996037382,0.8517887932524576,1837.2970410723692,1839.4009901956636
370.23963577501922,132948.41220778818,0.34465284335438762,15,10,1.6008284167871634,14.760713787940198,23.681852565152504,0.78826967243797263,0.9234616055778393,731.62599404231446,740.39905741155781
351.59864465761399,114924.99810323009,0.35324344104306932,16,12,1.5396285816559701,8.3057072259894138,31.684121569152509,0.47243344919044744,0.98224483376999216,1947.8476207069309,2044.7989227438893
377.39532570843369,141599.10821868543,0.66756038904057835,18,13,2.9639169708552848,12.218417824511144,25.637493358870266,0.99988971234756863,0.69742508528392222,1612.2838931308963,859.35111884079811
353.29939665507965,118130.98965578456,0.31013064316958061,17,12,1.7042948983618034,9.0240956277512456,32.70054880646083,0.42558078281491962,0.99277444911764667,2109.1026290990812,2208.6516501804235
352.00895113392221,161268.69162298818,0.57573904977987467,17,10,1.6546465079865014,9.830342481824264,29.2001367851813,0.86294356603431854,0.99017420227039987,1601.1017024808461,1664.0460079551231
363.10266353799153,201804.11789453399,0.62396510502297042,19,8,2.2705764652775802,12.193431338441759,25.264021707551564,0.99724665336391494,0.77615088646220565,1296.4709580107597,1300.1252342693574
376.35765937166644,109523.13935935216,0.45396368840254392,19,9,2.8756852110680278,14.315371219464286,30.379464183081623,0.85362365350249203,0.99451546247879619,1941.8107577596681,949.50942127088319
359.84365603686945,118713.83220973329,0.34561279197354466,21,14,2.1616520163925141,8.9566304257454483,23.146530652216882,0.56182593908872525,0.99693066365982452,1458.5882141902866,1503.2907322757769
359.15254047024183,188579.95388389696,0.57467702492091044,16,15,2.222854219468398,8.8934788542801879,34.842899379682677,0.70624753222618464,0.80919541883059509,2669.8867138872738,2695.4464079985337
357.35452549936463,128986.55131795496,0.6507478111332039,16,15,2.8283584502607235,14.989602161548845,31.028090145761652,0.99283419356070812,0.71526941392146881,1863.943085288937,1889.8829579881813
359.03539535983714,129702.99405473714,0.36037964037593745,18,17,2.7144856753876985,15.604712200338819,26.864110077216338,0.65436793801148718,0.85174854167306535,1344.629071847939,1395.6660059436308
373.02773027093042,123157.44301254785,0.44738783172806157,16,10,3.2859828243870983,9.7285086520907971,32.275406080552102,0.63890242395611707,0.99646689425487445,3113.0948426462678,3090.2427456313226
372.19711926280854,119664.19819717275,0.53617037967755632,17,8,3.2675073440986102,16.22649440705753,26.678237514311093,0.99731565279779111,0.76085947693944034,1352.6946601082234,1028.7471825507869
368.22625286888155,178124.81924170724,0.57665135742990203,21,13,2.0361307628201928,12.498512643010596,33.605945878676579,0.9149298047989296,0.99467146661178629,1976.4077879030397,1968.0567408617528
362.73281580694618,198984.99528104224,0.50295712652257196,15,12,3.4409673092662363,8.51870362340971,22.099932343638471,0.79156440004182471,0.95719318777401408,1900.8396801392821,1918.0800787215728
378.06481967679451,122681.09218386257,0.42251985815073667,15,4,2.2173322905389741,14.834700780668623,27.357946803915755,0.86027879170198995,0.9470262091662891,1255.1777878449855,744.14386774838556
374.4962182665692,182322.8844174773,0.36923623682293244,20,8,1.732702537554333,10.337495944934197,25.548802298441903,0.61996532583640462,0.99970211773120587,1342.2810151853469,1329.0360180045859
365.17167862977448,148221.94242134123,0.32431898574502471,19,2,3.8985517017303741,15.890639251238031,21.934765117051903,0.84289934487229368,0.87290146561002302,925.15556481263945,952.37735855430446
374.6005343254472,129197.39889519993,0.60459534304536033,15,12,3.8256113339105826,10.219517754575479,33.810651789170528,0.84825484794240746,0.95790801293735106,3553.9491733535024,2830.1733321909601
375.47511120159419,129314.65649641806,0.62209619296657048,18,17,3.2192471430055241,12.6806973575301,23.448257299360474,0.99988570564713897,0.69871876561943669,1377.0417902715992,716.10332162132568
378.71514877236223,181739.62678334277,0.42697761176640364,18,5,3.4083192475947177,9.4612329098769621,22.822387474809023,0.72928471916902637,0.99993670748675212,1874.1307136865687,1842.2084312471056
360.70775208469843,182483.52467093529,0.33680480805269353,19,2,2.6117271385431415,11.467666091673852,27.767009465828078,0.57376311564174376,0.99999062936928429,1911.3647204178956,1962.5250602225469
376.81445157310668,188708.38829170377,0.5467485985588042,19,9,3.2522216526277932,8.7816290088466502,20.621165220628569,0.95162882885571054,0.99909983024769722,1541.4733638387879,1512.5554296423006
365.67306718829229,178736.66308499442,0.49687019142188915,21,4,1.5953074970307328,10.63900226610806,21.301128810141762,0.93009615180845651,0.93725579674481574,850.89919816757777,861.25516134921304
379.51399825939166,169769.04215951942,0.31405217005004432,18,11,3.0551034112744668,11.499790152029036,27.932226671978004,0.5324575731769986,0.99803391031785182,2173.2871088429788,2141.7023508409957
374.55277455208488,144277.16184598985,0.37550646939186372,17,5,2.0025719198344301,9.3381998835663307,29.28563837023016,0.55125124106636381,0.99990301602696718,1949.5030683509626,1930.4603896537335
357.34464408396497,119690.87358318914,0.53715112633324114,19,18,2.7152426296388308,11.494829234848185,26.847127160461213,0.79262312912774258,0.80405741615023252,1797.2813926584704,1831.8012194546927
360.25259509197559,155604.30508774213,0.61822202236252921,20,15,2.9685517041622904,12.704006212465467,23.35481458103974,0.99997850597387916,0.70183518314232674,1281.1519580065135,1293.4312507768805
357.44276722204535,153234.76679519154,0.5549388364331822,16,10,2.4442462031586309,14.061189227167604,23.196590857513524,0.9987167257185765,0.73337732707997072,953.95255718203953,983.13845311393277
358.87845623006507,176799.8232762994,0.58000433217504566,19,12,3.6598028568639278,12.440239586305916,23.65996883445418,0.99992674732394282,0.79871786603155015,1584.6774722620453,1608.6441383188708
361.28528740659135,172824.03649331193,0.67540873400367574,17,4,1.5785042190377931,15.232944131120082,25.250847023467461,0.96902161649362872,0.51768472005520227,788.10483631956424,787.3228467850879
378.37978693657544,194929.66090850564,0.6622041341002739,15,13,3.4932373812728268,14.358314684834479,31.656695053710926,0.9997316732631365,0.7444667449171477,2355.9940963060949,2279.6426514301584
361.94864578819306,153676.07285951017,0.35951980046303311,20,7,2.7183764024036359,13.119843637433762,21.565666954128847,0.91561422727738973,0.99843135043777131,968.40877830039494,1009.0608390053073
364.59329279906268,196407.10782964918,0.48153133446806945,17,8,2.6657335405388851,8.102519344359413,27.007360855705272,0.68764914197112914,0.99938179937643268,2218.1258031418324,2231.8776100428099
366.4905409097255,169144.58465918177,0.44659805305305156,20,14,2.5367689271558862,13.858847182703133,32.87640335214855,0.76540912373189118,0.99076207803969008,2128.5356848891602,2145.2433610571188
356.6307275733821,191184.27736661985,0.32145529818590202,19,11,2.8168555658773311,16.416533434729338,29.703998295852912,0.7141674277184572,0.99640264353467189,1617.2680292699165,1699.0225482446754
365.84217636101516,162908.16429607183,0.33435221729686121,15,10,2.273619988133178,9.2632270603953977,33.542073531608132,0.45952953488795051,0.99373575559540395,2610.5456489248522,2641.06843054909
366.25700925652262,180630.17583932902,0.55113313428346677,18,17,2.2143735429187648,15.140360753067005,24.849780122653943,0.93262893476761988,0.6935245704368691,959.22249916938949,954.9529924508513
372.51120381377694,191034.57132669701,0.34796276152610284,19,13,3.2565845336357215,9.0871009851047315,34.313326321776643,0.47252849537902042,0.99783708863192033,3522.7365292319992,3514.1495059267299
365.16497634194559,114195.39678421055,0.48073560933858883,21,3,3.0400368469577299,15.453016647717924,32.139280519610864,0.92593939253282731,0.99991609456832642,2074.6367978290627,2098.8140700161457
379.28705972327714,129952.34517115072,0.44789953228069135,18,13,2.5138431149416958,9.1277056354492458,20.157977013726708,0.79620304974661482,0.97299642512426177,1220.5983583581465,842.33898896776725
353.35906243677209,104879.46712326407,0.62183449083347853,21,5,2.9221603403560943,8.8018415584973262,28.165016503678643,0.90452000710880553,0.99998857910993244,2346.8290911497693,2396.7948136377054
354.88684785306305,179463.03710017953,0.47330809014786096,19,12,3.2642327022319968,14.486200958488137,24.353016875690322,0.99977984942849096,0.88529205199866345,1275.3305620247775,1330.2992427527645
350.91394078529623,185567.38964742381,0.5343853987066628,18,5,2.9967846789355166,12.117723529747092,20.56756809183516,0.98631958964706812,0.7808446505142308,1026.6467120951886,1075.8867707321667
369.66505563697547,118722.51266612909,0.41393862129291764,19,5,2.7776095376812275,8.1164709975954477,25.995729079405187,0.60184367216587786,0.99998447958573766,2185.777005703088,2185.3561472452161
374.78805770670436,124270.52120748942,0.68018555458842411,17,9,3.6277018155577601,12.389319094313922,21.429678312444445,0.99923113238651717,0.55261829949090535,1268.2575275370075,565.1119122233905
364.80865857232766,159847.84879557497,0.57818666325021528,15,3,3.9743351787791283,8.1756728134326053,30.340761670265699,0.79141428332244956,0.99989001131772126,3474.9142910643154,3477.6209177654459
379.98980156935278,170803.72594935831,0.45208820267932248,20,3,2.2108300545671939,16.528578167926323,22.461468295730402,0.89209616333371233,0.70585133466037908,590.02659982596117,545.52723454731608
370.57204857017007,159534.5062998675,0.34841751548214078,20,5,2.6750320384605004,11.109331419638046,31.06796995582663,0.5423481348529039,0.99999050689567137,2389.7456195219329,2394.070355889337
350.62617356571189,120469.05094834053,0.30712449337072878,15,13,2.5154405953279264,10.333420913775182,28.251690423091262,0.45588415314338232,0.95082595569434447,2069.6188327857476,2168.2876698699752
364.30259279098948,191502.87374747684,0.33261840343963589,15,10,3.9586650502066276,9.0260699092396859,29.87364423553629,0.47493399937969594,0.99608838817064638,3390.7128271621496,3426.2546526267024
375.15057132625981,169202.10152665057,0.48839197624865544,18,13,3.5802003065796413,16.910090117415919,23.66473848870012,0.99990839393065212,0.71592933634301203,937.73418763997347,907.54420985195225
369.22748582464993,141267.75135131276,0.65425229551865982,19,7,2.3708684339739237,8.7674064757206516,22.969385582522669,0.99661160684548766,0.90026676787396476,1452.0906219353703,1434.109470746535
368.58660341740426,169361.25547601745,0.51880591875662674,17,4,3.8726639002589494,14.538855703866506,22.757969673254046,0.97880933913955703,0.74123333739000652,1219.3919130096754,1212.0692756213275
362.20299048283744,105211.71228974653,0.66601939894793838,17,12,1.9254886148224222,9.1502025203435693,25.6767656670519,0.9959695575840577,0.92985056422830392,1466.7099091936107,1407.0260826389483
350.85188369032085,179222.96253685287,0.53891470196836067,20,13,3.0332679449106879,11.881047696266346,20.364843099324425,0.99990865010520991,0.7902622606726637,1037.1459374011786,1086.1268650347624
374.19419308450733,185878.8098115263,0.62062817581759833,20,6,2.429906929028177,12.411078217142764,27.112956348523944,0.99281989605009824,0.8203179588671925,1530.7815196615686,1489.7604529967934
358.18225852014137,137952.04513369099,0.43962353095202245,17,10,3.4994428071578851,11.298415558403086,23.566364548728505,0.84055526694202065,0.9957215524775539,1725.5170526909026,1771.6743095904258
356.74539839568797,108286.57249626514,0.57967847311953635,19,3,2.4383581537540033,14.155305475722209,33.448322134482822,0.96102396747634866,0.94004981649857,2027.2481791850557,2077.2145144679771
351.27617658183732,128685.45477699835,0.5075659137213443,17,7,2.6737412548187383,13.676142598257933,21.999498414951141,0.9935522388673903,0.78820668869410893,928.10373815342575,982.745662936793
367.5980194540266,192017.09431134487,0.44521397868972923,21,10,1.9353338356387493,11.335602103593573,22.576894547090351,0.89126684479481411,0.99711669628801636,1022.1839354931753,1033.4837327787657
368.54506427969091,138904.50927161003,0.54907499937334792,15,10,1.9854668402390712,11.390365006998817,26.169649602041883,0.93631962359881449,0.95337872924047973,1355.1249045203394,1350.2114822047433
363.6508888148241,123039.44041454175,0.60560728887369575,15,2,1.6740724799005497,15.282441198577844,30.504939794703361,0.91521780271852915,0.70278662684460935,1255.322094650777,1255.5239445570869
365.63408424017678,168361.03060759755,0.48040602607919802,18,7,3.217218029271137,13.660239267974273,20.112930545228501,0.99451134149987286,0.76244101028763178,825.78449519602577,832.67640495702301
369.91923809277324,150909.16482464306,0.35800574379619476,16,12,2.3681875645562638,15.175658030428764,25.902243122294195,0.79106722943872698,0.94809409724807625,1138.7279663320419,1149.0082427225993
360.87560842326172,101723.15814623151,0.53457550627566353,20,2,3.2812482941148717,8.7693975155043411,22.972415023505416,0.86466969527698767,0.99998599671895594,1892.8007631221797,1917.0128617776588
378.66908448273739,172469.12015303771,0.56853469793169509,15,6,2.8876064219834623,15.780665014657036,33.324739126423253,0.99287908285535642,0.90323611949609883,2070.4525242259424,2007.3134368408535
363.82382646374583,174306.66536752359,0.60037237854282011,21,20,2.2401071368930583,12.004975062698115,22.925876658605819,0.92923582110365899,0.69876707595189791,1088.2576834181748,1088.3589798246323
369.25571195915609,110507.88458252547,0.64431997104351713,18,16,3.9135285023309736,14.244665460307459,29.304542526528024,0.99997737508250917,0.731724835606405,2242.8545318124038,1436.6049341123612
376.44208823356411,191367.84291442239,0.53056849500333658,19,5,3.0082784100555715,14.847170188680369,26.790934047785559,0.98558445005990647,0.83543449350206311,1455.5556956285684,1415.7622448230914
375.41264331577935,178567.37788779073,0.43470097418720877,16,8,2.1170456357391298,8.7204737202732243,32.600873272307624,0.59300842275524324,0.99881128011520282,2411.448686778097,2375.9349306204413
370.71920901004654,168980.28357814829,0.53903643587279892,20,9,3.2166623279689017,16.265135191867191,34.584022175787958,0.99903452893202904,0.97910975743876427,2341.7635459486055,2329.1357888012321
372.84047481599754,143760.47109464422,0.31448955755225516,20,8,2.5236338347613194,11.530538266133302,32.10643879527526,0.49068990912349114,0.99993409458258475,2374.5335194005402,2372.4687047236794
364.28555798350163,172866.35211098939,0.30665973370677158,18,13,1.5064078202861864,13.644501106857556,22.411371269559659,0.69838806275072163,0.94503245089429311,702.26096515268421,736.15887769932738
375.10805147831701,148073.63632526735,0.3480633273525458,15,4,1.6720706947304949,13.685991722080853,33.270280285633767,0.59087063490289649,0.99938609228661068,1695.7349521609833,1678.1555720982446
361.04608633559013,126745.8346600787,0.35540978759959174,21,2,2.4336589072386232,10.693391351379637,21.722370971130381,0.70000319400561006,0.99998174980377441,1210.0404337569439,1250.0120478339759
362.01090423163532,154839.11257075579,0.50363005123816584,16,7,1.5033277696444782,14.071465133185715,30.788992590137756,0.91499274931816099,0.98506009890572044,1290.6398737999957,1324.080706744483
356.02051078781045,122974.69864428,0.6024965331854748,17,5,2.3971036403589432,8.902905479099557,32.423597128793411,0.83049771428526498,0.99985776268283044,2502.0435211029348,2546.1872444349619
364.32801155131682,107028.95041886534,0.31986490346230484,20,18,1.7426979593495053,9.8955312685126113,29.645399730736578,0.4491383046701426,0.93814333767358404,1780.7870552958309,1816.630145913711
350.51594055268725,198161.52095203,0.34293328212828683,17,3,3.1057349290500404,14.784471057715113,23.49754835953356,0.90369077833970179,0.9875542683605939,1105.63200001414,1193.5969846022758
352.37411597975722,171711.68805041487,0.56211980614164836,16,3,3.6890700743886344,15.762527070133725,31.849876699964458,0.97177333861305681,0.85595809013248092,2300.1850650593719,2368.1403317173304
356.81484251461217,104184.59763383085,0.39772959032058541,18,15,3.6635792417383035,13.673251066921861,20.330658864730811,0.99960460538377782,0.89534883247662378,941.12195433742158,988.91863420386323
373.61054652180547,134817.49878787462,0.6259378402137219,18,10,3.0276863323684564,8.985674792827421,34.231844625213114,0.8481642280155185,0.99847210581981005,3174.4451087902639,2745.6484015078759
357.55659365633346,186408.19084685101,0.3132810097291201,17,12,2.659638941164038,11.127768313392423,26.174900434422259,0.53848369267581331,0.99124012942483297,1794.8538231535595,1859.5054766939459
366.82586343907559,198856.27452882254,0.56165259540207646,16,2,3.1519711399906334,10.730169677066229,30.736324598917889,0.86282716682857763,0.9998272308279752,2586.5107779953105,2585.7740416447296
356.3847160803316,144531.23496666134,0.62741675775502037,19,9,2.4633039124581515,16.510854013704162,34.921108534767342,0.99882782012008398,0.78672017376085646,1933.0582736562571,1973.683590836938
351.19230111192553,158364.40955719288,0.48901850524828072,21,12,1.5540356139655702,12.606908209113827,26.582309471188257,0.91904447969493763,0.98767361555103517,1099.9385945937252,1175.4135010006728
371.33204237078877,197063.54238349269,0.33818054837307299,16,3,3.2957125021446867,12.487987933567254,25.412697280874802,0.66479150744644366,0.99984725892665804,1782.5850696477821,1788.5117174626334
358.45030231622525,123416.74553990262,0.3843119355201311,18,13,3.2102449257164625,12.169316824015844,23.750595188653374,0.77207128778570722,0.98471152771328097,1541.465546874231,1592.2186791772338
376.97865721940468,165619.17212232892,0.33155001775135751,20,2,3.9393343155785314,12.143799486436787,20.571560252824128,0.80909485154731775,0.99989479816951798,1308.1916393157219,1297.5333642869386
358.88653448887476,136656.44255509356,0.41976045570163695,16,6,3.8627819701824873,16.154455217586577,21.86604194732897,0.9895341862537691,0.78168902816132824,843.73368549860652,880.88948759463688
360.47991784087378,138203.69416238082,0.47246201967817203,16,3,1.7541771809752924,10.050811501992314,23.955708982879628,0.81349609778818255,0.99931719146609077,1202.6370068759445,1235.8580500059445
361.73161086083462,105882.17834306386,0.42465466116393047,16,13,3.8785153891647619,13.560055277344796,24.721457988171121,0.87794706438921277,0.94843172034533152,1690.9200362724043,1726.6283332329067
368.02502723193959,196638.51654969866,0.68093018113809178,20,7,2.6603432788169834,8.4689583868467988,32.933827906825499,0.91662797952838937,0.99993602029725803,2760.8557775910058,2736.42680283237
366.24695688791894,137561.47747286566,0.53938829731552618,19,13,3.3472030113189808,12.873414544124349,31.172385972520516,0.91280729965219343,0.99144814890883737,2454.3348963712324,2462.0243452884029
350.09199544358626,197345.53589954067,0.65762453290734335,19,2,1.5483762747026248,8.5213406284504298,26.648327411684825,0.93725223203332075,0.93725036167556031,1418.4798039987422,1472.8365471742695
350.52817362194799,130821.55170872233,0.59169386862644946,21,4,1.9205878604555446,11.569400359919481,31.265076708975286,0.93927841667035816,0.99992742035869675,1765.633382528981,1841.1665513430059
353.07276361288632,202167.18149258196,0.54596873073532959,15,5,2.4436813396275268,11.693961690513865,26.32008633046182,0.97350884705860619,0.98885301232396416,1535.2772136184735,1596.1077102188633
372.294702692523,104977.77482278073,0.66597965491046796,19,10,3.3144304477125859,12.037065499318327,34.440324969540967,0.99955399318596305,0.9549480044762807,2929.954222825158,1821.5856928938076
354.97944721371374,154058.30451989756,0.43856311501725409,20,4,3.6996945768996894,10.041073482091107,31.113314055899771,0.64755694679509734,0.9999968580592401,3186.7960007233728,3255.2601195005714
358.07897322396701,141549.35105445172,0.54765085665672897,21,4,2.2317620602409645,9.7926540796568862,25.039939186021194,0.89940614922123863,0.99996717720727768,1524.1549612614235,1560.7124690151359
364.43483210858182,184273.28342805139,0.5919476180407286,17,3,3.6250613752194032,12.849697750734489,31.364885011659879,0.97597045901102664,0.96141860777913479,2608.8944834240842,2618.359566076892
361.31408961019667,125245.16636683281,0.53630156496913861,17,4,2.9623015522362204,13.196912707618862,22.896925769202376,0.97474142395589014,0.78604603151281183,1171.2299180483301,1189.5652554054941
376.32996033660601,158894.08838544512,0.55331568714547075,21,2,1.7600869617382624,12.233161230957677,28.637035908041074,0.90265475446833843,0.91508383014699468,1399.5937118203642,1355.609789044895
358.32353024993256,148807.3230605498,0.67362351918352004,20,9,3.6300616262554635,15.936947193501959,25.32081715078364,0.999598107081756,0.51831412559144352,1317.0144023987953,1327.9752963512453
364.29338378094292,157453.71516932859,0.6997153009001702,17,4,2.3903360555710593,15.580934717372497,24.879622059748332,0.98280361616829504,0.46923136513548891,959.06911057687887,944.1806959285268
378.22009651026229,175909.25543200635,0.51176908536306687,18,8,1.8940664718183222,8.7985518512826193,34.63329969342486,0.68591952676327106,0.99957801250748535,2393.6923434192431,2329.9422088474917
361.53192784114833,152373.82424032336,0.3731925618118882,21,13,2.461127280354404,10.490905368863094,34.298014312963005,0.53723464926178133,0.99906877777418235,2686.0829285198793,2735.9040023586585
379.90855193908726,123490.76915075011,0.38074259140408095,15,14,3.2672598721951216,11.213863981785655,21.212689387620284,0.66116724030634422,0.86929378821504666,1370.5635932852117,932.17999728830409
377.2269041472473,186114.57762966782,0.65394294468167991,17,12,3.8568297075837989,16.902811168963932,34.319394695921517,0.99994502081712222,0.70257736358371792,2563.9235545386041,2487.0487716891735
363.35097945868552,137631.42496609705,0.34421798406352816,19,6,2.7774401752662099,11.94758256308063,28.85585050918667,0.58740918251485241,0.99994574473414488,2070.4954318550981,2111.2012818702638
373.9636822966969,123091.16116724632,0.31079830929879021,17,2,1.7536366220025672,11.649172738043205,34.109359219730536,0.47198436586894771,0.99997619723435693,2029.1227534079999,2020.6698127731086
354.80424696882454,128431.51971482567,0.42895862748971764,20,13,2.8017448478083802,9.2078842898904742,27.565964817991929,0.6429690624836174,0.99772328284123712,2247.1907095063616,2310.5209364774828
372.44945784300074,113146.57654423515,0.49207852432458277,21,2,3.430956558037296,14.708834418007097,28.300773774949263,0.90266460093043221,0.88729950619056119,1861.7050730812896,1417.7608408150627
375.70206060208011,169249.64172658348,0.620246107579696,19,6,1.7721711804301035,13.449615528124205,20.139621714986685,0.98255464073799492,0.55997017964116902,564.22828721981591,523.51364202558693
375.38317693941445,121438.62167751402,0.54228438836914372,20,12,1.5775879272337792,10.174351036671712,34.62123568235954,0.76501355130961624,0.99289070787209732,1994.2661158722024,1098.0118453580506
376.91451775788539,199711.8104837354,0.44513715915962609,20,4,3.9069471745372817,13.749690214171396,25.967804976828774,0.94599936726680223,0.9998438905064666,1837.7776486357268,1813.4442579456509
350.3342951584907,178325.14956769074,0.38725961247790897,18,7,2.106933538736512,9.187672885185421,24.190039360281098,0.62425146048966951,0.99971861256158923,1504.3416818073943,1582.4949326359747
353.79822080110119,163474.58107877502,0.33835343067712154,19,7,1.7944135559471697,15.754069590908042,28.566605946310609,0.75214596666185274,0.99817172924078557,1135.3442278172815,1225.0476890202126
351.68452201244168,166775.40485798172,0.49752231937450775,15,5,2.3523836520981121,8.323804016724603,34.456134587526847,0.65590730832035871,0.99972098527442999,2816.0111479705652,2897.3635852750258
368.20330731133618,126013.94858903864,0.59822366769404933,17,9,2.3447126801493017,13.744489306390513,20.125105552317159,0.9978816824663741,0.58730944910025862,647.14987875910208,632.33284897755561
353.34704211194861,200651.05276954497,0.32862081622528883,20,5,1.5552272531721092,11.088677081089783,21.767041845548452,0.66958583930717075,0.99972475818971673,875.48980817922052,944.86763561213979
354.65352414752056,176060.06982762096,0.36686044302268905,21,7,1.9923622111765957,8.2646582386822711,24.590281469952444,0.5525667422630256,0.99997409065718268,1589.8828825009766,1653.836548012697
358.9670547397514,184015.71246019655,0.43730328662549295,21,19,2.9241941867524419,12.020865973870674,32.022982273703903,0.65679084177918623,0.92790183236976143,2522.7725654441351,2572.3301362462453
353.21555374468937,163230.47535932882,0.39574137263503295,16,14,2.5221631065397507,16.640714971093793,29.419892100456586,0.76450888419498209,0.88745979949095066,1424.5938818640493,1505.1317517986145
364.56272547490556,154523.18372540994,0.46117228784237008,15,7,1.9962017880971707,10.08966221828091,29.620164289427997,0.69822345767139271,0.99768444598764516,1870.2503549669827,1889.4924848100743
373.24759814921191,153919.08023508443,0.48318177470886847,19,11,3.7223136054708066,11.173079914522395,32.912564187616837,0.73101533650299355,0.99902620406657039,3265.702327714037,3238.9945608298308
376.72544758405792,173211.80454494557,0.67409270974749669,20,2,2.8691238892776694,15.990579879286503,31.537610888449763,0.95346309541726326,0.59752930315549568,1841.1298364160677,1767.0205344709652
359.20860109558265,165507.49963812373,0.5776714363912453,18,3,3.7192048089672061,12.731086562733207,25.168985297039143,0.97275652382197841,0.80836059669767946,1789.4455767132704,1813.6965387095966
372.81605603473076,169691.42542572669,0.53550546111186903,20,4,3.3961944200278702,12.753651093630424,20.616952873948939,0.97680623084465867,0.73656775761457616,1052.9705549356026,1030.9769293256809
369.07791271364221,105557.93295135639,0.36464925230647555,18,16,3.6297377134497455,11.953990991460156,34.882294262155099,0.53154813801093903,0.95546985363045145,3462.4435007891593,3471.3264715854721
361.49814061874901,113001.85607817383,0.39712798716950293,15,3,1.5413130966836182,11.136503442671849,29.953906259675932,0.63194812954666257,0.99964736965112233,1541.8963612463976,1584.8470462773137
359.73580809528744,145902.84882149927,0.66118354494167342,21,16,2.7660065259796909,8.2768399797812293,31.623272159252444,0.89021974405638948,0.98472845977103407,2724.2197395282506,2742.0179188486791
368.73856433760307,134747.69589896777,0.58983512177838404,18,14,3.3971700491164829,11.193457786421504,25.732085674836807,0.99958340646424182,0.94228320238411267,1937.849542872973,1928.8186901404827
355.17696732872025,194481.71989757824,0.52248242547155777,19,17,2.7764728688090758,10.270816978058226,31.757609173512371,0.73039944657842615,0.91254441731245528,2581.4880140242626,2636.0170051183172
356.24928387117541,196269.22962236349,0.63630552143425312,16,2,3.9040086991692315,13.501829319399235,20.914991688304578,0.95103696560897588,0.53649733149557499,1113.2475410694576,1131.6653917352082
353.02075290441547,151631.00626699804,0.36662802535144673,19,13,3.4662776895020828,8.7553383593029981,22.518733095528432,0.59762002878262266,0.99649104736389826,1990.3457567701832,2055.9361655623047
350.53058618519947,107443.2604024295,0.39142215306825101,15,8,3.8675993706301939,8.7605135618697449,31.314808717172038,0.54304921392402783,0.99894728034568669,3576.608131110263,3672.6965239000156
372.57306340640088,152942.49278630121,0.67139082387893345,17,6,2.1045773149085747,8.0748211198904656,30.174083283638623,0.91653131062387749,0.99949218805419882,2115.2774076986711,2073.2409619033415
364.12247965813265,158736.90935949396,0.65887062783523953,20,16,2.7758017510862407,14.045234959693735,32.031702539169558,0.99997801936548181,0.77799008708880213,2058.4541710765693,2053.5463672803107
368.52461957006932,170799.12953465496,0.64111433905862003,17,2,3.2867374406398291,10.336302162421543,26.407808841342483,0.95890039242905745,0.85298634400586415,2106.336628198067,2087.4583270660487
371.75037327077723,111605.01031686951,0.38782594343639254,16,15,2.4137416669444995,14.058002840250733,32.964295158225248,0.57544070630675248,0.86449256500599514,2095.1326202308724,2083.9053067542063
371.59349043170153,193946.8732327426,0.50383795696899192,15,4,1.845952629949565,13.105123951781598,34.805007893254519,0.80752385530673454,0.99900337999108313,1941.279291100898,1922.1073748880397
363.51339816897803,183217.94291023479,0.52863565750511776,17,2,2.5292485514659973,14.867505655051911,21.231200492731855,0.89575949194506577,0.62850315740827656,695.15884783504077,700.77647472675767
374.94767776071916,141505.52215623186,0.4721320336878293,20,15,2.5285608069789878,11.988216923356157,30.890709743637458,0.76145207588680364,0.98409451309731844,2112.0367666747493,2081.1412070986771
362.48285219217786,196895.98138784722,0.65056214640284671,19,6,1.8074786815132535,11.101282479543372,22.151682727598438,0.98837094895403199,0.68569617355891344,942.68412265739573,943.31314403072406
366.13567087204927,133287.34944755514,0.50403672552178769,21,10,2.2682656665002456,12.250927212101839,21.474744164887696,0.99781089258202871,0.86770916464387327,914.15185172720373,921.29238439851258
359.2621530178339,112265.3267988287,0.66817613683934762,17,14,3.8908921644607988,12.395220859337702,22.250684213221856,0.9999804067978002,0.59564220214402752,1461.0024447678402,1469.3806373181965
361.06296662985949,102673.34982311519,0.33575074022506241,21,2,1.7415054317202134,8.6233428587225927,25.249206191838816,0.50989720213060963,0.99999805849437551,1490.004562685785,1533.54473886917
379.76377994850452,140921.48079535167,0.55523724227971583,21,3,2.1112817507518682,14.092063507452636,33.431150290160971,0.90576898485029567,0.92584946476618524,1858.8876477336178,1064.0283096891255
357.28747768570088,178904.15041580526,0.61248737374771722,21,19,3.4147624334986766,11.168650414279034,34.050522434856056,0.86476055821995323,0.90430281875357499,3144.4607906447668,3181.0523590400694
354.63387846345728,200675.10214103159,0.62723425614854045,17,14,2.681154321719033,11.296727474734061,25.755037348694184,0.99951750379149729,0.84928321444221633,1613.3590577012735,1651.9297476342549
350.12454281178515,179770.7754138069,0.55348196672487471,15,14,2.5209344503470237,10.596892099605823,32.173480384151212,0.73457563019897698,0.81525815078825803,2415.379135031767,2487.5920435979865
379.02018068008135,166183.61996479903,0.38752400220262695,19,4,2.6553801289478072,8.0502614825937258,29.534190382014117,0.53273891842060406,0.99999424783825663,2561.2201058398045,2516.8948448053384
373.21613990237756,179288.80593085894,0.40100611398987135,19,12,2.9833152300837211,12.702584175700594,34.978208503582614,0.62840159579351207,0.99776043626984845,2862.2312883270297,2845.2581439832675
363.63193111201838,122337.59828490675,0.36223004043144019,21,20,3.3915348070688554,13.033976998567105,23.44289734047274,0.65786861038159394,0.87388777020837427,1468.9684914347342,1496.717125421213
361.1713079610613,137470.13860043039,0.62228717501803943,15,12,2.3460324973761413,12.42003951205222,28.079603541707435,0.99614199014780691,0.8490426356196481,1589.4867496323511,1604.4978997731203
365.27703487044528,188462.45390663625,0.43766494501031233,18,6,2.9164406988171119,10.871046733748189,34.418943495498482,0.63968762310523586,0.99993702968962195,2970.6773456636161,2991.0891532663472
351.75440659191662,192470.53802611629,0.38864098117710444,17,3,2.5829238551985121,8.7314462598638833,22.007143807584487,0.64421925907708477,0.99995033727737259,1531.2824423681554,1597.8922252630077
370.74080477502702,171602.88933513986,0.59658456467448318,20,2,1.9646931714916258,9.4432849752210473,21.535652861355643,0.92356813269253446,0.82208515052847342,1103.7963654447035,1083.7120312206721
352.64578563173103,194059.40993424415,0.61333352619130177,15,9,2.9696891167669195,16.139854802850103,34.597057872131494,0.99903539609883851,0.8277629230467487,2221.249990663006,2284.6940351918952
373.50464892620437,188257.30088706076,0.62900970894890351,15,6,2.5657759158739863,13.575971971996115,20.285688804975099,0.99218354863277891,0.55048291545121419,726.39891046536252,691.67997317179925
379.38332674556568,163779.77460219964,0.46498779208730956,20,11,2.1877558047205312,15.689818806129889,31.099029015923861,0.93110926858928456,0.99280237266812688,1510.1646988731027,1464.6236790353219
364.69249590435646,119533.26872502344,0.57283713029221184,15,12,2.8385654521672512,15.553212888155231,30.185736513671344,0.99892939631451416,0.82807147617540611,1702.8376283340169,1708.6595700117814
368.98899143360507,177659.76967831142,0.46489369237520434,18,14,3.3404253274673872,9.3908201775037785,23.907100433766423,0.75210180987988262,0.97901017765067977,1997.9840935642678,1997.4207579887657
356.28283883993646,200968.84388792323,0.32215666356069189,15,4,3.0911270785825917,11.68207912040878,28.886944249510741,0.54079568309784787,0.99984481226554534,2293.6424329268075,2369.456289473917
376.20787420140948,175582.66234574706,0.67508143102378337,17,6,2.074296762689543,10.472332758261977,25.791087060478091,0.99261763000409453,0.78940059205546276,1429.7039663841699,1376.0176838604204
357.56568263122148,180932.42381585791,0.38459017237800025,15,12,3.0237414653585639,16.628426503468972,30.703879143155124,0.77438647687942852,0.94536615121700296,1789.7995227542217,1857.698322469791
364.1424905142805,124726.1316466569,0.59012943218635838,21,3,2.121150355894887,15.903017439948869,24.208164601436891,0.94503729364928157,0.59521647305081449,794.73543636545492,792.59332758928417
350.17277673090473,162154.18710421998,0.44220725281210949,21,7,3.3839958145942055,13.296786208724969,33.194630026682105,0.73769854174258387,0.99997596911916531,2772.1704036327815,2873.6413528439462
366.69242403499896,176915.91541051597,0.59632302968436379,19,17,2.9421435710650297,10.343012677368714,32.35750258683111,0.82829686793984658,0.89751155552985551,2718.5610290783252,2707.7337012290373
368.11393157268594,125638.25008130592,0.40184833942470838,21,14,1.9068478039070875,10.94617665230165,27.507996259656732,0.66392220911890965,0.99467519459464993,1545.8742623100197,1556.3944647244307
375.83123175208982,140791.83178138951,0.61440212193230881,16,2,3.0756895571612706,13.525851765294956,27.995956076642479,0.93502785636728514,0.72860421057600544,1811.7451915989097,1410.2736898543267
371.77574114296851,124942.89671928107,0.53814946950854858,21,12,1.5961118048609289,16.092834631214306,21.384903407141056,0.99294927306662273,0.61140844977893105,417.05621452816189,353.00973588906282
374.65990244237236,116181.50032332673,0.35040798031588766,18,6,2.3106462114582831,16.04950185430306,30.59332574618437,0.73628551669713438,0.99926377194656391,1530.473814629155,1521.1621625603602
350.95293404055894,135931.38827216913,0.34199772425765684,15,8,1.6509710132048019,13.182486466139782,31.97081039409191,0.57840315255826169,0.99493796636930831,1616.2985580666182,1724.1644073593013
352.32355168024708,113500.72953680238,0.54131619258963015,17,2,3.6767746232225442,14.920553129308182,25.327033952293935,0.93545560633491931,0.73357049217664894,1494.9895395118533,1547.1874676300145
351.17012597854256,164723.10191738617,0.69369145218423789,19,6,3.9047803263772654,8.261152583630361,30.074080977220593,0.95642915234363302,0.99994119972162943,3272.624962334814,3326.2739082326643
359.33937697903224,156331.94030396471,0.58503791960433027,21,4,3.505633379773454,14.668649050514516,25.58227253006644,0.98357728153964619,0.71150494170085077,1495.6826103301914,1516.2540945213959
355.11270155251151,185939.54397148159,0.48931255956551956,19,13,2.4088510916931636,16.557432491550422,22.258209372858147,0.99958704581501623,0.68637562219985682,589.06733755908681,629.85175328655077
371.55705460285628,127221.78427785479,0.68846889565391567,17,16,2.4862694549302584,11.637735006179071,28.275420124540304,0.96280914455882471,0.7037559191827909,1771.9452581013775,1127.8523154337643
371.51544513137799,163412.62843625573,0.56820563786952083,15,11,2.3772547743433412,9.9608590551846934,31.856879974394982,0.81178510133312587,0.96721960637266902,2322.8804933068686,2294.0798107488567
357.77248095419839,196823.17972183038,0.52634196952243428,19,18,3.020118457557456,11.389237020563911,20.173404696610945,0.91463107730967574,0.7731592633115506,1089.1425347895083,1115.965807987724
371.63482114707813,142528.31884277205,0.59616752744486279,17,2,3.3220897248820043,15.50702305528057,33.44283500687817,0.94806487969471864,0.81085805986265069,2375.2666982547885,2339.8507450273846
357.1985783490299,142707.22500992141,0.3918180873641518,18,6,2.4830986531958597,16.062000679351392,22.021430439092885,0.96752695199008887,0.82178326324904793,633.49666875762011,680.93842542088873
360.3540342501849,121042.83081032478,0.55234832949126833,21,3,1.8202500583973791,15.845263516726096,20.982256913460912,0.92168793020137862,0.56739050567475924,446.22277657549557,459.02537726009615
353.23359780696387,142028.13066436691,0.67737935377796143,16,4,3.957045313003261,10.465611343066026,30.320425875524723,0.9926475370135881,0.92077132776372406,2987.8780643795853,3034.5326187765527
361.46562741520609,183247.37885670026,0.58739287607237989,15,9,2.0597930636985504,10.797578497187503,24.359081777238327,0.99344304174914366,0.92265657812980306,1259.5047425231469,1277.6889696578273
351.32242443522551,146388.96496810883,0.34162900778851268,16,4,2.1480214856994282,14.026873610720912,31.838877171254193,0.61046681941458625,0.99975251896604245,1812.7551372117382,1919.7415081935956
368.26503621670184,103825.0716126715,0.51945238504011759,16,15,3.2441047284068874,12.787839979491123,27.584711833039631,0.81518362611067352,0.82277819238843908,1971.5565321220249,1588.4134614681768
356.65797591011409,128476.91602193308,0.47308501308288031,17,4,1.9304762017930903,11.967789807347017,26.485388146597142,0.86246830593713464,0.99921581834813966,1324.820119120247,1378.8714829445998
378.4937180339702,158421.82736036179,0.64336308034113432,17,7,2.4073369906849709,11.15829162555481,34.469789600029955,0.95062813034440818,0.99851665166601045,2432.5313620160678,2073.7774226847014
360.18617959328282,160618.29737631322,0.49824783855781318,16,7,3.814675515431682,11.782067302005862,32.507664909587554,0.78116060791421105,0.99941505128023078,3150.0921563048792,3190.4130952901396
363.62225863137388,199087.0284511614,0.6957395925377835,15,5,2.7198841434169485,8.170536144669418,26.253430422282978,0.99309944796479688,0.96246361646019318,2041.8758096339609,2040.3355907808673
353.6166940264016,172562.62442524981,0.36607043497727115,17,4,2.7927793009859876,13.228380156843635,24.934644667038064,0.77934537750719735,0.99963275203417912,1402.0060512990606,1477.6261549918561
367.28997064386493,163035.42864759421,0.47823796344304981,21,14,3.9717948580991762,13.259330190425427,30.912120036367384,0.83532704428379723,0.99711528108518888,2746.0331355414032,2755.5412812511081
366.68704652521154,199043.68571466987,0.59470481801574959,17,8,2.8559858622239682,12.245184034120843,22.645266142301384,0.99814572491648457,0.74794284619963081,1215.9925468718054,1208.8337380015489
365.29099452734505,108729.00450771916,0.67273416001011332,17,7,3.3490538444489801,16.738911063626368,32.849271379583172,0.9978792428608404,0.64020151455048957,2124.6321411362778,1613.9384481849377
377.04440673537295,179702.07323192334,0.65360863179658002,18,6,3.8696565573319437,8.4816854775481332,21.089100058965432,0.99765913661530725,0.8577877749306102,1861.7826811950881,1818.578657842269
351.71483892078271,125792.55326830862,0.63757537012713739,18,11,2.1732670617297294,10.196137802947376,26.218765494126718,0.99911665631143587,0.93064380319145146,1541.3730502982828,1593.4643593332767
352.91497799076836,116423.71904210017,0.31588071537906337,19,18,3.6331819188237104,11.400949721281393,24.515595667120348,0.51439551341019463,0.91247291260459862,1985.4245238477613,2061.3329248185551
373.94998824082779,167332.80063169723,0.34504655314378746,17,11,2.0278575344750149,11.52750070863287,20.370865021732573,0.76233843176081151,0.9750783787862356,847.76787320560891,844.17879866016233
359.31966250355339,104434.47015217181,0.58618003798632268,17,13,3.7747418085659117,13.552203419388832,20.717519611784965,0.9999537430441503,0.63258976249320098,1036.9875529669753,1052.0396441487601
373.46018989895481,132259.83771889523,0.64634348741295289,17,13,3.7575096171260083,12.080556649997625,25.619576165156708,0.9999431048523223,0.74995980686936925,1952.343903202566,1476.1435304855436
365.89135591350561,132644.14038483569,0.4434475459286854,19,4,2.6041381796868386,16.339050830083924,25.123647703329869,0.94893249738605301,0.82829707403373476,969.93987727979413,983.61172770705093
364.85354611301494,146586.22533449932,0.55663903432300887,16,5,3.803747962924922,11.972473761977383,30.092526175199325,0.92416042389802155,0.99952852011918836,2679.7065341762891,2691.7939205221273
350.03264671136748,194645.52035964208,0.69483213421623158,19,15,1.7771314312244291,15.838875709439105,28.719081272051707,0.99983070185584355,0.55319270544124943,1084.224162021344,1130.1269714893451
379.52880166881664,133489.85369452584,0.36879916388299272,18,8,2.4414893121527612,16.889057468391517,33.113576977010155,0.75088735004915153,0.99825168050711666,1770.9358407924219,1676.6026797900304
364.18027823770899,175982.86964147229,0.41951602188673925,16,14,1.9914005841561906,16.377759628290665,33.225864635829751,0.7118284893860003,0.88119075721079898,1607.69863817431,1635.355155690457
366.36320586181859,104523.9426586898,0.44700838973221446,21,4,2.6915108835455857,15.068097709560814,23.397398109490702,0.9524736665393515,0.8323840622068639,941.2916861220408,952.13727597630657
371.65837943177127,180582.74374810437,0.45891384784181005,19,17,2.5189268505129778,16.253423869258924,26.040863388178806,0.93364879612694585,0.82697842622555884,1058.3313918551628,1046.3115119982967
374.41118198251871,114534.48668304425,0.44712905616713483,20,11,1.5370855043322091,15.203886928421859,29.560522564486845,0.8439353010586873,0.92756785011909215,1137.9476879024387,658.11551946674047
355.31765789141303,135448.23860267154,0.36396035873931537,18,4,2.7841406523769909,9.578397683233673,20.266670965432038,0.69005977818530861,0.9999227287018071,1294.1457282830904,1348.5404707217156
370.08170503940511,161490.69405463469,0.68172842161158487,20,10,2.6049060968386812,14.877013768313459,22.643934434726336,0.99947545622201539,0.48415924741666655,848.74294061025171,816.92020602958121
366.81375017217067,202177.90505728504,0.44291566902056756,21,3,3.2567570498947012,16.347549969041978,20.255232736815341,0.91538107767763544,0.67002128660600169,512.95625717913356,515.93600466379507
356.41034050035307,106269.00649798842,0.66512788832178082,17,14,3.9324343424235781,14.157995747665407,28.530177897736515,0.99997506843938699,0.67479577835268056,2148.6733234293984,2173.9152460959385
362.092167972006,176892.64616523037,0.35546773942646931,19,8,1.5564907916498638,9.5627349514322049,28.947284108364158,0.53069708835609952,0.99973758944735358,1616.5644940433228,1659.085267917693
366.93850559848755,135748.7057594276,0.40135359797578007,18,10,3.510666079838527,10.64279575084932,33.591194009045694,0.58716706377245753,0.9993034438147923,3355.6989335624166,3371.7506477475836
376.33391755532654,127766.51871510202,0.62755237626139337,15,9,3.417966798971392,12.804212208803843,29.309306074578458,0.99871169788977632,0.85091195727316205,2210.7824214201328,1251.8554623596897
368.68495718342018,187427.51386798665,0.51841202955060262,16,11,3.3643419357366744,9.9305566607776825,25.159843520305515,0.84772003901855475,0.98653362147096135,2075.1463142993612,2071.9778971926694
358.25924103297257,103287.2882235563,0.65051064311606366,15,14,2.019915098912664,15.549467777342754,20.191518373986018,0.9994592421033216,0.45366244094952379,424.95172176119729,434.64849127065281
365.45224678620337,122470.35848904682,0.35502188828473685,17,12,2.0670036989909923,14.661754261074474,29.977005283239766,0.67475695471573816,0.97896126357081181,1506.0949947081483,1538.413788830851
353.97325819599592,164644.75884774906,0.43336116458948754,20,13,1.9932199796591359,8.0815528927480589,28.790001971900928,0.60144205669868833,0.99733373015766824,2006.0691579093195,2073.3420525721758
377.63745429757864,187141.6100339854,0.45734371381290739,18,3,1.5378789608213332,15.831177460457747,25.093452768397263,0.86954300253661276,0.78382082734795078,731.07677919156367,692.7877890265097
373.36480082079061,133347.29608228689,0.32632223972922914,21,3,2.3951862794677821,15.394996401377952,23.629241880084965,0.85013244450771797,0.95385635264114244,872.48001128076464,873.70566017379565
353.30870600102872,177000.16305015419,0.50149328267656257,21,12,3.4839732470467251,14.375721051813905,30.00271298680115,0.9612788976417409,0.99829930587030424,2141.2714244933418,2216.8107948622155
371.61775197940307,183071.35270499269,0.69706716753356179,17,5,3.5363389551420723,13.302109350295789,31.985331350069181,0.99553749588299989,0.72214128299133562,2571.349183231182,2522.9216497073799
368.08897312071593,197685.52833022812,0.46199586272785864,19,14,2.904138747077655,16.850315620625537,22.142525654359499,0.99986736428850531,0.70693309355268552,626.2658291950379,625.03527521464309
357.66904711656696,202416.59729403126,0.35394570119794411,17,7,2.5541658372082745,12.088454474370673,20.445258740102993,0.85993981743262737,0.99583781218199829,925.32954604238876,977.18237956198129
353.27993179850745,116954.82167573253,0.53323668353950449,18,11,1.5455180200257732,15.131171663877634,29.541205709816985,0.98678855015437295,0.8987153807211361,1114.9613841037274,1180.5610063742242
351.2658875153474,140415.85255749928,0.55435957290857385,19,2,3.5783184843141673,8.2863024320189389,26.510544251790524,0.80643126559393818,0.99999238132771884,2623.2288266572446,2684.2104521522247
355.96255715290204,168175.17502908321,0.35004869924618331,15,10,1.8910541121068973,8.3296420656818153,23.887762572710756,0.53177724008021909,0.98938304599982807,1467.090141361828,1526.1372945931412
354.27571924316965,115392.52868546281,0.51061615372099112,20,2,1.6609571023786551,12.333467106082228,28.36498091825516,0.88919235889693138,0.98149547942408755,1322.0102979577589,1384.5686936735849
365.06453805824952,201609.76203565608,0.55252921614385953,21,12,1.8615329847103914,12.283511247567139,32.51850703593972,0.88595185318676206,0.99680496071103308,1795.4891211759807,1806.1863724592426
369.03772356174312,151116.22492938142,0.60809851085312283,20,14,3.0481691728694535,8.1734827702690307,30.927613705737802,0.82451839544278061,0.99439340434044354,2887.315160871095,2866.3121903246783
378.94706636202852,190335.80864615756,0.69422234251012827,20,8,3.2184119204552437,8.7912342975462021,32.24455510280773,0.95441413760379967,0.99988520212522491,3027.5667509788427,2949.0678977986154
356.1957826278246,150575.95828408393,0.53695893321653154,21,2,3.8416796324440958,11.242655635795861,24.579360362610018,0.94676740668594028,0.94919538936655001,1979.0439022738828,2023.069723272979
376.50229105524357,103033.06700293517,0.40413181544281468,19,5,1.6534421737647811,16.116680370566286,22.983828531454236,0.73598737189886942,0.73726835021247483,579.21576438025147,-181.7452703218776
365.12346523357252,154373.62845793637,0.45538664818284408,15,13,2.5346182118618326,13.269972225196646,28.7491873035483,0.75553365371981529,0.89474519621985071,1734.0765085597016,1749.8591432151943
356.26503223601497,164489.37467542209,0.56011238637447613,21,20,2.1893506902709374,8.756526917374007,21.378904263893563,0.78960983769319193,0.7706589602788293,1269.1390308499367,1297.0094433370184
351.5313875388174,165456.76045068272,0.30058286194170336,18,6,3.0631186271729502,10.98238780728699,26.243175641409202,0.51684752732518524,0.99993118276113935,2025.5707794063144,2117.3359267252908
361.72479613814727,160255.57696984106,0.6625801898949687,16,13,1.9055560008504999,15.733553874674513,24.836848898514567,0.99951482373675227,0.5323667085572853,801.78423485861481,801.10043555466507
350.64534917749711,155469.20921522798,0.38507685418564058,21,14,3.2117258128756934,12.30181886889684,31.208217141408575,0.63421753765058764,0.9978231857763904,2566.7394142876778,2666.8804223600828
369.2992185734069,114109.74730941904,0.67755395138963148,16,2,2.6715106021538428,13.966775901160098,23.07147906176349,0.9108042144123718,0.47449804953160618,1031.7444337875363,384.60787324452804
369.88665678493055,131735.40286456712,0.67160520386497424,15,2,1.9826778778939094,13.882416110232199,29.773848444860825,0.93973920340126038,0.63533144092689009,1454.7509861136716,1351.9056895173806
361.30679392759538,187073.07933888884,0.54808929024907882,17,12,3.0333906974608809,11.501902878925158,22.564865582110297,0.99964646576715188,0.88628333301226159,1352.5682017881629,1373.1110611148204
358.75606014255715,175231.28875769023,0.53566938826848565,19,6,3.0090296716413132,13.356893942321136,26.978118634597919,0.99329078301944085,0.93106794066426424,1657.5610678349531,1696.0927006947775
354.4244745538777,175534.42832167848,0.44758608361289498,15,14,2.9664360852596672,9.6840535336924027,21.713730474861212,0.68816577393071487,0.8512651935033535,1527.1286005515133,1573.9794214220312
379.97850845920317,181388.17339387635,0.47709059018388256,20,6,2.3547937601889144,8.1059861756274412,20.803197685467637,0.78162595983931138,0.99992967999550109,1344.595253388595,1307.14402343043
361.52635352604852,126278.01792726139,0.4229425466554903,15,6,3.0320116252290763,10.037384409178227,30.624466769301549,0.62890693522373742,0.99949755930312512,2677.4379232186579,2716.1814606323837
379.82780267185893,165488.03248236384,0.53930355734991386,18,6,3.5061373997826459,9.5725952389932214,24.234835928003228,0.89130568160911261,0.9998281347407868,2046.7131386572555,1999.8515451350688
370.88854092672398,135168.17995524226,0.53255122003996958,18,17,2.7128197823854414,12.692388283271523,21.48407213325569,0.93059298009325087,0.74317516697764519,1003.6426418575192,987.18680995486898
376.51707697201851,146797.73579261714,0.55104845041538675,20,17,3.7619203788109217,16.623698854822525,30.569965305004718,0.99998804759575111,0.82562690727780119,2012.9142968183653,1964.5653489178833
376.62944955195275,103056.55936393671,0.59252993557931077,20,12,1.5836479549286024,14.768128816770449,32.919256538659923,0.90250049740612992,0.78848393579558784,1449.7117554173215,364.16427289280324
351.28559788781013,143926.39004475233,0.5353313936777403,18,11,2.5625186294837321,16.944670025604623,31.497247120140699,0.99934110442754986,0.86317890875034353,1571.604567623513,1649.291183600197
374.012731204565,188868.88555305335,0.52165882709432643,16,5,2.2453448864993848,12.92919546020692,34.153590383880584,0.83903143771841671,0.99932604507277356,2153.7685583650186,2120.1128819820951
368.37673004483185,164436.51678394817,0.38221872188763323,15,14,3.5071375548158792,12.456947815884812,27.940863049831645,0.6017499524098141,0.89065721262524311,2258.5269461320836,2266.3147810431133
376.66220820597476,154494.6851181864,0.33990299084008191,18,12,3.9551961810779117,13.404025958931086,25.384066843387703,0.71380915100551123,0.99428237934597374,1893.1104329201053,1877.5677710132118
359.04538907816419,135093.34163660833,0.49228791435039032,21,15,2.0131566709915596,12.650560248619673,30.675334285071742,0.82705157056750744,0.98465896965242661,1701.6939902633476,1747.6004818938663
350.72264991247687,105638.75233468149,0.39528759658545609,16,10,2.3743315993067799,15.363329778270018,22.950934716528717,0.99025466871350243,0.89856939391967272,777.65976921664765,853.6658822476893
355.91579413361188,173561.59762950664,0.67863853345611369,18,2,1.7357423411161836,8.1373644116815953,23.702194825130139,0.94524803852356098,0.83130607190253092,1305.456948788893,1328.7971932728776
351.58367359065159,130371.24202941396,0.35270293815503961,15,2,1.5796593508134407,13.333560088813567,25.631555617692207,0.73190513653760148,0.99702838934237437,1009.0499570082484,1095.6684780660571
378.86975455224967,185736.7564004946,0.55685346268504854,21,2,3.2081568082778205,12.677602994020845,34.918318236907162,0.87430610590497282,0.99999256759052413,2908.3283534508146,2841.6861225781922
365.34034643920154,188994.24796573975,0.5174793383472347,16,6,2.9275492307970841,13.07158796441303,25.729658926012767,0.99126147848502744,0.94132714005574247,1509.7065198223927,1522.8197163226664
355.74731834647122,117581.69010119053,0.42158215015697392,20,3,2.5990257325647521,8.8717952775418745,31.486853857700183,0.58697345168384374,0.99999791486483736,2638.6548750756247,2705.0094647707338
379.43582227886924,103768.94371902115,0.30086514859562669,16,5,3.158706071739414,9.353781803577105,26.118100815468047,0.46864093373430155,0.99983065573828889,2288.0458880179735,1418.2464933218432
364.57546273934912,122826.00799758144,0.51651290244614367,19,10,1.5869617352868872,10.93641982233963,33.395541646231685,0.76703739641124968,0.9979611719007957,1838.1993829196929,1852.6359453133484
364.37311983316351,110211.52656701546,0.49169780926212248,19,11,3.7926076676665996,14.453886435666536,27.348163929492312,0.99971842085989537,0.96157344651856125,1873.1800900884177,1896.0515005257348
351.16398147766199,116529.29412525329,0.60082991075846204,21,16,2.9425702573025618,9.6905309980444283,24.471320728988537,0.97984163579902583,0.97723545556996694,1773.9240514859207,1830.179893807963
354.52668381014217,121745.9464111275,0.41535999317710598,21,15,2.8200117961061242,9.8413156714957744,34.985677634007615,0.57659338717449549,0.99658714279075278,3117.6221417870001,3199.2883285691078
352.40455787252847,201000.8732139045,0.44856895510524925,15,13,3.5949213766461492,11.302340111869546,31.625817535126494,0.6642189788102163,0.93919965824727891,2998.4906540302673,3078.0522217991006
371.09987691676235,115909.45416229519,0.51360259065032121,15,4,1.8455486178850826,11.21105458086592,31.138455576909919,0.80192165425722262,0.99886487417828473,1784.094244799847,1517.4330094598226
379.37504036491504,197974.15230149124,0.31796694979293594,16,10,3.7168812013100281,14.387823525652674,26.832006705497395,0.67864493900312117,0.99398521712533272,1881.08119030326,1854.6858334086073
368.69888531931156,120938.84403967991,0.43837332322025047,19,11,3.3252827753671208,10.586685291429834,21.060401810684894,0.87821144291768105,0.99678685933525168,1406.7302559968105,1414.0665726816524
372.05356964460276,161765.47841730394,0.58849583427556595,18,7,3.8578899752303912,10.164168853490692,33.336667878896307,0.84657106034035101,0.99986445547042702,3515.2589583643216,3481.6814787396543
378.31444489482533,146526.08625371524,0.38873045322109501,21,5,3.8343590980621638,16.620913902668242,24.959669475471447,0.97847682143011738,0.90717674953116034,1227.5031915202755,1200.9259286409028
359.67689760870621,136281.44927381887,0.45367836743242962,15,2,3.852777886115299,13.470935392177633,32.07878814183119,0.78197770751332107,0.99978827376914581,2850.2308804185609,2900.8663078565351
360.04403962258903,178474.71153833001,0.308207213199856,18,12,2.73837604417196,15.82177699158796,34.493522910137436,0.56487453593167425,0.9946927137103162,2268.6106919376193,2342.3371561425342
369.72079751264806,129576.10716941826,0.50347184328126648,17,2,3.261034416260757,14.019761350225545,22.72460432353644,0.91321647618793078,0.75092629876998529,1144.296444148408,1133.8542361626319
376.07800689319521,114642.59174339805,0.54956628281348363,19,8,1.612628915340234,12.094093522452793,24.709376297974668,0.86059513948748101,0.77486869030661698,1026.6942534971056,212.97926069894345
371.4626458584716,162504.09929246397,0.58049056107474362,15,6,3.9366102420720788,8.0558271094927694,27.864594352203234,0.81634707737813605,0.99946290749247135,3069.4138912943158,3043.7388286829905
365.75327742552537,191070.27438331419,0.51041441725400016,20,6,1.7065695365490716,10.667055816603385,24.916600875207969,0.89219189526840814,0.9995506700119432,1194.5414406465438,1205.9132130164646
371.76046466151274,177843.17993635181,0.30730527254397605,21,11,3.0193449868887408,10.828329444998097,27.924327968891863,0.50180668071779977,0.99977706237233543,2248.0771714034868,2252.8432603533156
373.6226935905184,131158.05436676985,0.43153648787578713,20,2,2.6579875453125315,16.495070065192444,32.955791970801442,0.86368269748525117,0.99975614459681972,1874.6567173048952,1860.7146564143638
352.88212912664846,140809.43919336869,0.47846645952292399,17,6,1.9102139535764606,13.021576424884413,32.066369781813762,0.80505999782236992,0.99918888248057369,1742.9282202861398,1823.5665972262652
375.53734658862339,196312.84760225701,0.5876750195352709,18,3,3.8671653685953928,16.313914148747415,25.431472118534835,0.96794648125170213,0.62485213179051813,1354.2251508199138,1307.722838403977
367.69548018088352,188529.91423646608,0.54020024883079665,21,17,3.8608003999626423,9.7109432108592912,32.03779726770604,0.76786623223519745,0.98335903273900338,3433.1260794187947,3426.5531259348177
353.10626969121688,137674.99432152609,0.43608621814168036,16,7,3.8598091474500524,13.218338289311779,25.61072437959524,0.89952344282439689,0.99836761702372179,1862.7806307803644,1935.4953486391057
364.06894017043942,127969.14699090377,0.43493115579945241,17,16,1.5256810218933261,14.192841221962516,25.661259915799022,0.68549292953440766,0.76753456067616199,927.38619923164731,943.88621853263669
353.31499235717814,166890.06437632808,0.40977301709212965,18,9,3.0611576197034016,9.8922873100621107,34.60402332185722,0.57366744655469459,0.99964773263897999,3258.4881388229664,3346.8836379830377
364.60033631719665,153771.44186220938,0.45307028728916166,20,9,1.6696076989726976,14.72628648166139,20.143692052976085,0.96995072790742531,0.73707413354872464,441.15781299861726,452.68071082899974
358.84357442184984,128648.14816589751,0.54878927570978298,20,8,1.6864834513661839,16.410629676864776,31.605293519222315,0.98788694462920201,0.85774846580327668,1240.4863446148806,1279.525909817708
376.52690197707943,117900.72536632685,0.551710567759091,18,10,2.0094521694398884,11.688120121946614,31.768494246382495,0.86297531706054675,0.98304167647153462,1881.6722070512706,841.47252204144957
366.15081532109565,187651.45112325487,0.47916571826405463,21,7,2.9152866125550521,13.769642446926628,24.523252587019584,0.99418768564009696,0.92309731927813865,1277.7565287161879,1290.8771034002389
360.37923810240312,188747.95204591547,0.69534051958502907,16,15,3.0427750158214204,11.403162505692412,22.506709438763423,0.99985592356060049,0.60118786824598613,1360.6265786781689,1362.9704552026933
362.69771394816587,195854.51842126876,0.46641325711999704,18,6,2.1642926096928425,8.4298277184734243,30.046620023716997,0.64826602568538427,0.9999142033765458,2200.9076212364407,2226.1151209679374
355.94504158589757,160652.84556934645,0.39346006054325339,20,16,2.2082325259060127,10.713950880653668,21.943530661607408,0.73252435224927026,0.96194927331089963,1145.7897209545672,1198.4424795341056
360.4650027382956,188613.13624948822,0.66279751583840585,20,8,2.7050099154119427,12.840230904483811,31.088558215395807,0.99870790575818325,0.81458976460228727,2049.8322918980939,2062.8587428026285
365.76190022693572,176683.90720822851,0.49290513456599094,21,19,2.6183182029224241,12.638980623618224,25.274625204063312,0.85602549206415035,0.87014097596020346,1425.3557836735947,1433.487091754444
372.56083450606133,164316.13414554598,0.33900672193601417,18,14,3.1614718061544957,14.232634306655095,22.610747629392776,0.84117542031788639,0.95661366779864987,1089.7724105575937,1092.4335535356522
359.32133118824629,166078.6963413074,0.30570972113626838,18,4,2.9997622955073275,10.905483056585529,32.45432393587862,0.46041867205431214,0.99998924660385846,2830.7369718418327,2900.832501894492
363.26294030939368,123653.16219067478,0.67650491233969645,19,13,3.3814220039747136,9.0180075066546017,27.074954705105608,0.99983773979963619,0.97075382872088056,2398.0530888092912,2401.1326742172855
372.00049307621572,130236.60919642521,0.59595617285443292,20,6,1.6571991612904391,14.203522535647974,26.757409745872678,0.97553636135382582,0.73953296765619769,1016.370631577615,868.66940937187587
366.97182464906098,141006.20198274881,0.68266393034010997,21,12,2.041448630749457,16.449670504131667,20.737520051460024,0.99954745072608175,0.39993624902407054,395.31780519890913,374.82306873704886
367.15179565352008,102460.7947133569,0.34384025821690767,18,9,2.4995902485829267,9.4470442973086826,31.87864923417505,0.4884875220998251,0.99961789990787309,2571.5642320057627,2593.2116343801281
369.47792575509658,131010.10332006864,0.63463430003292587,18,3,3.4889221152308965,16.003540658127303,23.89638035109331,0.96973607167620579,0.53063549977167213,1080.8121926859963,1053.947877967586
363.14350056180893,200233.72765375103,0.32058427024703362,19,7,3.5576052477420799,9.1695647576188506,29.627065427758296,0.46426654969468972,0.99997352834807551,3061.1274798459372,3103.9770681330242
377.58819165270694,135019.69175293721,0.69467512719513613,20,7,2.2599709367771341,12.318013563392689,24.049563494319823,0.98982408024347546,0.58642101478633879,1161.7315842416585,366.24750681628291
357.64587990734998,139955.63094663277,0.54936743463707804,19,6,1.8449246463648779,10.836959963279757,32.607588659763607,0.82275758981986979,0.99984757687013504,1941.9828622771674,1987.7460008793701
365.58115299298481,117267.77879103707,0.43953427378997867,16,8,2.6264928647549013,13.393756122936381,22.442577644669253,0.99158675242952332,0.93345685768235509,996.44184908562784,1015.1822239838498
379.0758335958588,198698.0862792345,0.51011379299523019,21,4,2.8350670003840857,8.8472600680292857,23.644802242049391,0.81510891669525676,0.99999137311218234,1781.6443933964279,1739.1991826202716
369.00269042224284,139975.80524561816,0.32241150868777718,20,7,3.6962615106439194,16.575170824296855,27.742340139694207,0.80058127512770261,0.99973952217841477,1650.4071459944037,1673.7549627096291
359.09141069332668,128844.25294876815,0.46029781422548199,21,13,1.7074950981504882,15.27426460870554,26.349462519851265,0.98487445337653934,0.92005371804119562,911.83109465667167,957.25079986373748
361.92738218496896,153051.39989321027,0.57392163153690667,20,7,3.2513610889846589,14.03446672616688,23.270957987097074,0.99701896324824646,0.70452682500832586,1190.9668486125972,1201.5410356475268
361.25000405400527,201175.65304221754,0.36199703551071244,15,5,2.6068880239013681,10.981502668777249,27.631340364325485,0.60047675101429265,0.99957827959481804,1943.8051829846524,1989.3187178358107
379.26251670808648,169638.59824619244,0.52395744953544687,16,13,2.9291728045671119,14.272308595078211,26.370593949922171,0.99803092839713681,0.87793593758876232,1441.4335485480044,1393.015320793334
369.45320892913884,106542.06209306215,0.69033099894439687,19,11,2.254481030591367,11.393230643815468,30.372227648800344,0.99896233085478747,0.82378537923485251,1872.5649588673141,900.51069261345242
355.57706096173126,169413.70203372472,0.6909169748092614,21,2,3.0526692629652885,15.651532928828399,29.29752626610572,0.95911481767749474,0.54291510283142252,1690.7174439556334,1713.4334107300456
360.08821731255307,129244.80877237108,0.65221287882431078,20,2,1.7256686105539565,15.808011539528618,28.298289144199011,0.9282705670778969,0.56590651628104494,1047.2369000367523,1054.5185753986661
376.45997175784782,136888.44249893352,0.40230713062170292,17,2,2.4018603639693592,8.6788811287944583,33.315381739165346,0.54402706869226403,0.99998914011806939,2730.0931628415196,2692.2577307851943
373.28034209798574,165342.90448255508,0.61746489976482999,16,8,3.7720723384434383,11.287838592717815,32.025303547762007,0.95247744195731276,0.99796932141340822,3029.5187301349151,2991.6652465152911
358.09919304813218,145312.06367605535,0.46042668430446337,21,4,1.7563192545035013,14.535081533027849,23.614817266636443,0.92382982538415548,0.82909567747927904,770.51021959143634,810.06799055183774
375.56417966272409,133149.07957611169,0.50289998679600345,19,11,3.7752599791066066,11.696045213704018,29.021904013693288,0.84135976513094202,0.99841931146574148,2585.9530564365441,2438.4996031219416
355.56898912048388,146378.60474892522,0.63905689366633234,19,6,2.7905793042658269,15.30424368798232,23.247297407131313,0.99411984872146753,0.54522390101947282,913.75376149886642,936.90912763793267
365.87634749294557,185823.25454891814,0.39308970588794429,16,6,2.0429040971334267,15.277029189834385,21.861985581031529,0.94414640145294726,0.84443436104765301,614.43980992750721,631.88309182712146
355.79098345067865,159863.750048007,0.63684634606213286,21,11,3.8001045919466319,12.87871043500477,26.295524015904185,0.99991266368034071,0.74138815793732171,1952.0564211314227,1982.5766287628378
351.64297493968297,146449.85379596835,0.59362535622456358,21,15,2.5760964484451945,9.3199344589193043,32.229961330527424,0.83204795425070643,0.99254605011080044,2564.8170880849839,2631.3098865885322
357.91422504381939,156298.25117823633,0.59173456486221454,18,7,3.6499279220883087,11.984181078726046,25.953754118477811,0.99822847811186499,0.88206410449710271,1969.6107128218969,2001.1845488992426
350.60964721690846,183510.66699376446,0.51023280363522128,19,12,2.0441744262123671,16.591522785737425,28.958692371921472,0.99867040034751675,0.8538470114152561,1141.4300098035585,1218.8688138973921
352.57585569643686,181226.58499603518,0.37408257715556892,20,3,3.1185973655375485,14.996341135017266,28.240047855179313,0.7976514735511292,0.99995333310676549,1717.3605340164752,1806.7994742446913
359.46940330892772,108476.49068436878,0.31287039267784156,19,8,1.5586265721561512,10.801963022014576,27.60113881386404,0.51380646926494866,0.99962406469280207,1404.5557495651731,1463.971788046651
372.80189487041065,178148.91302433066,0.61941418492735711,21,15,2.8636013040366901,9.2577044876938235,20.475229926435382,0.9999737133794887,0.84174611661478649,1313.6386449726533,1287.9268255476632
364.96213939565331,160567.07933010152,0.64703541196719838,15,10,3.1908911745828688,10.261796367969735,21.708897706074126,0.99960920519783891,0.74626912622116393,1454.1956566323615,1448.443934776431
372.64996300658674,182027.92302387225,0.45233178801191898,20,6,3.0253959434395945,8.1291270435704508,34.428856694143661,0.59214363838810469,0.99999181864467945,3430.0270217533457,3403.9259438482854
377.75667570494892,171749.09540209066,0.63718989501054857,19,6,3.1270332864995734,13.628610465867263,28.180052362096056,0.99587120073316926,0.7457933513870364,1821.8659658034157,1759.3043915525527
375.26970554907791,143587.21210178919,0.66211898206838049,15,10,2.752688238097365,11.075819602838168,27.579639647097622,0.99903312898088714,0.83996195402307805,1877.596370825456,1449.3936935191473
366.56278434930965,181917.04018688897,0.50912491106623392,15,2,2.4660370419252993,16.043533280955408,23.25419112933529,0.88723945814573835,0.66081602212299073,774.7930447316146,772.40764757828265
355.40864001245177,129887.10295360298,0.52624134220386609,17,16,3.1287296894726171,9.3836589408664306,24.011807917431838,0.75867603274613549,0.83607005205199736,1913.2681318330108,1952.4867112024049
363.40089793699838,173727.10965341298,0.38889622965887943,20,11,2.1092306300629384,13.350025767883764,31.05214273662639,0.68094626788019608,0.99835844152781317,1763.3097293987016,1801.7375966455575
363.18420337155192,183267.73587330006,0.65849882615666466,15,5,2.1529585050122311,15.257035766757109,31.604989430720448,0.98734269949616715,0.69385731691589458,1566.5657896452856,1563.3196401315338
368.32384602681446,196060.89494850597,0.51535741595490403,20,15,3.850393454186646,13.830349391128564,21.359406690776538,0.99998547853769348,0.74846605803782262,1106.8860695020778,1101.6330212283845
379.62728852817662,164832.62248352886,0.39552512163566045,18,10,1.5716627965188412,8.1139296474666001,23.038233773386214,0.60907688640906277,0.99726864148313188,1240.9941891463509,1205.6599636929272
374.30038978386688,127280.26337489333,0.38125211683793558,18,4,3.8390511677518413,15.256378326032021,21.14313571983163,0.95454672206199431,0.83996092758665053,871.69670266494029,860.77020910036595
373.15778717745457,177212.11819986667,0.59739688200947372,17,10,3.7858548238050913,14.481085099026135,31.818682271129767,0.99972963612272292,0.88434283551640969,2515.1159549431086,2478.1342259960097
367.32915876131932,185095.02809709357,0.37472589076356611,18,7,1.9944239526526495,13.977027242032824,25.019221079807831,0.84367072219049588,0.99573829648962997,1033.0559211694483,1054.6287168986735
368.41764589495381,174969.93661659124,0.33052544526805111,16,2,2.2250128549954447,14.098115657364538,22.031351913281881,0.79197635374005526,0.92915704878597283,806.27376678386315,822.83266837720191
365.01216372852315,192828.02021712935,0.68382479481763425,15,11,3.2889883532156956,16.681365068159238,27.170830999371052,0.99984674407865626,0.51489376888816918,1363.6614890409985,1346.9027809229376
354.28951979211041,107785.12547311657,0.30805560288885092,18,5,1.7264244137885629,8.1406533957797347,25.492536259285423,0.45256073000588831,0.99995811908321219,1554.8260733003926,1629.7667251273347
352.04081126709042,144205.04808103736,0.62343534942000889,17,2,1.9333985886536842,12.528139778149381,32.2069122226941,0.93566568329827082,0.86698210220333949,1773.1241718464407,1832.8963636607916
361.34672139431666,138706.62879972302,0.44591640338291555,17,3,3.0269355445876416,8.6378539106142025,27.856115488841255,0.64632894381927597,0.99997782362394849,2490.7567848474605,2523.5319345107246
366.72450501902705,121162.28132820662,0.5740822581756001,17,12,2.0539782457681426,8.606597074657957,26.544392374916651,0.83878496240410683,0.97749065052344863,1712.9981750267445,1709.5106292768796
372.21798062416633,172138.04353562172,0.54067641906732522,15,12,3.1422299296073906,16.24741795182527,30.966004395501692,0.99829238388657759,0.87391964609080441,1848.6102816383511,1824.3540731928608
363.08678542574251,112293.75247711713,0.48205130368076166,15,6,2.7326746381913196,9.2562193649551929,25.175269071196794,0.76174736717482605,0.99897250088906364,1881.4906818950781,1903.0135217436814
364.70192846908787,108932.88970929501,0.30779800394428802,16,14,2.1014578389530651,10.061099494823766,27.179243464897965,0.45565574910084272,0.94376949734132642,1744.3987241042994,1777.9914672889131
359.3904924080756,191963.57966299093,0.61100848883785086,17,6,3.1593994677110571,10.05679571393728,32.800444081630765,0.88108284601735842,0.99976225267214325,2936.0203251973007,2965.0006223662058
352.65213814011406,133912.88266525202,0.405283036831805,21,2,2.8609430410038259,8.9664015235576784,33.29950666924217,0.55464278917995924,0.99999949678549793,3056.850047052214,3145.0502794737154
362.83876064666953,110540.43261456309,0.60520492554369298,20,4,1.7153286915347734,12.164962292950584,30.658050691412321,0.96542803276885303,0.94234345636137729,1533.1843237087812,1546.8437399342938
354.43150395573184,156482.02944750001,0.4424992791881005,21,20,3.3232865236912792,15.911278847665656,29.220112338741362,0.77785102923608307,0.83804580686258734,1817.3159130704526,1882.8560288151173
350.10547715611546,114499.62243383069,0.50984089111883235,17,5,2.4793778669493634,12.478641314297281,24.820534470428498,0.98010566154759793,0.95524472994385512,1307.1240602945072,1379.3130761086445
350.1408122028414,174867.7196653499,0.6877939121547747,20,19,3.9336523233029612,11.549333862303911,24.513125218270872,0.9999947456658872,0.66266614102895771,1934.0767836586065,1976.6399312537001
350.68495081541357,145194.1495241003,0.52687561047502895,15,7,2.8944923334523684,10.000606199207997,25.906419020565888,0.8565849049609513,0.99751665932406597,1931.0021051032491,1999.2730062800861
359.88927551798952,122800.10147551468,0.31498303871815231,18,17,2.0010106589871044,11.143383678892807,20.238311309280483,0.53174829577456662,0.86193438288700008,890.24512380287604,929.93781655345151
363.52854443579844,130448.97475917276,0.46510899022658148,16,11,2.3574631772314341,12.579490777655266,31.330871122398353,0.76508038286373137,0.98203797907863055,1992.4433598516505,2019.5215740311151
352.60002421091309,110615.22095059759,0.50968485748150916,18,4,2.9346606141606628,13.173618828262491,29.692540804584297,0.91603733367743212,0.99978032276669604,2004.0901023347226,2079.1901199401054
375.80174968405709,178611.98810666829,0.66013054777880376,15,2,2.6728662925987505,13.483793100921806,32.726438830805215,0.95291215318651656,0.75769150116523998,2163.4297792662319,2097.1200906804384
370.5939387254482,130588.12325490384,0.36789960806787303,21,10,3.8106323630140624,12.209555580335461,20.409572315614007,0.91430416211309895,0.99906422411456686,1216.7163639357559,1225.8350449262875
378.09055102658948,145041.32591551665,0.35404276338724544,16,10,1.774537002727717,16.080374456327117,21.623442433620077,0.8957074376116928,0.83267375638360552,476.03296491851529,452.92750874719849
357.72144768673996,134706.65492489588,0.61049935954689638,19,8,2.4620991547108932,12.475137565135089,34.660605825707599,0.9534528093015926,0.99936540087475145,2350.8950832322857,2394.3987758682238
373.88070648002008,188410.60449111962,0.56673173652635811,15,2,2.8109944691517521,13.799856260299617,29.090905625001017,0.93286375303808455,0.83895326072648302,1790.9575168714366,1754.0029719338052
370.83029850492733,136419.29094042836,0.61294472010899859,18,11,3.04586645247067,15.105683065939081,21.81670071722786,0.99973542287224826,0.55889483425237296,823.01679706912364,796.28501238401236
374.74973235877684,132616.30805930344,0.43896587180254631,19,15,1.9331357626418129,16.1917753141228,26.081402820586881,0.94398786253133637,0.86950568425295405,889.53713379883811,868.80763455094768
363.99456891668706,126852.38413945917,0.62275632340719755,20,12,2.9607513411187494,13.570571702949039,31.030419731368504,0.99988744435373722,0.86247258969710583,2096.1035262958835,2099.9136416319939
354.75616302473293,171249.04238031176,0.36295407848371536,17,9,1.7009386329023504,16.886507160944632,27.555383529479329,0.87337676865555569,0.95953207167416221,895.58919146479479,975.11852782806477
356.71401394100116,141297.89789907102,0.51238071933431273,17,13,3.5193767722083922,13.710975772771508,30.603299713478563,0.90406877278989306,0.97021978642633011,2359.3100568274522,2415.0952636742868
353.6361257310333,145774.24755042754,0.41361638133346551,15,5,3.5914669097827128,10.789531737665893,28.670975048388808,0.66302451614347035,0.99972464727492938,2636.6339071575999,2711.272090628082
376.25305356980908,200255.63199902623,0.61193977812916955,15,14,1.7662428752579304,13.699908945251213,33.492069774375793,0.83260674673913881,0.70686924022579856,1713.8147533700233,1645.3576206417154
369.20880326426533,122430.32530116203,0.34610790079986109,15,14,1.7281014200849931,13.530703206995829,33.056681546804811,0.49161139882436461,0.86386599207228809,1744.4669835472318,1752.5646414708435
358.28639248526952,143523.31137624499,0.44950310478652972,19,2,1.6994051553015155,14.334960114677884,24.953221742563517,0.84966376548416933,0.84687302535324316,894.59175871076627,936.35318888509369
375.88983035916453,146336.80165183166,0.63326433623609946,20,18,2.5719886849465103,10.377216445949495,28.993076327323486,0.90688349697126291,0.85754061915071944,2053.9015244135112,1753.1408102312096
366.51870159799171,164022.94293232693,0.57616426061989312,18,5,1.6353912421379819,12.514913532469848,34.255633667749649,0.9075120425070019,0.99939467875380494,1769.5105626350351,1770.0613943280723
356.13881972215552,118077.52983087763,0.69448821791116533,18,14,2.3094495720642696,14.436345366845533,28.76469301653313,0.99991531415517776,0.60865370688408127,1437.287810757912,1458.8223790937973
371.45345514757253,134889.7033228518,0.64516975333571258,19,9,2.9380053679899651,11.38428106313957,20.682425071241997,0.99923465415291335,0.64401366973057927,1110.0143748881021,1039.7663190601459
374.11341377672898,122267.25309719901,0.59083254877553903,18,6,3.9790293334346245,15.229041300576664,26.391841895783713,0.99373657019890038,0.70449239598856706,1686.9025850161456,997.33857398803434
364.31292582259186,129477.96319404143,0.45698306691897245,20,11,3.6197388816247251,14.408668875123219,34.447576883080217,0.78501977286255753,0.99924433762079645,2920.6189566320363,2949.3711084815504
355.29135067740981,156863.45366782855,0.5373336523133021,18,8,3.4446191197694058,15.53574406035931,21.270655480262661,0.99805637912291123,0.63273852488481441,772.90870374729468,805.55614827321187
352.13142268476145,128991.04714874703,0.35792730694384967,18,11,2.7480633092154267,11.239545070189305,26.14513441836235,0.62556683274384595,0.99700739155049289,1802.7660853421623,1884.9488733929697
374.9551094446681,172381.51054721352,0.52509621457992872,15,7,3.069259999178704,8.4394851227386312,34.09496085523859,0.69752090806192935,0.99906208155643894,3336.9797290689708,3290.2826577189553
350.88021092656544,182917.61462080653,0.53017074135624376,17,13,2.6361000022964705,16.984696873145971,23.409654241176163,0.99977238562397752,0.64746910808759883,708.12750306882094,760.80289830872096
374.00947059851114,136343.86836088134,0.65918996584073475,18,17,3.4609964757285372,12.66333132963317,29.2184126125129,0.98736555427368911,0.76985241390079562,2244.544470451392,1716.1486586302212
376.54453756483485,194721.08773683861,0.50177352484541016,18,5,2.6169235788290806,9.8752089423095839,20.395545692853883,0.97006322385882859,0.99718573923545717,1160.6869382447057,1137.7599110046854
362.97094490240841,169835.5294872261,0.30198072319135411,19,11,3.5323595465625912,8.668857309887585,21.111588955685306,0.5118499957802205,0.99925172388321992,1843.1872658620598,1878.110356566802
361.88128039357775,158812.48573938897,0.53275896521146671,15,2,1.5094171849006868,8.7382544332897538,20.954078790593929,0.88752300601602863,0.96319339097971013,950.28019024690832,968.84513076016549
376.40316285633628,156668.30551977229,0.34266711775170039,20,15,1.8576851558565868,8.4630176265691492,30.771273447003345,0.46968145276497664,0.99213794953701984,2091.9862537791118,2065.3646377301629
377.67008573415694,137438.21498806306,0.45550231750410469,17,10,2.333078306759977,8.3906919055798515,21.479017518355519,0.74430239134438259,0.99498621736445458,1384.9850167953889,1328.2476734873649
376.1692525561383,155239.06134919976,0.68535654901496901,21,18,2.2434661715598621,11.060429567549113,21.078570410154558,0.99998251480924127,0.5996206985010536,984.87728044944186,798.86212024056533
367.06457050882494,128381.5934729913,0.69210771057008502,17,14,2.4093827951995421,16.998965712235758,33.066095381496055,0.99989705836390963,0.59880989645843885,1660.3809818314087,1630.875859076642
351.65874409237819,110647.59772435609,0.67881613140907882,18,15,1.8425329526207408,8.5114388698113324,27.722362650987861,0.92857881817648324,0.88493818604326757,1679.6862568104477,1725.2099831755563
368.99036557295375,149502.11742429575,0.53370059268975967,15,2,2.2710572202578452,16.808759497769529,29.695594915247334,0.90391259717073447,0.75012425374778857,1302.7582989738171,1288.5096786711897
369.59603749339749,147682.98009319839,0.34899966756400325,16,8,3.975488531206341,12.057291998104329,20.712243440324553,0.83092247082972781,0.99693050980728226,1348.3573618859007,1361.2720911239362
352.51522003587115,167146.52984218975,0.48322628269569307,16,14,1.6621249229719202,8.6424716616973623,30.619648764193826,0.63275602244992579,0.89701505959092498,1886.2203930355111,1954.3145929952243
364.49709486836434,124633.71070107458,0.41421601521413898,19,9,2.386309185601061,14.309741201037422,20.382909479661802,0.99225306491024978,0.8311053451598962,624.38544357187038,643.29555110366118
354.49071604178323,123374.66529223349,0.59239210193740455,19,7,1.6460558651714692,15.683227503024147,29.630225173663455,0.98637887454096063,0.75798597577144644,1121.8519614388679,1168.1832600892931
356.84881331209039,141985.54598199695,0.63985719969582611,15,4,2.852929944636811,14.646797135480119,34.396630634284406,0.98547270854633751,0.82619656993294499,2313.6335066035363,2350.3904440072347
353.26051276216305,108604.132140609,0.35915729597767687,21,10,2.6966988028496806,16.372456712210298,20.275211505466238,0.99515427444189997,0.79244749484958332,437.74888047201858,496.17937531108981
358.95698903553978,110117.32074041959,0.37948386491370256,16,6,2.6054664486124954,16.037078596491405,31.949712668254371,0.76064571677223802,0.99871644026934636,1816.945838701929,1883.9071640265081
377.83993610233995,119716.47218874744,0.57519260143506923,21,3,2.8432269046493932,10.557025371708919,32.063972643548141,0.85754951558953663,0.99997717612931658,2576.1847175320913,1521.2540910708099
351.13181759943336,117851.82615530999,0.53078900725027656,20,7,3.2062912967050403,11.926910790880635,27.610620866022362,0.93436645972916332,0.99985859611968642,2026.8842194757051,2100.2736224168561
367.11277148474136,149665.6045780461,0.48540391767978225,20,12,3.8082978659829267,13.601243592183685,31.351969357718232,0.85611207544050938,0.99829659245869395,2660.8500609724474,2671.1013380793856
366.08580273805455,178845.79215886747,0.39604828927748909,15,10,3.5116575958370189,15.881567757157873,22.213268416509159,0.99840849089648198,0.84410579103564798,866.14503415186766,883.46599105154314
372.39743883826651,192432.77266396472,0.47186871070868119,20,8,3.1023232591197933,15.741886768686067,33.963374307254966,0.8792908657275087,0.99971825730732378,2320.7241717394331,2306.5898381244815
378.32333487584879,148710.38236409001,0.57224180269861047,19,3,2.5928416209188327,10.896698316561849,30.81282512243736,0.88533625418601802,0.99993850437218068,2219.0813593183202,1910.8574724455982
369.3823681614,132514.6212383181,0.47156848742382995,21,3,3.0534235362332582,12.979002178272699,32.389828948848802,0.78688907985149592,0.99999425284402177,2481.5338875497223,2479.3264500628284
366.6116735965673,157944.62779566835,0.6863016096186676,15,2,2.6879645054114354,15.33106240171616,31.397036011417878,0.95541971059584208,0.59571651682106086,1812.7813684046021,1786.7154230339909
374.99677555812372,185044.05450150376,0.32847663049893916,18,17,3.3381532914780485,13.093727781827436,22.924900802678849,0.61151702372573657,0.88403867332533859,1378.6133307038479,1366.8836067816349
367.74199248068595,120658.71483447228,0.36557236091027612,21,5,2.6000360845720252,15.699988495458378,33.638432201737743,0.68550826911500562,0.99997608373131774,2067.62509063569,2090.7447602525908
354.01149566784107,160299.22120124853,0.56877252380598298,20,18,3.2598202987957374,13.165325136068429,31.99399394932389,0.89075042370607171,0.89173816427300678,2484.89588623277,2542.9736453429878
360.09586174126053,150899.14837831567,0.42535048994261326,17,12,3.5586479922191465,15.185342378316141,30.861469413496771,0.82372667263893773,0.98580390540614327,2240.3077951506079,2292.8348106430626
375.0656186132066,140900.83656513132,0.35132592330760909,16,4,3.6368909622733749,13.997821902532047,29.823294239318134,0.66195215223522574,0.9998553536977195,2356.8994529244728,2343.2539944887385
379.49867353350328,159711.71728276904,0.63088453850154047,21,15,1.7458748277245904,15.660874767903181,29.131885324321633,0.9994793900205885,0.68616864710473169,1121.2797877476521,757.75257980398965
361.07032699929567,110179.51595792128,0.39500324083495414,17,8,2.9256363167166568,16.391248030732502,27.681304412442866,0.95735070243869047,0.99229775660006925,1355.4623367852698,1407.1134131404622
353.8288292807801,121272.3127076903,0.3232033934879443,20,2,2.1547056971686915,16.288070457596831,22.349611460375417,0.77318608986106085,0.84424833125309551,604.41565694609994,671.02091954124876
367.22034010002403,188483.7612947101,0.60373868869766834,21,18,3.9184370004312461,10.518677583181148,22.063788192443916,0.99999534972072679,0.83124245916803263,1717.1107324831401,1710.5892031553415
362.52197708822877,195203.48656401451,0.33197606037282823,19,9,3.0369360123156892,12.953806235501919,26.967193213194697,0.63837184922275769,0.99948005259389772,1822.5483766472682,1867.6748433026428
356.69616891518524,145508.14175428101,0.42375821168094785,16,13,3.7432375569893375,10.412647317990031,26.945359932147134,0.67166562935849139,0.96985411946211963,2515.4438702113412,2570.5096272011056
367.45935360251895,144949.53645320225,0.56883066358431122,16,3,3.6210069059080787,12.414825756051496,22.155111761542553,0.96818236049546513,0.74449145913655224,1373.4837762185778,1365.6963412888426
353.73845196519909,142543.72231991449,0.52407357325774628,20,15,1.6103852444077928,9.6575208808330455,21.327324029992951,0.90830788932813833,0.94019562025467263,940.67021170055773,987.06419853254204
371.3814060603508,146253.15361968687,0.59288920565549708,20,17,2.7880661852621627,9.6005540763798898,21.839146284365164,0.98623850551593684,0.90856446598374374,1409.3480624777828,1390.9316969441966
356.05607729057601,166985.65239224868,0.3058517609796107,20,18,2.3553603261423737,10.231815255364783,30.096366011123809,0.43828800907056176,0.95126604879357379,2193.2554292586151,2272.2143307796023
356.76476138486282,192052.56154987126,0.65249083698601029,18,16,3.9834106006485306,16.317546205222396,33.664729303324002,0.99998297812072712,0.71695592694150956,2620.2413867128193,2651.2310136796668
373.73155522220839,129390.55407743623,0.51457533743004713,20,9,3.7045841145831706,16.763566025430137,34.099879666892754,0.99914966824924967,0.98663122164876504,2472.5340148916143,2385.7579099218756
376.95430947743091,181881.33427467011,0.48685698005342404,17,3,2.4845432559705234,10.07447007543988,26.379707123387934,0.78761603555026372,0.99989232048900589,1791.7470534749862,1756.1345533347853
356.64843769131153,111844.78287686629,0.43054064144343474,19,17,2.8412108664938143,14.831943709226298,22.566086631557479,0.95056626858810822,0.84061510358128999,909.82857659962963,956.8184100088672
350.18035499187204,195349.25628304662,0.39410343722252644,15,9,1.9780832907618411,10.814668116573555,32.260978302238968,0.58982040574213768,0.99401716904588744,2069.8786161924027,2171.7722768386557
359.83461032329342,145836.12180964192,0.68857138687373975,21,2,3.8923637619745906,12.254744784252132,30.363427563129658,0.970239126675006,0.72764671919673307,2702.3132984437075,2711.2613501809169
352.27160672962742,132338.03223125232,0.4132815787390875,18,15,3.6515820565369208,15.820172331432426,21.202724188087846,0.99993761209746024,0.78632667347906693,758.89004242217356,817.66796938001494
358.03810368037227,194313.11453864415,0.53449611597376068,19,9,1.9842270402261337,10.485117863821387,31.919467842869679,0.79557781812904016,0.99922341809886028,2014.6059791801817,2058.7541497368702
356.52464183548216,183699.13234085485,0.53677922030655312,19,6,1.9317420900198208,11.448483927659449,27.98579443695759,0.90809638867786302,0.99954485272604177,1497.1886730389795,1546.6192731582582
361.40290101456588,202228.94595659,0.61580858613119549,17,14,2.2539971972516102,13.180584588366367,29.386630390317471,0.99746677751604396,0.85342959190197465,1599.2520520256974,1614.8956032467152
371.91593678705203,164154.06745362186,0.64589920200526985,18,5,2.7567724330122299,9.7765902786318168,33.767864214825849,0.90908416566704364,0.99990032587473132,2782.7405712578429,2743.0150712185132
372.71141457506985,158264.13147908112,0.48120771754489944,17,7,3.4772255484533461,12.63071868865039,26.866682836714517,0.90734382597741225,0.99906138971258829,1968.5374597272476,1955.6869188323876
363.41960508532804,138876.27099343704,0.57380496636023981,16,6,3.6517720125103859,10.570634279308671,25.314513552339989,0.98352341529985887,0.99754653467024124,2086.17048737599,2101.7719445721186
376.15233795992674,159234.45596916741,0.32089229690014648,16,13,2.6442954665291101,8.2262415305549474,23.307991497520355,0.48189157065061761,0.97427832461500519,1801.5845104401978,1785.6027845181986
350.7144081885109,144879.79746193904,0.32825578541208794,16,3,2.3977757397927855,13.207129115988096,25.606385824667004,0.67751406144009252,0.99963455042004346,1350.3426913826602,1442.8872654493809
369.27203176024466,177397.67069691664,0.30292125513205365,21,13,2.4753398832754105,13.795444560947104,29.330038305257929,0.57013264703769873,0.99797587278429223,1753.6113917996254,1773.5749704481568
366.84120268898607,174220.60537274863,0.39819838881346631,21,5,2.4657486245769147,12.378510625747737,32.682720570416521,0.64095619018305372,0.99999056865205893,2266.3386539697412,2284.7610498799559
379.19857674100837,191233.58324890802,0.54774556910085748,16,8,3.8939360103293335,15.746855131614886,33.251760006836506,0.99855297282897348,0.9534593362527678,2597.3982812791774,2537.3678084088438
366.04960679701043,142655.3079437206,0.61605735559279906,17,2,1.6214526794892516,10.440192031573593,22.32704277917605,0.91818012820544848,0.72791572787999759,960.41356762981309,951.85967319047143
373.20638729821258,193492.2260182685,0.60699048725276117,20,15,1.6978651977118719,15.636289844741714,30.571372644324494,0.99939962973136109,0.76783269602448401,1221.4299780419174,1179.8849876326185
357.68809325347098,162755.0501535908,0.60632995659382849,19,8,1.7505422221879516,10.659703410121475,34.005585316617783,0.88287650968162334,0.99933081227503617,1992.2986108087916,2032.1197764091398
360.21775688829729,192152.06514795125,0.45138402520898607,20,18,2.6511458727641246,11.841104431480684,32.759576460830672,0.66217436284232289,0.92097722584231312,2453.0323058446365,2494.6237348143964
370.29870876756439,172972.14509467562,0.3930238872941384,18,4,2.9107348029803957,16.704623333919617,20.964625967999279,0.92818006419806043,0.74345083984703475,512.4780708495266,510.48586797097943
355.84312547917159,110081.88615922476,0.36749020810146982,16,11,3.4306419903473659,10.625616967279285,25.564068411669723,0.623264777850986,0.99209929672318387,2136.3854311301384,2200.1275917485909
362.68169203945047,179572.12514152669,0.33028272085488591,18,7,3.5301823925332547,8.6828847298663501,26.858709590925699,0.48803446287014018,0.99993730689432336,2697.4191722195915,2737.3392395181004
351.67571049410185,105289.88913527712,0.44586309339571573,19,2,2.2015188811563511,9.7140439673718273,30.855939027881686,0.6507213358530336,0.99999334559160491,2177.1885611544799,2259.6161574991229
373.32639075509104,135850.81713449943,0.62455622254108212,20,17,2.5249192258032283,14.799401204100532,32.395037303818413,0.99991169486922793,0.82176931835515188,1879.9510679760037,1578.6885636210641
367.97675476834024,156768.24940636446,0.61034399318313715,19,11,2.4820388518364815,13.498063617856271,21.614121287217884,0.99951682336898129,0.62365555465713474,856.65930252248256,841.31074401225135
362.77873895355441,185266.47872821896,0.63881604156457628,21,19,3.837453186189113,10.85842126752223,33.528031960468752,0.9009944392154825,0.90861007476264821,3391.0087137209798,3396.4013553003779
370.35264439690513,160455.02922771595,0.43183232134821153,16,7,1.8505257209808064,9.8371498174900882,33.841270702137273,0.60846927612111401,0.99918751709564224,2212.608723012821,2204.8888851852907
364.91115915964411,121383.84568740675,0.31045996572669904,15,6,3.9056918969416023,9.6716309561588005,32.325099743923687,0.44292400326470616,0.99980481681718814,3655.4186913030139,3694.4314378971394
354.59853707034074,120169.0484205051,0.63727695832262288,16,9,3.0684145375380361,14.922557715658359,26.112388638261422,0.9993212619974734,0.63420503828006725,1380.0556144782356,1412.2143735198194
368.91853004198919,117716.34356906057,0.33550339577957211,16,4,3.4734940527205636,15.517471295329031,26.344826359182981,0.81506823398782779,0.99908885237662381,1520.6550220068891,1541.6680592072294
373.31574030885741,156353.27376306133,0.39733724627066586,15,7,1.9517643038960006,9.2990955355158516,24.314254854898554,0.64187162758114857,0.99750814077867489,1427.2568138675124,1416.0286987937732
357.45801009987855,179413.46802817483,0.51251308069377188,20,14,2.9723872653343966,10.029697386961288,33.437240054394231,0.72998615025218117,0.99509236056588335,2958.323513704664,3008.3951453810209
373.37424751584615,127171.51308143124,0.42760628518077526,16,5,2.7487401479205147,12.800001731727738,27.958388749616404,0.78817796264507267,0.9993947390405713,1791.8560048512581,1779.2060990539032
357.95312936083559,119070.5133892946,0.64354506398859046,16,5,1.7219466698159371,8.9304166932461868,26.683667183867037,0.96528205211116247,0.99594764493549881,1475.478791098107,1503.7675388906557
362.18489718453719,149268.79948722373,0.48410116125517577,18,4,2.1157974210916852,10.058754607335549,31.666738490879879,0.70943735954927944,0.99995871344263187,2148.3833454355213,2177.1283592173017
355.01201316952802,193146.08995527148,0.58266505020130355,18,10,1.7595069121380833,14.550334061699143,22.623850646609835,0.99631739455298707,0.64685641227216284,675.81007748684624,707.54992584702995
370.20706327327389,141162.78098602645,0.47266355607826116,19,18,2.8489340767701781,12.306317617464027,31.508608448288221,0.6790858239696077,0.84944427056231497,2368.3931366097831,2353.7392649005596
356.97516882849629,156057.52227025144,0.61266171842651829,17,4,1.6265712349411277,15.317555450395009,34.202176614591004,0.96360908603845785,0.82000319632951502,1515.034384518973,1554.2580087691713
372.83388880031362,178644.85029582813,0.63814291160318204,17,12,2.8891423776792249,9.509870631636991,25.86396435886806,0.99355382346383136,0.9730043351892177,1930.4997709544903,1899.8965338179996
364.47685383235887,195766.06386039368,0.31172663683276308,20,13,3.9822448754425839,14.546841208408978,31.393199512366298,0.57940725173990704,0.99826655498733508,2723.3883146799571,2767.9082486655266
362.89296072669464,148854.62742172566,0.52354190381141774,16,13,2.9171507949675362,15.824757789949775,30.844839023179297,0.97811529417746101,0.90794220117716073,1791.669759757654,1816.2186214770525
353.69725895843339,101387.81080368793,0.45101015428997426,18,8,3.1244826126045773,14.93615607925279,23.620202487607116,0.99674460913256424,0.86627362865746627,1086.3810168515552,1145.8360290611336
373.95072191396764,114475.46996448422,0.30613160780804771,21,5,2.1838643042062706,8.9456137514238314,29.351790860102881,0.44033567488347986,0.99999663879605483,2137.5365118813684,2129.6706550182398
371.30649132085335,156784.50673852288,0.43404442992113113,21,6,1.7145768973062483,12.797828927041884,23.991619962855065,0.92533353704393828,0.99570046945398283,935.25178935947247,935.24982850871629
367.25593191151319,106864.53883277107,0.47228290328558042,17,14,2.213161260638461,14.200548467193055,33.567402367776914,0.76910610560155734,0.93254614307183459,1968.1676080859243,1974.2826444077202
379.36994532798417,200393.4658670979,0.5599881385741079,15,12,1.8282627957069453,10.605361674554814,28.75215490793677,0.83250385191321796,0.90633786206328903,1606.5969339769765,1544.7706763958729
352.74496622619915,145938.0613815324,0.32115982286748157,17,11,1.6641555990790897,13.864136692242294,23.987639361730608,0.72071938554512949,0.97059431187386291,859.23897809296818,939.21179058792961
365.08077686151063,105771.00320429422,0.59548509448345366,20,13,1.9562375622454118,8.8439706244366114,25.098351754706052,0.9134887691574608,0.98904192128632817,1482.347141901744,1320.5570080954021
358.49884516818861,193621.81437619386,0.55601621766494724,21,15,2.5530992315852084,15.242328849259451,27.550281250816901,0.99994137104463443,0.80244684189631499,1325.5091430776006,1358.0935881758276
371.89501876213819,176148.77760141838,0.45816538506940252,17,3,2.285200987550291,11.651264231638175,28.312773640040668,0.77845952359822113,0.99984312183529844,1728.6659195217153,1717.5719465742777
371.36798403710497,192188.47723865788,0.40445513771911545,17,9,3.765651437287755,15.993111845243309,22.315780694506028,0.9982944967905043,0.83031117565854351,913.62391721229301,910.56874281348018
364.52700449656555,121186.52140192001,0.4532401451103576,21,20,1.8772647278844059,14.279441773741713,29.675152842493333,0.68433540513600166,0.79594268359411624,1418.4922508603445,1433.3627552424587
373.12284645464405,156400.18398276062,0.40968478346924209,21,7,1.738849311602775,9.9369426915105166,29.920253698893475,0.61338428635115738,0.99995639640696898,1768.7668288941077,1752.6800493316589
370.87118399825931,118408.94811544535,0.43416677195195419,19,8,2.7397345989564905,11.081853108160594,24.300638711718207,0.79772613963855343,0.99949591606458432,1556.4299791683104,1554.7280844002212
368.70674565186107,160726.7577353396,0.64839125392188213,19,12,1.9985284739605593,9.886058979359948,32.477377040631779,0.9285542311089573,0.99177517275105898,2083.6596020374141,2061.9626551990714
374.63464449777018,198949.96714776949,0.47010701049347736,20,11,2.255731076272157,14.21862414920173,27.160039274357278,0.97549260854758868,0.98985754434796192,1283.7615321726414,1265.495942607113
357.71821956820236,180245.07967514248,0.3926818309993243,19,5,3.7849445361713623,14.503343580151604,33.468390259311249,0.69296444438442228,0.99997552008069479,2902.4480899981199,2973.7848308182915
359.40485196128714,174369.43282488786,0.37280425222261693,16,5,1.6970432047004391,15.866108713576155,29.488602900869957,0.80152820461903318,0.99527770769808754,1156.041634267166,1217.8980928968522
371.1593647268179,186905.78581042515,0.54461340774251765,18,10,3.9151071873703538,12.090696596299157,26.036435882400923,0.99942932172621546,0.98009415731834382,2077.841667222609,2065.86365065468
353.24199743857702,193335.0031131389,0.42388023229167493,15,13,2.3920497023723475,9.9953341101693614,24.434523734820321,0.65747886154421498,0.91357245492492234,1574.0445738243134,1635.2357993136432
356.66174185492179,190951.60026918328,0.47454862040449641,19,10,2.1991386336433414,13.041953632207566,28.451530646393788,0.87333883361466824,0.99663069439331708,1532.153163252111,1590.1377187548014
379.70739971671134,171215.44403311674,0.40155557701598021,17,11,2.4391912288075273,12.55003256297346,25.825475576564425,0.7689715773063478,0.98709976644884379,1444.0586744282464,1407.9371276908917
376.26288453308069,160077.51291002054,0.39757098843199401,20,4,3.0387314957327822,15.679247393321361,21.666856477531539,0.93985732260779276,0.80952645823376412,742.17623320374878,721.10358214973871
371.41386477647063,170244.44723037572,0.46686772008957389,19,17,1.9783410419477185,11.608538743792819,20.605258697441435,0.84654598492478483,0.82735670412481122,836.75487305177921,826.10445982850706
356.44432786004819,155788.73794099258,0.66504588287304112,15,3,2.8977415345280471,15.814544143593658,27.445751443126124,0.97284658502886057,0.56133364571913369,1382.0754735114538,1403.1532306675651
369.86016067266473,151828.8093805078,0.63451616689797929,18,15,3.9215355918722703,14.374127384260355,20.492997075050603,0.99999041925045762,0.52106086983867106,910.63752007668086,886.82549670414846
374.80890239940908,134185.80730762205,0.69670952447679646,15,6,3.5642265467928071,16.972027867700916,33.546371121390898,0.99558359458240464,0.59516106847009276,2295.1065250465549,1262.2820313473699
351.93630550444885,145494.78088552487,0.59863056089162381,18,2,2.661617870151896,11.453756018412186,34.575982079536644,0.8951708193898037,0.99992820077810252,2620.8581469958899,2693.4307915429295
360.84656357148037,195130.84329363654,0.33788051889955401,21,19,3.84942909819125,8.7045210699157423,28.592909360226667,0.47001173912162203,0.96401697847468948,3164.8745933836462,3213.0253265905403
356.90254352373654,144630.97695769416,0.48099379951453791,19,3,2.6900186027190736,14.638874414109566,20.923434330887829,0.92989955870079977,0.71172387409539062,713.1233282939794,746.66735669035916
356.59121846971624,147574.97874801705,0.38579543549290957,21,13,2.4987939627707441,14.804734394346706,31.259196029733491,0.73012968022947966,0.99690256620898177,1831.5984800101555,1906.3647577918591
361.08420445315733,161699.14985776265,0.33378704499064649,17,12,1.5938998445087267,8.9278327784844826,21.846620957749721,0.55351199753919578,0.98415912655601778,1090.4621116660801,1129.4355974426207
356.96090305593839,166240.47628755757,0.36765738837622292,15,5,3.5572343306548744,15.017263223071705,24.361376948464372,0.94636170998839764,0.99247643553950415,1305.2265244925134,1369.7235946953035
369.12574804086972,153374.44267294995,0.66281531681605399,16,6,3.95108400801286,12.107865543969844,25.489786944819983,0.99765579765783063,0.70725811919714787,2009.2022364085565,1983.5312167390318
375.663443653017,181599.59204771527,0.50553015346579722,16,12,2.6238567944195541,8.339385343379055,20.948638387177436,0.81766305461460942,0.96646546380530862,1433.9502937366785,1408.0000974457655
378.6444330810171,161878.76433783877,0.58140589989824498,21,19,2.7006997799286774,10.608728650613561,27.853507103318584,0.86357807453418756,0.87728923010628623,1986.9187626225023,1927.8008397145948
374.22498858013421,161715.91917079288,0.37826481892100139,18,15,2.9868212436167467,15.743430215947996,23.419148167778808,0.94521031896829111,0.89816097093316927,938.19230120287159,929.17106704701405
352.4398994342377,162228.13539597654,0.50597845928661755,19,12,3.9953423284969798,13.655572277058649,33.393417340963339,0.85419667126052712,0.99722537473189321,3074.8514449222025,3157.8377180533798
374.6108228568271,195271.31057359339,0.36899442323089005,19,14,2.7122109245313535,10.933515150663217,32.576718919440971,0.5515660443806728,0.99241051724202001,2615.0652262787371,2594.5783252400101
371.27879362557024,178741.5128611211,0.6260279029904684,19,3,2.5608570571488345,9.5850595929674149,34.605877052531987,0.8658574874026046,0.99998201581926138,2772.7951082587224,2736.4894593390591
377.84767817070599,180419.76784618356,0.3168058318140633,16,13,2.763870121901717,11.917013125247793,21.243631340406665,0.6602615745104512,0.95199118213409506,1127.7472660095909,1110.749657855582
353.7503822981335,121598.79248311253,0.60110820457657876,15,11,2.7377876680295237,9.3226603317221901,32.006747989217629,0.83640891265039441,0.97150607768474395,2652.3694335380915,2706.5702083648516
354.14969190215214,119605.13404431124,0.46579407399100903,21,18,3.0603153059528281,11.469228866398907,31.462107387444522,0.71030027258574646,0.96036876331752463,2590.0621316561401,2660.0983035243366
370.65351127985099,115643.91596764221,0.43533801071016953,21,4,3.5832930651702735,14.083207063690855,28.222052719142312,0.86899394628261262,0.99997573595511158,2015.6236121546408,2016.8949999959627
379.99775627175239,191369.22152440343,0.65128210855155033,20,18,2.4502795332749123,14.085983690272542,33.233474160392525,0.9919274826747434,0.81175359948309433,2005.8918812360505,1920.6884477163553
364.20100560331298,184815.64662625483,0.43287293558341433,17,12,2.8984558707833239,9.7232556132195782,32.057087211900892,0.61789557559676922,0.99211458294563404,2812.2323917024387,2836.4562998071256
367.85140106120213,116915.75409867064,0.39192150171153317,16,15,2.9207241696510735,13.974059040217222,28.698135050722925,0.63572829891623961,0.86497013688275326,1860.4725634246809,1869.5751026099954
375.69194536257623,152851.71527384926,0.62417829203663622,21,18,3.93304540419278,14.908563585085592,33.553028472148824,0.99999482735170364,0.84587745459836472,2781.2380801592549,2724.7130818821161
364.51815153267614,133200.36675188414,0.57637657399996023,17,10,1.7739356137977924,15.483695627975603,20.729361450248099,0.99565323499108871,0.56566808642824828,441.45834690207511,439.22844334913054
372.73736867175779,152702.19780750197,0.41269137304115944,20,2,2.2154425025325932,8.3257099124974161,32.458811372252562,0.55507872602661468,0.9999986082710639,2524.7383000177151,2505.662097986195
354.50884370507151,184710.85131088397,0.67624839174560347,19,15,3.1081562072654831,15.774974037312425,31.740218188976971,0.99998422524442165,0.65139413785499722,1987.9614665022593,2022.7422754913755
363.86031686720918,142220.6644453636,0.63039079953723465,20,17,2.6411946969073554,10.457446736818854,21.883573713721042,0.9999668456500489,0.7734540740449708,1261.0437201600737,1261.1273277478695
352.55452407349577,110931.03948540299,0.33126283719399763,15,4,3.3857018569755373,10.498174035337835,27.912528476467138,0.53089557904233986,0.99988700089587701,2491.3270698013366,2579.13892694785
353.4948563937819,160058.9857472548,0.38064640454108811,19,15,2.0018618397369026,13.229507098239617,20.538675777545979,0.88812913873688859,0.89972484143796438,680.0897324260427,739.37044573739024
367.95121887177288,200002.22715254239,0.4931266167402546,20,8,3.4330121613241946,11.850804157742207,22.273308376785511,0.99817085281206552,0.95096766296504143,1400.9655886109335,1406.2763338594
377.73228210944325,116700.40007839273,0.56467114428635901,15,6,2.2725939671202848,11.112199060926773,31.654954447927864,0.86680188085035537,0.99385217584793251,2091.8914651037394,1051.0615810864892
368.16437442535272,162604.09789366741,0.32237249919131356,17,5,2.1382511168717953,13.739908685931427,30.153346010075577,0.59201154978262749,0.99973192060255167,1668.904144309314,1692.0955948049816
377.43685713749699,113477.54773410849,0.65593055438514047,19,6,3.5313565955918857,13.344075007631012,31.941532162661446,0.99496637735730775,0.81657203141544477,2557.0494442407949,1505.518029312009
374.67216346080517,157576.66879753032,0.60299854704808997,18,3,1.993502029444868,10.416284783448225,30.14086851972894,0.92134471183441802,0.99973405502512891,1818.7457659716367,1777.280742556798
358.34577123884844,129112.07945226328,0.30030006972093448,15,14,1.9174590020995241,9.7374210829326984,20.434405292726311,0.46496153275123486,0.88058731922373357,1024.5390824876952,1070.9661111655598
376.4310429285751,194687.75855947583,0.39794528076397812,21,10,3.4115362489141381,12.292333806853897,34.565783786545872,0.61750525364399089,0.99989126592720279,3173.9008680778593,3139.0804490635032
368.79866072175031,111461.7054960075,0.33879592864252439,18,11,3.3100377289271932,13.887380673830108,25.366657282193962,0.74265413891397059,0.99503101796245041,1571.1521869054216,1589.4719613675074
372.35421329003026,126428.63491065768,0.38960457558389966,20,14,1.6743084640541619,16.272449554520868,27.570442394479382,0.86034906923532195,0.93722377415395408,941.2390786249473,937.93356884207901
371.44630164445203,200505.48741849969,0.63208908481707593,15,10,2.9680806288661343,12.122454435149885,21.551846919929073,0.99951874150001285,0.65371366042301482,1134.2102368925662,1106.1376999209303
353.55380029242195,117908.6738534013,0.66463661624315962,16,8,2.26474035811288,11.086529837291469,27.593577610307175,0.99783040128802858,0.83147167130950206,1634.2051122187338,1674.5888996572137
379.65377958394765,157618.42738089524,0.43186809272846893,17,14,3.508418259445695,16.136279066758824,27.514159736756312,0.94276485523719955,0.92835237376570146,1573.4189181474314,1533.1578489857279
373.43610144062717,102137.49511436243,0.34438275673413465,21,14,1.7525303972295316,12.572178550670007,25.993775894028964,0.6516107955149526,0.98360095555720328,1188.1763251830007,808.34896935224697
369.87709841377432,195577.01630981063,0.67180279998652148,18,2,1.631931970256582,8.0940771475406716,30.470466754073495,0.91479481172540567,0.99984813173496101,1816.3376104054209,1786.3818236063855
379.74774034524233,108116.15606773009,0.35103661848615697,16,10,3.83921113787027,14.13546776478154,31.16200032454077,0.6375907911285229,0.99412382407145772,2654.7763373806529,1619.3100229687539
369.782312570844,198390.69339750081,0.45111868735697058,16,11,2.2911620273652153,10.031330328746387,32.718869937313194,0.64567334374937813,0.98889770254476328,2403.3408058488649,2396.5428702066779
353.11965591763595,192261.29797697661,0.63744219157247595,15,10,3.0022431659887436,10.930193933253733,30.125891106578472,0.98590475624152829,0.97447438890149884,2335.6480147667662,2390.300578155392
362.50832013396467,149975.86927916593,0.51203670504603993,18,11,1.7679355410077155,13.506771303092954,22.354972918347908,0.99471864064325943,0.80416359837031504,743.17571624240304,760.19185847528456
377.49402910446003,179012.34725129447,0.58340982899172689,20,11,2.8573322801690857,15.002593562912939,26.071883981428989,0.99967070771377342,0.72371689001968931,1294.2609065080248,1242.1418623693833
352.36057110124761,171736.59794930406,0.6409855047520493,19,9,1.8942501302215193,9.1376370033317418,24.885558829868938,0.9970607501706007,0.97276247398054905,1382.3569394192075,1430.2226296075082
356.88431926787098,178682.93526695535,0.50920773381094497,15,2,2.9273462471372973,14.955320984921567,25.110892394413657,0.91318200264206084,0.76510592095546415,1230.4651269656867,1269.0259253171855
375.29135955678828,140618.05778607074,0.64210708249458437,18,13,3.9355176322804843,15.511293300485375,34.594782657176154,0.99996137127456397,0.79819139321129251,2854.8165616274441,2294.2021819072597
369.4277078145592,115749.03498880552,0.49176150302497112,19,15,3.2263759228546993,10.226803696574551,21.258368189119906,0.91373515151196882,0.96339268070258077,1438.2203802934666,1437.0440221734316
369.93937325322969,178790.54694237831,0.6400996443884911,19,2,2.6629384305625088,14.600040329630506,24.169803758389225,0.93860146012579004,0.55555658505726702,1076.0885950031711,1046.8605397406445
372.40610850471819,103977.82570597233,0.30865227820469016,17,16,3.1930615086728062,15.674555053520274,28.471784537048912,0.5564967841099262,0.89369603288033306,1745.5841366050545,1722.1329267519923
370.33332225673519,188315.21631473774,0.58270628062296015,15,7,1.8776189970780564,10.06828853037408,29.278664231225228,0.88529408678839006,0.99462442196568057,1714.3626268197966,1695.213029302975
358.43875961146261,172174.65528183716,0.63419466518644607,19,17,3.7083114222211973,14.664068344043134,20.944862024327676,0.99999576375629529,0.52248200401718614,894.23725943677562,906.51149577456022
366.5369570368328,120014.2420337728,0.37186456577349353,21,10,2.7428478092666939,13.873464282615327,23.183342649242068,0.92171754455585142,0.99710663105608122,1073.2455960393218,1098.4671392602781
353.87815397177269,157054.06413364076,0.46558732022499694,17,8,2.5960155896874371,8.8420603904365844,28.111620629288545,0.67892894807829129,0.99934762688150458,2220.5637718964563,2284.1512375136208
361.96919489972254,179251.17048613456,0.42985581252506117,18,16,2.1339865956586568,10.955811157418328,29.964097987974107,0.62747270206045358,0.91300801967699596,1921.8507065028066,1954.0427448514829
351.423699818665,101944.00064681021,0.46074540776893436,18,6,2.6451957287869243,9.7499003767971413,22.523216141910858,0.81223662064452395,0.99973667071109307,1462.4795223819858,1526.7746265461917
360.39090160250703,102288.56430265348,0.44113796928900817,16,12,1.7359325991967225,13.943287657527852,31.295622316012448,0.75515475788692121,0.94964815902938537,1504.7535858024105,1549.8503446752802
379.2296803796616,156922.93537235967,0.46825754112998219,15,8,3.8523646541998557,15.711658743146648,20.099092481282582,0.99733675417300494,0.67948556389060144,645.65212240493656,607.10233284620904
379.72604666215648,176069.74054030277,0.61461098383513479,21,11,1.8045391575846383,8.2817561248320875,21.147701170918392,0.99760158567747803,0.98047028007368475,1094.2416762756732,1048.8329011653288
356.34452916909686,164702.39052040759,0.58822203340913259,15,14,3.4397385133553322,12.328061386227636,30.65147856803447,0.86052478433596802,0.81653439341819012,2534.1817830758455,2572.6533309457313
366.39116154357379,135320.06696932254,0.31219234251277161,18,8,2.4287628272992698,8.8121862824522825,28.048683939249571,0.45511937201217845,0.99980872672743137,2167.245061391216,2194.4044124518132
361.76005865566435,130929.61644417138,0.31703340070693137,15,11,1.9674486630568819,12.743819964682134,20.210161093243006,0.74686325532966191,0.93479444594731265,703.13444133170901,741.20821568419444
360.42813144263727,146726.27143668442,0.42166759786919422,18,11,2.9796313146915274,9.7603552083169838,32.16761600511736,0.60457090700160376,0.99823050781003464,2884.8887045033853,2930.243123977195
365.14773597343253,198790.16659844623,0.47511324557186096,18,9,2.047673632385445,10.990287493610422,29.237548821234398,0.76027317913311387,0.9983386910569797,1761.2843982846819,1777.727662344422
364.36505161797862,189877.05612133013,0.48989435350995558,21,16,2.5480852557651632,9.2110940677305191,33.157313626714661,0.67447764796725007,0.98994217811588636,2724.3461294102644,2739.8771150598468
365.73775069699519,149010.85430164525,0.40581595555982364,19,12,2.9926541415680297,15.804725786113519,30.285093265986113,0.84123251448600245,0.99304274760576339,1807.0899276989473,1835.7294772617804
355.97901744895569,153260.46235017604,0.6317432365048723,20,5,3.2321657263078567,8.1266324514176844,30.081974058212701,0.86557776492423799,0.99998848949278507,2891.9203502649016,2929.8262003975642
360.2761690081033,161984.88257245487,0.61990362899267903,20,2,2.024312537308695,12.882210777201323,31.381305594738251,0.93466542148629217,0.83215091617436032,1718.8302482384872,1737.5779187672722
377.35339025770008,197946.04662581155,0.4126383225072664,19,5,2.08390134375336,14.327774431249022,24.375260467515446,0.93841215867620742,0.95604571838886276,951.24428547402556,928.10698654145494
374.579710987429,201871.34211424089,0.55536806113367643,20,13,3.0868860403907266,10.813677226399387,23.228475108835134,0.99985376370538759,0.95502981159381561,1537.906926014268,1512.4612489717747
378.2739766878048,152672.56914350818,0.33341401582308144,17,3,3.1110279404958838,11.010704623513718,24.319314423636214,0.60921592865407859,0.99994603016615125,1769.0409881575631,1745.9894053800003
374.0849041626858,131618.12651189242,0.44995684551594628,21,2,3.9000921402204591,14.754077062549571,28.618311317871935,0.92362472430107234,0.99516068729945872,2091.6705214566327,2076.4894634584361
357.97430264742781,177049.26278886001,0.35438536839167833,21,19,1.9471255327278245,12.18198189267655,20.437668296649431,0.69627970745618128,0.87733500957263366,777.82551107157292,821.90431438426845
351.25420501733396,166258.00920611917,0.61967500688381261,20,6,2.8055009329891769,11.54509582030405,34.506028147608056,0.93125345874169407,0.99994249832933302,2686.2594882941553,2760.0405035420667
369.90583896183216,126482.79835438331,0.53752455330965621,20,18,2.8902735864325768,8.9433652992292139,28.950491512934907,0.73946025651163583,0.91414935340292747,2472.8356471804591,2454.4457190002377
359.74771275412184,190144.67483052536,0.54724918146868351,18,8,2.8781993365438496,14.746515979243682,29.447920265674089,0.99783229924919248,0.90191626532119262,1728.9294531359076,1763.5764230941622
356.08052357110682,168011.13203171804,0.32794502003289683,16,4,2.1652206662577673,13.93720273421947,32.10024527062906,0.57942838406358299,0.9997883928020822,1865.392906017707,1950.9207083562676
355.78628776274917,184096.8171940691,0.4859143038788411,15,6,3.6705290834049364,8.3898531739059159,28.701689732292056,0.68645695132411855,0.99959804615400139,3036.9596148293967,3090.1371375961076
354.51395297224815,185177.7665360989,0.60001066577528173,21,15,3.9714517267540184,14.649537032006094,31.691969646598196,0.99999184994559143,0.86534637135450665,2562.0533430317719,2616.1067658318038
352.81053712591086,176460.45048029948,0.68103867073014313,19,13,2.3253489259329387,13.66918611331805,21.717783383132325,0.99987329274699732,0.50669506864492009,811.24724718994969,837.58490759152642
377.81985931498457,176110.56936647167,0.41755286757900356,19,12,1.9124945290437099,14.590510857256833,33.038525719609353,0.74101745037409905,0.99142359146237335,1706.6454878007303,1667.0849959924888
352.05457429488405,151554.09008958723,0.40130964126138774,21,12,1.6487180442655853,16.724395364352219,33.411586258807958,0.79691157410143265,0.9934057761209284,1391.7885407305455,1494.5945137545041
361.54500117212302,130025.52595128908,0.34013952146948911,17,5,2.6294793529759533,15.248868356300921,32.013542251686353,0.64931174622082211,0.99976438005093837,1957.5583799919636,2015.0707433394248
369.28074863277874,159730.92202813615,0.60607827618045029,21,7,2.0941284202524129,9.5635199541107383,22.289747625612534,0.99371592808209874,0.90969075930719312,1195.1223343946824,1182.5266240241058
366.44884120406994,143641.77748279259,0.32535893309179642,18,13,2.5617163657001454,14.170996253074145,21.442204288503717,0.86410505977864427,0.95105502242579754,806.23812548532999,831.86223032743101
354.03701162738588,158033.77417042613,0.49250540453448832,17,3,3.7041475798783274,11.014352738889563,23.109543268398635,0.94049765327835277,0.99936241341766729,1746.0149025786679,1802.2336396105998
368.65408589174228,134117.51652570305,0.50781404832381782,15,2,3.1578551063141109,15.532869524238571,21.687441137303804,0.89873145789441866,0.64707862369253355,791.6234150467476,782.17819597431003
357.96050674997758,172661.69136236675,0.31667527508419407,15,3,2.5823554725730897,11.092320283393525,22.500036652905418,0.62424489533696836,0.99963816766850389,1318.9325770848388,1374.8645620470213
370.1550183903077,123922.03942452311,0.55854876305883838,18,15,3.7469885350621719,9.4736383971025404,22.331344406505277,0.93038098692815463,0.94613405983263454,1876.7349570699307,1865.4849812775624
370.85260182578702,183708.26177168946,0.56787701038147498,15,6,3.9562182334125437,12.400554058352743,26.023630778018212,0.9962970307243797,0.90279543146819663,2048.1333034379395,2031.3088942232012
373.35289868991492,129340.53455074783,0.36536531362081814,15,11,1.8354744255828241,8.2842421797636163,21.512955294294727,0.57804468076699822,0.97425107301646419,1217.2757136449975,1209.0801590071919
358.01409920428603,146569.71700853555,0.46947721826515337,15,5,2.9052202719125058,8.5986203236121774,22.525067255473726,0.75901142155827017,0.9994536638440491,1722.7939309908641,1761.4015118592411
364.61005477847067,168639.80457405967,0.49723843956566649,17,4,2.0088245729782268,10.868422425837919,34.856074723110567,0.72248930076133877,0.99990926270017899,2298.7840930915154,2315.1456150199519
359.68256924467744,144696.37578940307,0.31158076657738881,19,2,2.0880267902345833,14.428015761313036,24.633988186039026,0.75044491276577918,0.99887726683460665,999.65419912437324,1057.9268911147528
367.80657880166854,116339.83909840757,0.5557776093067186,19,5,2.5879483105709999,12.054281482329259,30.443316385291197,0.92004585762241065,0.99985602028672604,2032.8177697695291,2031.0413344612568
366.16225391517963,158146.95195332944,0.43995195331670589,21,20,3.3053800309750003,11.050510364064252,21.038708844070186,0.75461576469474256,0.84440937204464395,1363.1329281362591,1371.6582105377815
363.06152447499869,198704.65154029219,0.69284126036994831,19,3,3.7876118512972159,15.301838724936749,32.53827510146111,0.98338104090026512,0.63442910885245551,2510.1469107884618,2501.2240024891107
369.02058416053217,188894.15268071968,0.54652345947417902,15,3,2.4485952419556032,14.827483809482532,22.11742409711351,0.94043204056080931,0.64714166754438585,771.48146985380572,757.47584278207012
361.05897748648141,150343.36612996436,0.35284880881510461,16,13,2.725080357737256,12.312499495182418,25.444570354714322,0.64399558411231794,0.95767466699439296,1574.8540611535602,1619.0203693982985
370.4028204042524,165019.8186476588,0.6399695491922256,20,16,2.8132626553201563,16.716911217218225,23.760465563882825,0.99998559691630251,0.51172040125604945,814.09253023919405,783.34060621329081
359.93530181891532,189737.84791677931,0.45999783063940602,15,13,3.326013854162774,9.7556885335038821,27.003918336200954,0.68183269890176157,0.93220123798034149,2390.1788857312572,2425.2016737069675
362.45519054868498,117482.20021361588,0.69140345350190535,18,13,3.3270384283051229,14.652082523284054,24.438477062437904,0.99996661607694071,0.51469126820507216,1283.5136407426414,1277.3252646370238
376.77431755685916,177026.11336299399,0.34312318051770474,18,11,1.8483079124346722,8.588029265325531,24.638107721604456,0.5250899098911066,0.9969518965483859,1492.1394200217303,1470.9948834486977
375.85966226580069,182642.72982813741,0.46739824992148121,17,7,3.1118857235051158,11.261363103231119,30.83632864955409,0.73607515667026902,0.9996243662963693,2558.5281376875855,2523.3427043261891
355.36213181691346,184048.78156246414,0.52203826238160866,16,14,3.2712002348435889,16.482850430006557,32.817470113412696,0.92735624710106745,0.87961465221770807,2146.5319076334463,2207.8938156818126
355.32841809404943,191695.76480284531,0.33914943510701384,20,8,3.895026856857597,16.199211467824508,21.37035291335329,0.99559482814356348,0.87041163687794176,767.96206539870911,828.00185021738662
362.76445696403482,169471.94249297716,0.61647596346143441,16,15,3.3036858894933725,11.484086451366585,33.402193727678245,0.84312797855784583,0.81614641700904067,2947.4055430218559,2951.5351601106076
366.58275201949886,194538.20782765362,0.60978955888968089,19,5,3.7531802096108504,10.160368462311276,24.977314501634012,0.994280097736569,0.95093347749245494,2137.2955092508146,2134.6033476347229
362.04231500994058,195156.84077925741,0.48726276691534065,20,12,2.1132420032548604,11.990695091207369,21.22612911635364,0.99846656496661179,0.90649134515445795,871.7638210141788,895.4529493172713
374.69148214560073,175409.3956556092,0.58780663105637765,19,10,2.8716205924481404,12.531295178174645,31.556177722300021,0.97362005061162349,0.99789718586706222,2245.1163990342793,2206.2806247693807
353.96317624755818,156206.14361509218,0.67093372106937088,18,4,1.5816417291958234,8.4476976425776709,30.887970871281794,0.92346903208860986,0.99980111205498101,1783.7334885235805,1828.2573629736423
378.28461383975792,130670.27210858437,0.51135699874350038,17,8,2.0820701824584527,11.906434483621938,28.413932583720392,0.87338197491053915,0.99055823706733492,1581.2438142471935,936.67534045919899
375.72572740741339,138931.41883626077,0.38664687535470049,16,13,2.2334129274458374,15.566121711140557,22.657122834684383,0.91570363756027484,0.85437192029187625,707.00690336981643,689.57575281005018
363.97550953624562,119780.74006000331,0.35930564643832497,18,14,2.3266902316516997,16.127570011514038,26.549917787786068,0.82171985612087428,0.93954676177077523,1087.3179613889538,1123.5451885710959
366.3246698541123,186749.74615393591,0.57600249916346236,20,8,3.5264106509782884,11.017550528970803,31.322952848425114,0.88848630136036455,0.99989661192324142,2848.6824766703517,2849.245490182614
379.09658724868979,151492.6268797353,0.64141603458471719,19,16,1.9400447830336842,12.933790918100062,34.407097680441616,0.94326263316276659,0.85967872121344435,1936.2824528625799,1186.8187430035023
378.63505748354135,123743.76549288232,0.4590272125707755,18,9,2.6088026434142622,10.147951608381211,29.761618841556654,0.69587385745015085,0.99874141573856412,2262.9742518158278,1483.8248438828919
379.78738280985846,157559.09940854824,0.46172265502207721,18,6,2.760502894439115,10.437835254206245,24.127868379504825,0.81355581675221067,0.99972813743423306,1616.6679356262239,1576.9355282202694
371.78889476936257,160526.38911565364,0.47055431248006452,15,12,3.0226239333519671,16.462291240536278,21.945344532730683,0.99945821361169229,0.70560642766624437,668.60098151937257,653.65231677706936
356.53803999059278,191024.85695090401,0.54885561564213381,21,14,2.1997710092201692,16.588741328840953,34.487770358316027,0.99965326498057872,0.93762443450001265,1736.061729364741,1795.340672594446
378.43366480525287,168265.61277594219,0.33133524056933905,20,13,2.7447990352539184,13.185856261874948,27.337652128682308,0.63631282269122125,0.99598156647947378,1707.8024062244485,1682.128818397138
366.19851069897811,162781.12098780929,0.43800129475401151,20,2,1.7931435870681005,9.9093121680241598,31.356937405307285,0.64036703800971162,0.99999505948653344,1929.5093735205337,1943.0220950388057
353.71115061779562,173027.74314793173,0.36242153260050725,18,5,3.3706573355798568,15.33857238009878,28.649961188232972,0.77983111809035799,0.9998136487124849,1837.0071245519334,1924.1160247403418
364.50078843191301,136401.95985412208,0.45956131212579143,18,15,2.451849777007483,8.7512203728962792,29.191629689497233,0.63933501438857854,0.9603380413619732,2272.8586395554144,2289.0658025730804
362.5668122975141,167708.7575634931,0.48106941417952503,17,15,1.7822449481412357,8.3484350466357711,20.695519814540408,0.72010259524659204,0.87247009779191353,1094.5167033501186,1110.1956476752225
354.00987748351872,179368.60213497264,0.65380346422459468,19,14,2.2974743352500449,15.218084299901539,32.67924716816249,0.99989487182618197,0.74330735546937232,1745.2134443265636,1789.4037118666283
359.00484938421511,175051.54693783273,0.49378507261694643,17,15,1.6062675672422322,16.367654636711652,33.23723659476137,0.80094653957851836,0.82281766073586948,1383.5439178817592,1425.7659715110399
375.86173340275036,145026.28699945693,0.51080460181428955,21,18,2.4374320758265746,9.9749661313635141,24.608680110610408,0.81322013205789045,0.9329117398749327,1579.7320714126836,1546.7278287618981
368.05762621566544,202344.74510771158,0.31029739757709396,21,2,3.9467192890848435,13.832814337974794,21.267711762316857,0.85918632154265129,0.98473163145491605,1145.9595773036001,1168.8415339109742
362.06358504665252,117655.12140105387,0.47343926665961705,19,17,3.7032268887909097,13.005854935164962,20.686782668864719,0.99992069101582048,0.83752094630242246,1094.9673367578,1116.9414895716689
364.39618827912312,123905.57329023317,0.3338745877654018,20,7,3.7814208185799671,10.141677254306934,29.754645164212977,0.50651048880229532,0.99998479766982473,3066.6252008871916,3102.6905501106498
360.26993941057469,115365.32935099832,0.32502156055871778,15,2,2.267458757635497,14.510718924736938,28.467821173515553,0.66228514514480674,0.99936779505703011,1464.684141569503,1524.6788311545606
351.94731027626773,109274.35106410476,0.44439882839706979,21,12,3.6554487256676804,12.348353678723496,27.687119377577734,0.80146085179754045,0.99915253574182183,2246.9102609778924,2325.9825381719993
372.04113256799576,141376.42288844008,0.6927077832497226,19,17,3.9198557381005288,8.2516258147878698,21.391504082715372,0.99998145064066968,0.79665582892186115,1959.4289774730844,1853.7443440600352
367.02523530699557,184407.67756352015,0.30357417342407045,21,17,3.2226684051034979,11.187497579814167,28.388865046931365,0.49347103700788825,0.98840147839151882,2378.2747964177693,2405.3319226682474
352.96466876629955,120774.36915285578,0.57521608074376496,15,13,3.3171227674052535,13.75542833397278,27.88004865717145,0.99417979710925797,0.85496789356557246,1850.5554104036737,1906.4196429224289
367.7702567380249,186162.12672659324,0.45378646074368295,19,18,2.0987434651642465,15.788366099026691,25.558478537203502,0.79808880700674478,0.75925969375855418,953.14167556458881,953.4817806656979
377.66533890632229,153477.84612315166,0.50220793821467447,19,15,2.1492602961375038,9.8605052530698032,33.532213602132259,0.70025928012886896,0.97328966579546472,2381.930552861153,2325.0251127469282
367.72861681586534,151987.64046567201,0.41897334713217488,21,8,1.7512615187421572,12.075669524104182,26.522277512199842,0.76880610686545958,0.99954194538455232,1257.1544910022465,1269.9273267252343
362.87042311002057,138417.78767994727,0.59114283131811596,18,7,3.8966895088425479,8.9417847852496362,23.451851375150426,0.95528165544069243,0.99968506401775903,2173.8822903301357,2187.3661181199368
360.75255466335108,176418.38167744895,0.48776277440638716,20,3,3.5012950237182876,16.551266287522978,21.682349540720391,0.93964719752890746,0.65232641888187548,708.88111327070612,728.46525395381332
353.43133387224344,117033.1586980494,0.54549115610080356,20,16,3.1805082300365939,8.8995010619272943,32.545126635669789,0.74369462220606464,0.98111155772395364,3138.596731438543,3201.3488803536638
370.95819174003702,161815.02558310929,0.45674584150218672,17,10,3.8816134693182294,14.130625192186155,26.618907536551781,0.96618194452769124,0.99345381748007822,1861.0618776190345,1860.623225367849
377.32353624470699,181458.81876891392,0.52954213200246081,17,6,2.4228679426140314,9.1813432189278963,33.515166684205255,0.72927301461399086,0.99981337698833783,2650.2335128811078,2592.4727486720494
367.19942557822884,125483.3931565973,0.63787662264543732,19,5,2.9845765042167205,13.284856415775071,25.650659906736415,0.99155131953495934,0.69132431529543692,1496.1693309615398,1479.9876964552705
367.44828485015699,182541.36244216346,0.61054164821065104,18,6,2.129237576457705,8.6468076961416784,33.389022710574338,0.82386286794434405,0.99985794790399019,2427.169185519173,2412.3667580976426
376.03837179687264,131389.89817227481,0.65149700957711953,15,8,3.3476406778000021,16.149498612471625,34.30794442078934,0.99809893581822795,0.73821982107875495,2393.8418752662851,1271.8207700027911
354.44454524222505,178251.08951405634,0.4361994597940082,15,6,3.4129676746598605,14.011852414323879,25.971156935324501,0.94242584218395875,0.99581758051108837,1618.9153110495656,1688.3102991985279
361.58789939056521,123545.45463546716,0.62957826741392642,20,14,3.0524494725896276,14.734465232342231,34.861035337613913,0.99996062415186415,0.87639958245383798,2472.1519675015561,2488.7646079144347
375.63999155297876,111903.56221867226,0.34769490805533476,20,8,3.2204035275373157,12.151490564229196,34.081218704849583,0.54032512041948022,0.99994272967439657,3016.0622384550793,2655.3605498238862
359.10719643163827,109653.88646044713,0.35625807407926369,18,9,2.5674107208940717,10.279558755683041,21.762090002513531,0.67394970333591497,0.99861046098489548,1313.5697166741863,1359.5741735446004
358.24414166514021,133790.37713174397,0.3713852720145378,17,13,2.4221089568581009,10.803003470730504,30.540406721956288,0.56496188981677942,0.98228420224608726,2195.1878542210616,2256.5355706210025
360.19168939116958,125234.46356506605,0.31556914699411442,16,6,1.6051379752703032,10.544192568946254,20.862079564382825,0.63549235766905843,0.99748582849276568,866.29192767154154,911.08901110743102
363.32093749588864,159773.13417906035,0.50025985983963728,15,3,3.1919760151837528,10.902758166341464,32.441799996398295,0.753406233921741,0.99984174935684667,2862.6235078881091,2885.3510903697511
352.38915559899954,201160.5058717166,0.51996764195621981,15,4,2.8851302867329043,14.597054955343275,34.627813435200515,0.89817729330784457,0.99896851230621131,2407.6873462389985,2493.332610833565
378.75679111993725,110684.95192897003,0.46812986921872779,19,16,2.2753702670946732,16.408376365479722,33.511980930893671,0.80881123591910553,0.88701901952137052,1760.5933886029181,649.20600416879176
374.35403993088943,137579.90706568415,0.59951525423473151,19,10,2.5063810927252663,8.3665101431852715,22.638515874204931,0.94952123640969255,0.99751666962622287,1532.9044834706694,1348.9719147877267
373.69352912494611,138639.2035088719,0.49982853505857994,18,13,2.4639581354271893,11.895808892429251,31.336478032107223,0.79494734038105319,0.98234711620629556,2121.1757791628793,2092.9423615080573
376.4628499682866,112915.24726464433,0.6940621690752895,15,8,2.9113074420305471,13.237928056595347,32.290808835013678,0.99793354823591718,0.74328660572466554,2259.7548375022625,1198.4776254761323
353.60225433339468,149135.85442749152,0.56703479815701396,21,5,3.4695592329268772,11.517766130105018,28.028222945250207,0.96265692553402038,0.99996184518641407,2254.4142166163451,2313.9342011785807
379.4035687098343,101554.56786501258,0.54096436249006741,18,9,2.3587592896153651,10.921556831112856,24.898116318591924,0.94170850733303735,0.97186885927741018,1440.2197137515993,617.81037135193765
354.15272356128446,115942.13049352022,0.38313802831381155,20,3,2.5937538136667975,8.5401203200030693,25.928513617067836,0.57131581097624551,0.99999715465619876,2029.4881567120462,2096.4667766651255
350.6751258038334,177314.23771994206,0.56775882797925359,18,4,1.9772942538593403,11.134554124336482,24.444602739317158,0.96657623892818223,0.90899893960723954,1209.6537409532662,1269.0062213165934
367.35872996328806,152752.41937820357,0.67795683358905678,16,11,1.8991817811306171,16.146840156042408,27.949346447488921,0.99907492852548141,0.55676334946590955,1037.3392654630716,1011.616153991637
350.00529386647759,133712.17236537603,0.30753204329097583,16,4,2.1868664405348399,13.85161792386771,31.126532558087042,0.55396247290409495,0.9998005097135183,1791.4096630361823,1907.5508825361489
351.57323683698348,115010.71426409385,0.57951216051065302,21,3,3.0841829715603262,13.804978717840733,24.700149697766243,0.96533969761178517,0.72506917804027904,1358.6562444349854,1408.2409168140493
363.55730356349017,130725.59604447961,0.50509150367976385,16,14,3.2157881234574384,14.815080804898439,20.991813206142659,0.99982902179643096,0.70117963906089942,789.29208759535607,799.40913583101792
370.75459483941768,172205.52094782068,0.56460575877164443,16,14,2.8718905226786422,15.440495896352685,21.385618751969012,0.99986686765819022,0.60298464665970963,697.71874827708405,676.34387600897412
368.86027422925002,147412.51249648316,0.49866480634758781,19,18,3.7090218265482013,8.3620724316998718,31.166052740854703,0.63998299265658443,0.88670043353410977,3458.8895518477102,3446.2745327750376
358.58000108781272,190470.0270010801,0.45425308508636414,21,10,3.8542878835730354,16.299122194998024,34.732904191253667,0.8556545878228311,0.99972720823151762,2789.8901379738472,2853.6771052623403
363.01633051066489,193987.25015314203,0.39856290717436754,21,19,2.2271346512027712,11.292424819073371,27.128619143238112,0.62242514153766748,0.91536730460580973,1649.7558741513508,1679.2063611961769
368.51971857721901,132791.21936973065,0.5202859410227676,21,14,2.0578756806100915,16.35744635531141,23.089405239424391,0.99954012733633923,0.67695160208623584,624.00574649674195,614.97800146502527
362.99876599399317,124594.55894287623,0.60888264122323565,15,14,3.7542413756969579,13.340165730102065,32.865590867304988,0.90018456349906095,0.81745462185015516,2870.8877325296335,2876.9950406965067
373.72847165934206,177946.4514357064,0.57914481449528199,17,8,3.9076010911760855,16.57050645528664,30.778493157580257,0.99905524568977722,0.78089735561741613,2113.8537672302878,2073.4177510960421
350.21548532724171,176591.37527345505,0.49189284123574667,18,10,3.3518093188352149,10.704475041317975,21.980420817595636,0.95540626765375547,0.99635518526036537,1501.32916080929,1567.9272175658282
356.36233093300945,122632.8040778928,0.5545107511352021,16,13,3.2534574718839915,9.9793551999476531,22.887525493012522,0.93293616078537778,0.9350068157349033,1687.3688868155464,1724.8874684108714
354.38031895894107,106479.19540469997,0.66058878658515807,15,8,2.5856967844165379,9.0526869758380055,34.168029868755504,0.89710247893789308,0.99559520709842653,2786.7430566038511,2834.2436941876122
369.79761437308866,151358.44937901781,0.40594606726471305,17,15,2.7111227262991586,8.0282291611708843,34.114794504027721,0.51467194986997389,0.94734243627107861,3163.2128569312895,3158.3905364167081
374.16136285368418,186683.66669752478,0.39915135614702074,17,12,1.7856066061240963,12.712363957121207,29.935969782760818,0.6776562353565353,0.97818567454800243,1537.7598258307778,1520.09516038211
356.29852744735706,150563.57012132963,0.33279443263554065,17,11,3.8905073716835306,13.650627350494092,22.181497103966073,0.84812137658971931,0.98926200587047874,1302.4667932859943,1365.7021802182499
377.97150568664608,183180.02896269783,0.68150645464747517,21,7,2.7798336574500428,14.775585687429917,34.191302747373143,0.99783152207556236,0.73417368935638105,2225.4324925736819,2142.3291319212399
357.90030414199003,163547.63242377641,0.47571894615627153,21,12,2.4782998925823718,11.018802222387773,25.471079659436867,0.83691246981141376,0.998072169248851,1572.4032818592714,1618.1791808970875
355.85383401218513,161039.13236398977,0.62535966773369633,15,4,1.8983159365702804,10.578500899021282,31.887644772996495,0.93480764561112983,0.99790338223790231,1897.3832209993195,1942.80274122008
369.24763466268666,180384.00788903929,0.32180248952175916,21,15,2.7913157615475277,14.772323773745597,25.796493057467274,0.73589295400856214,0.9872373904035503,1328.599480039755,1347.1693133108881
372.8863886150142,102334.80994060675,0.64771452591368672,16,8,2.339982834563505,10.47729617948192,28.739692666351186,0.99018605052191422,0.94916232851391891,1852.7011940131686,925.25949414877016
364.7920466139829,187597.6211584892,0.34262264908419732,20,11,1.7293118617218664,10.09267378357643,21.35423844225669,0.6471004946569644,0.99711686861721538,989.1241800404938,1015.8086767179927
362.14825001940517,191125.89078593228,0.31105241356460334,20,14,2.2164874490318605,12.425526355790684,23.410741609132728,0.64931032724302407,0.98799376245159309,1136.7487146847407,1180.2004849626442
365.68637278037909,139215.3918850444,0.38760563522409908,16,7,3.174306043817261,11.161595512382032,28.905319381179439,0.63106452130378987,0.99942274892100713,2388.4406349485403,2412.1628760238336
370.48197696899621,177552.84201672347,0.33500680796016946,19,13,2.9213921180342908,10.555570859444593,22.833690647514857,0.61805733025213072,0.99423267746026223,1555.1005220948275,1562.7327778468775
378.14844418705832,149176.07563455013,0.50437763753867593,17,16,3.6572981380088248,11.644121214334444,21.406884116037695,0.88810564929572655,0.81731884452441872,1409.3433294352458,1371.8727917021959
361.71062883541015,121401.76208717162,0.62116749317570008,18,8,2.0665750080133205,11.555918190787509,22.84653278296652,0.99623030986947247,0.74527815443826528,1050.2913548311783,1058.0138831894033
361.29672761307876,133514.07321772136,0.55769125901843641,19,6,2.8506186630703905,8.6315572065974386,34.012000505096282,0.74734477977197722,0.99996850201014909,3101.3223610558935,3124.3260173499821
376.59248893803567,172791.72385850729,0.675745769139385,18,7,2.7312861874402903,8.4265771964744562,33.121404767118584,0.90625050204879753,0.99975300820718127,2846.4409654476776,2778.2158223324359
376.63636248247064,108803.96103818051,0.39447188230849423,17,5,2.3300356191486129,11.539903393999163,30.514054566949632,0.63408164227977681,0.99949829064333329,2036.7222492988672,1130.1522527358952
369.48685440018625,175171.84481493471,0.42844513549471513,21,19,2.5329302192271825,12.75522795413678,26.4537350565585,0.73324220065105872,0.89889901592637644,1539.0005236246475,1538.3584665820467
378.1798311020666,110834.77618392874,0.68929141275924222,21,2,2.8792078767181564,14.343145967519909,23.733835923652553,0.91068359437923507,0.45565783077608446,1124.3773751705712,333.5697139332184
359.96620806841003,138991.42097810732,0.54053232812154994,18,12,1.9048806428439204,10.924946937590814,22.22552389635263,0.99489517152750406,0.92949372357911486,996.07719810025594,1023.1794225417273
359.47946177674896,168717.03120490574,0.5070556745797965,17,15,2.3624316881876122,8.2577850361437459,26.764561089062859,0.6923409075509207,0.90820702218726246,1990.4666612931815,2019.750819628548
365.48824237822942,121105.94640353788,0.57801008871148496,19,4,1.9885015020791914,9.239725295060186,22.918634126118214,0.9658065965164685,0.99615976932610717,1248.0546770227759,1253.7638110522173
376.11618874124542,132434.20389250343,0.6446311288014509,20,4,1.6295601993230606,12.12687769793434,25.740510208970171,0.91264276238696462,0.65624020378631165,1104.5016737123763,310.13798298106366
354.07098128666684,193501.89139768388,0.62891681119755383,20,9,2.1951161196669329,16.609726891243238,24.532209504431677,0.99798415780123095,0.54712007281214137,767.5766316318385,798.47536237175075
350.23377695745501,195406.72722445411,0.56395791747214175,18,11,1.734083488454693,14.307002716118937,22.792325668820332,0.99710294188858428,0.69293356899056768,703.61780521905439,754.99085604479455
362.54427101297506,192587.05201757318,0.68993465344642035,17,7,3.1364458481116588,8.0787799826240079,21.540104194469798,0.99852785168828717,0.82426015715597933,1688.2547894256002,1688.1321186718442
373.60789830275246,189968.07763438704,0.56532518232756224,18,5,1.8089949223499255,11.154343037344209,20.263131146360251,0.96919704631475212,0.76447759284800432,780.61209758259179,754.62882937422626
376.34366104231384,189602.41206553022,0.37086533421430051,19,9,3.0841022096678783,14.604065745155824,30.962599561611469,0.70142206947551811,0.99940089423859724,2134.3286564587556,2111.5103668192833
369.33747785441926,110881.86709071648,0.69770546638982933,19,15,1.7553683736173133,15.053112400371633,20.502684763089142,0.99948810852830439,0.41154678008273465,455.17086986625247,-207.13210615930944
353.13537567114707,122713.59318886774,0.6823692974579687,16,13,2.6795342478278097,16.517837740628437,21.589815854651302,0.99990718373842435,0.41513399195187412,565.66960657754805,589.39458720163816
352.44321773182753,154463.86212935968,0.32695766583216579,21,19,3.9225368840942174,8.9966861136596119,24.333586406802567,0.49621838879705171,0.96158514108519766,2471.29260262254,2547.175852175536
359.24545216864692,131048.70890560531,0.32356701860389064,16,9,1.532666696348538,14.498283125023489,22.426379178802659,0.80232694449557063,0.93823271192692348,631.71056293643539,683.22977354952104
350.3968246659901,116457.02679382382,0.58572355748768445,19,8,3.9825061481822468,13.262699755395623,28.280287942187996,0.99925341400737888,0.8825050212868476,2268.3106418010989,2335.6204314269917
379.12647216099617,159300.55652427004,0.40807441596690303,16,7,2.178840149344802,15.109689389641717,27.368951062138169,0.89725959953809409,0.98880984906169689,1205.8813835569863,1173.2146585326129
357.74642555780076,176476.03268666632,0.55076918697001842,21,13,3.5952583664261075,11.971280982014388,33.893721370177211,0.85081919812521967,0.99860868818831572,3143.5115475788998,3191.6074995920608
365.91216627126192,103470.18681134713,0.49441051224489252,17,2,2.1583515293030926,12.643444935308045,31.440508249346401,0.82685045740591756,0.99977275304720115,1860.1793434361539,1873.8144289099789
363.67432252092954,130753.82714331473,0.68246773643974878,19,16,2.4974667370136827,13.812300706101254,28.879311731047608,0.99996440085400773,0.66387724101851808,1597.2322668701238,1588.9215571399379
365.02074864674859,170125.70046479368,0.48232834350953879,16,14,2.8072255754768349,9.0771804426751004,31.716920197877066,0.64712300746815121,0.92869606657398462,2773.8161300022443,2784.1808113675811
375.93326456784422,158017.28544123616,0.40564541633379586,19,17,1.7287927303663266,16.842754608725084,33.747036659155057,0.68467207146475184,0.87439762208706706,1477.0531435186851,1442.5062319911463
376.18888954909931,171873.59812953044,0.50457836058011507,17,15,3.3937712104298505,8.190619420981788,33.680868844071341,0.64738113681497378,0.9398363000427663,3604.0847767115615,3551.1788847441621
360.76749114114676,142162.72983090277,0.55422300512416123,20,10,2.398478492311813,8.0522303505908841,31.218109681849885,0.74674988749084981,0.9996539681976826,2498.5561267795406,2522.78688561844
357.00234134827383,153363.80943759682,0.32570897434203683,21,5,2.7816989465671118,11.665543976560489,34.684653781137733,0.49077625168164496,0.99999695504978281,2851.0227428819044,2934.7342872862137
372.26324725249469,154607.62620688684,0.67344272754011181,17,11,3.5142212454796402,9.1429441402912808,24.33729411583035,0.99985752551244178,0.86907946292547411,2079.0382600105791,2045.7191142640033
368.80498681757831,170543.6484781616,0.64032641361271636,16,6,1.5568621891951322,12.007452362050048,20.419408088633514,0.98130655064062622,0.59855034434450149,654.52647348933942,634.48393821087461
379.18093078311108,111951.85415943518,0.53175253512233145,21,10,1.7689820796401778,13.111485292516409,25.596493824963222,0.86849745729827421,0.78889678895412463,1075.3846969110673,223.2978386561233
353.15261787042141,189264.2289310972,0.56586561747814168,15,5,3.2879984046443509,13.724925036908092,24.241928104454153,0.98990391645099585,0.75905842807793356,1369.8597966327086,1415.5578821351114
373.75183004219173,193388.38686193305,0.63948716880891177,16,2,2.9775570218727103,15.649951217365427,24.449168624817005,0.93975939770331085,0.5293414263312638,1074.1821407255227,1029.6724190385853
356.35937225240252,116285.71491390851,0.65028559191066404,17,2,2.683546208893048,14.630204004210515,25.151371408287144,0.94457604768132875,0.56135051707428296,1188.3127713458209,1209.1705860037071
359.5596028975861,104921.0769354207,0.47300498148926451,18,12,2.1406826547990474,12.763867612475934,28.071618638141835,0.8526857056583641,0.98237000932615692,1499.7162947726076,1543.3424919762565
368.07722963918337,143296.42051122335,0.30947350521671591,17,7,2.3315894931698016,11.379869158836952,32.943000472305812,0.47266509164561576,0.99974939109883942,2356.8099560929131,2380.8946279780062
366.5224035115225,146837.59790469572,0.63654409224807473,20,15,1.5650390898816779,15.662262336102902,26.191536300355352,0.99940726383769829,0.6073967097195655,818.71395670171728,803.04824215084113
358.8216172591558,103795.63162077169,0.67669967900056682,19,10,2.3488375386155695,12.862278501149863,27.334758101021759,0.99940295625897146,0.68640131621050471,1469.1878159684115,1482.4884982401848
379.86565422517509,136076.1490895263,0.68140142847650442,15,8,2.3059347754503916,15.794329073798064,24.491584893943084,0.9916063562407742,0.4894145191804769,873.06661577269313,54.526429615635891
356.93612286459938,138533.53309978545,0.64424508968031891,21,5,2.0102434957067374,16.987408262356841,21.072001596659888,0.98032444608751923,0.43656451647756783,374.25133112467228,388.65600662015748
373.45085718219207,199822.38919979424,0.62646644533869478,20,12,3.6032650962289261,11.860901939694259,27.408468779692644,0.99994218874897234,0.86311503840315273,2169.2916446761187,2131.9597782331898
357.61937199485925,198823.52797547996,0.38806931188656135,16,12,2.6542878908866339,16.466503866110699,27.241160377909502,0.89078063589018186,0.94087910256650265,1219.8344840127272,1281.8768680194621
365.39517411243878,109843.11280502134,0.3242535606789031,16,9,2.4585464068010356,11.363486259186867,23.335459573790644,0.62762219498989846,0.99535850170630313,1335.7694662889241,1364.8036979171561
370.28754616069028,189332.35372364573,0.34107762143798681,21,6,2.5562245853499315,13.509900459250854,32.044287599534393,0.5896789248804174,0.99997986691564555,2136.141928752329,2145.881157434651
352.56772872919112,121556.07673824369,0.571015203842,15,10,2.4207501689953501,9.2125829713109795,23.433977078552815,0.92336209518838075,0.97292481071211945,1497.8845506772454,1548.6319746306142
356.016033129015,153007.83040620323,0.31271762604318448,20,4,2.7351873778040461,12.812022239763765,34.965975464967066,0.4935678710761337,0.99999566560884623,2709.396660096907,2802.4253871312862
379.66593570943269,188548.27972960274,0.68710115207280076,18,2,3.5168210142203549,14.474157861677071,20.389513626636244,0.94996121943079059,0.42032550189359436,818.36127200169153,757.82624293485742
360.03397362037282,140337.29582350911,0.59987048864079195,17,5,2.0172135518796495,11.288258028589775,33.223893495855805,0.90833206132027777,0.99949434808583193,2043.7268975640329,2073.3503606137947
367.21891076059495,154890.16784989025,0.3237423928571907,21,13,1.9396144609461916,8.0621837791102866,34.992007903262042,0.42046159326078997,0.99932495246442288,2608.7387797600463,2633.6263179087114
360.38667094283585,196336.32796962146,0.42665335162622853,16,11,2.9481109472273896,14.738836042947991,25.769422587605391,0.95020693883766294,0.96519461384052385,1333.8217389734748,1378.6974940271391
360.83503228757763,106643.8286565726,0.38702808106577091,16,13,3.4681172316043094,10.402840242131074,34.482155202330162,0.54433078641009436,0.97707780127266064,3504.5805352295715,3555.2704824135062
363.69092061173217,150967.38297943911,0.34883861662020843,21,18,1.7716393474687229,14.251312387358542,24.483940202376779,0.71127738202053037,0.91140922408289793,904.76391948648961,937.41122172171731
376.6551523030061,141885.61522289965,0.640483250472485,15,5,3.7005526365187107,10.209871104048972,27.198402705326863,0.99259346307954965,0.94545874998701285,2424.2866059193984,1853.987609803311
357.93197202606217,151016.04411028008,0.65456988823843953,19,12,3.6101246553306892,12.202431824692725,25.937933053899524,0.9999499180921495,0.73420196317406394,1919.3136276300588,1938.9274625577259
368.46420327760939,137037.92940050529,0.65719830620568165,16,13,1.5546499749205462,12.44763720877312,28.127811412789306,0.98971370484423471,0.76166646638725,1216.8286475977688,1193.3202990138423
379.03456134181681,138022.56140637421,0.46368074677354376,18,5,1.8097671337672976,15.457112271289393,20.731492255749878,0.90641347349801282,0.68739134414246139,457.78917902852407,250.58885613879312
371.21816641710615,201658.54671519261,0.64647803269963611,16,8,3.6971527837599405,11.8542764903732,20.872093036070975,0.99917151698829798,0.62182340245941103,1284.0977103198406,1255.9220999015376
357.48561383572201,155007.13557338683,0.63934353879895534,19,7,2.4186433770051119,9.8537229513240625,34.282134369072566,0.89717490224815843,0.99983425121986325,2584.2069903133365,2620.030237919812
358.21358983234205,186738.83437369854,0.67879971916091919,15,14,3.5491374888608558,11.580473345411697,23.671698397403443,0.99975408589966097,0.65632861214416793,1667.2727156698534,1680.0167902098237
377.33094155296726,146204.5780543983,0.36804638551246049,15,4,2.0046033329549724,10.525526546538121,28.372967079581212,0.5849124854348875,0.99967791894862623,1738.8675885720081,1709.8887896216238
371.53871692726329,186542.86614720459,0.6685759896640554,20,5,2.4314021505321075,12.204716586999929,30.522414214502746,0.99073383295720008,0.81491390167371558,1908.9517128625666,1869.1083553993872
379.53712042847513,193887.87176730891,0.39321336690442638,21,15,2.4765660749538334,12.161241059583258,31.674907307925125,0.63445289108668046,0.99387773460338058,2186.6992670525165,2139.8848375521366
352.83499512573474,162190.67019665104,0.46443402783803983,17,9,3.2726135899328845,13.358781154768906,30.311340010287864,0.82873118757711095,0.99786447591785965,2268.7935814335747,2348.5657837629619
362.25120192366705,194769.18041434186,0.41603804852206788,18,14,2.6018646767945954,9.4064253358842915,29.266102120336658,0.60475027294850425,0.98238779660791409,2314.127969595922,2347.52780072821
353.90005050355569,162576.26223824869,0.36289760940855564,20,18,1.5494673733600883,14.837241598726827,25.590715679468452,0.67419075228773562,0.86271475442162171,879.11097285138976,948.68454027774078
352.84115908703353,116046.34829335693,0.56769229999400006,19,7,3.5344184171436748,12.671077679210843,26.33039756436618,0.99789632315935528,0.89609559433718122,1878.1617256816567,1934.0392273911634
368.96244097078335,198741.36515564012,0.58871415130417515,18,7,2.6955554929056156,12.944828765258579,28.650935569652795,0.99630673591016927,0.90576251645880135,1760.6780006261654,1748.0440509360346
369.55852605034994,133261.46272047854,0.53863959041689813,17,4,3.8204487134568774,14.112139033133694,20.661759738073108,0.97831568903761501,0.66541995399248466,961.39176966719629,947.99049211064698
356.25405814472776,197287.18513010954,0.37732701939170266,16,12,1.9134195548688309,15.15619813267989,23.325980923469636,0.87861316706637882,0.89288438554014149,739.05427638631386,796.2153345612403
373.42024821523586,175436.79657949315,0.38116529450644676,21,11,3.4904455471141786,13.035243241534682,24.069684290783332,0.83024763175524496,0.99899315716283776,1551.6490285081024,1547.5566338360197
363.70297215962455,165387.52028417203,0.5930252052098941,18,3,3.5153284912794653,10.214575404525537,30.743279554295949,0.88811375481878574,0.99995982762248881,2873.1562264279164,2883.4293926867504
363.46160047267171,196508.68050858798,0.41572465349826554,20,9,3.1553660121453149,11.451407612509749,33.818828305780812,0.62850410178590344,0.9998845509863743,2998.124974881865,3031.89962500093
352.46979794347186,111563.85981607903,0.37349892346071961,16,2,3.6817319208981463,15.523954051225424,27.024794284859578,0.87416507410637945,0.99745644036009451,1673.2097495928599,1761.4470958085535
371.83070180139072,199791.46869403834,0.3194784678073655,15,5,3.7255959858088423,15.048291493038782,25.343286345528107,0.78430068099315087,0.99851146911528199,1535.0266027973096,1544.4551866949707
378.46561497880407,140545.94232447579,0.32334130396154148,15,12,1.8439083864492094,8.8067874499474588,33.370482282445522,0.42942252628304622,0.9725375529957363,2300.3831376705939,2262.1266668412954
355.72705356294153,188644.92971118639,0.63509987508345689,19,16,3.4868038088728071,16.93277711590369,23.502560992267711,0.99999305461399479,0.50647552619974945,891.37699431375165,914.26710645065009
366.91699215882318,140582.09900632579,0.38629028489932277,16,8,3.3589717891687245,14.625958676121179,31.980048675555757,0.71045777411822186,0.99834066065881943,2413.5190077052525,2436.7401601680303
372.06677636023926,121779.97341966898,0.48525678166842867,20,13,2.907075484997085,16.675400246850401,29.995024131513212,0.99977599252260752,0.92576896608975745,1577.4259244739092,1564.7833798770225
352.06301991755748,143105.84872655,0.39731313966753884,21,6,2.027308739814818,14.572597471364121,26.687943119324252,0.87455936715149141,0.99942628845035142,1139.6596763253804,1224.9134767146234
356.16723143882922,149363.80503503294,0.49119445695727804,19,15,1.9286053525622804,16.485732368961315,25.106061194187991,0.99892601524821323,0.77430705623472662,765.36758415122085,810.38320553869471
366.59295383966668,171958.6933999277,0.57894387517398083,18,15,2.8511168628761627,10.746461559304716,33.976355217435099,0.8220169026846158,0.94660267897116968,2805.379427139098,2798.771665905494
357.52351752077391,149557.28400739364,0.69595251648336909,19,5,1.6179316070988301,12.302972322001109,30.414216185994079,0.98420226271036926,0.72839481775672255,1441.9936736196914,1460.8625031156387
354.91343058767887,148265.76658770657,0.42063324815151276,18,11,3.4579178189542539,15.512360197450203,29.027645877875688,0.89622501005786448,0.99374825382252285,1864.7157029818445,1941.1398801581686
368.93657630965885,146702.02323726538,0.6581227092472165,15,14,2.6694436315855836,8.296108097343291,31.237871528224957,0.82030031158528804,0.79031369973859655,2640.645133277329,2607.5737101104805
374.91995453000067,118176.244821589,0.49423166588027878,15,9,2.6720782909241558,16.555612119918976,34.287252886303349,0.92799526338819427,0.97033866812226233,2003.0159556128833,1296.5851428336291
377.90001017137899,103210.99617999609,0.32171391850212305,17,11,1.8265093988381214,16.064172905157868,31.482553622586444,0.58369276612498133,0.92973300642694445,1413.3596219209016,371.29730996306847
356.11746556741531,182579.93870819756,0.56324903367232326,20,19,2.6224457681256403,12.298053932859123,20.253525399127287,0.98096797305128203,0.70697775666532292,877.04539755585165,904.98215626706269
360.0698580161295,106578.61775165296,0.34091728057047221,21,9,2.4749323665420211,15.071519392672702,22.801235570917481,0.97282092631874983,0.98319492261646324,818.85491609880285,871.28449100503531
355.26516897479314,187403.1105134032,0.64882061903831567,19,6,2.5463962339725015,8.6765667954373953,34.823559995497838,0.86410826797988971,0.9999445118209469,2886.7289408312668,2930.8377455193977
366.12504155576931,153809.36552904648,0.55572423471572074,15,7,2.575082187698416,11.354755341186539,32.465126382391958,0.85319989429578924,0.99732649986465771,2354.0528735001408,2357.3575254208413
364.11906322207722,137870.62379603076,0.39166213918374637,17,14,3.0661033760765273,10.246592668463752,30.820907436234833,0.57274396492479029,0.97193484638097705,2716.5138250827595,2745.729378268341
359.76678967580051,141656.36233130889,0.36080055344911938,15,7,3.6063957128765662,8.4235393847788398,23.374401931282787,0.56367355201478764,0.99927628628001652,2238.6080011523381,2281.8204987101017
351.60802742681375,164391.12224707316,0.36576662650631425,21,12,2.2888667164213801,10.157805155738167,25.503059703618316,0.60727668559938985,0.9990779045040028,1632.2108848192256,1712.6052361623081
362.30471267220781,147330.62103512799,0.32028837629737722,17,7,2.6388314424954191,13.289802527259944,31.793617814361873,0.55005899741794351,0.99962767826435694,2191.9098466766445,2245.5543308389565
379.8174059373361,125391.51695258087,0.5784691000162635,19,18,2.9080080118412965,10.613691675356911,31.784587382157142,0.77799856986950178,0.81958210193021508,2613.1307012516845,1551.7980944472292
350.20373675371695,135292.76743248533,0.48351974510093515,20,17,1.9383656879417595,12.781660880111,20.218561471767519,0.98370926625914457,0.80752134093280559,664.66122395281525,720.94027158019117
363.59437686912452,184128.28277882893,0.46216861738185488,15,5,2.6483409676204159,15.71872271134179,31.28982036762164,0.92459026730954652,0.99584999158242882,1748.7431046494282,1782.6583473880419
361.78397218877171,149742.6323906795,0.41208217882350184,17,13,3.3675150633397739,9.1740609233025747,31.274357453453987,0.57801935921449199,0.98765973482758296,3132.4203462141404,3170.2823998749109
361.45749565713459,133113.56648539708,0.5977800120294311,17,6,2.2459238786565097,16.659658860524026,20.48857192006594,0.98673956090732451,0.49161489649288892,377.77768405730808,382.13633997224787
354.72656964215759,164252.22844488674,0.61145623718133324,17,6,2.9771650851850078,12.251505292100136,30.278579514186632,0.99541412547528751,0.95355163758262607,2175.275500553691,2226.6192367010899
372.91359215823172,200857.7402505631,0.5060034747390092,16,13,3.4071318848984311,16.312193474505186,21.770039895314277,0.99986612164875877,0.65923581092155414,729.07783069767584,705.95178720596766
376.82740965908272,174951.64200912422,0.54739489498923599,17,15,2.3722056340968107,13.693018828543376,28.602753888563136,0.90371047256412551,0.84055387435111095,1553.9277360403403,1505.8399101178725
375.30991547564508,118680.11069339959,0.64734346924908925,16,8,3.5537939970108186,9.3760598959098846,22.542912572386168,0.9985271891276587,0.84582492917307173,1817.9347158254216,1082.4679613867315
351.47866254535904,132217.69627039714,0.44617709835074393,19,4,2.5125022471653464,9.7619405375756045,22.137323612478713,0.79809400607886172,0.99993606567497351,1368.505678522974,1432.9860485536342
358.60369878321126,118358.50768544944,0.40056147974966783,21,13,2.4036157892812584,11.690260638422455,30.351143033309441,0.65038959400787044,0.99823357810385538,2043.0887864993065,2100.5165073729199
372.6534318149059,123795.79814798461,0.30303676090083864,16,6,1.7319178861256617,16.173432629621324,23.323326896549354,0.81906683703318472,0.92508766907874618,612.82736485676548,617.68039046508238
365.5411226682603,154204.74816336008,0.68120635982615552,17,14,2.1082407599039099,8.8543583361331173,31.5541459175172,0.91127565046458092,0.90867438351561269,2177.5104661022424,2163.2751688902331
357.30445050161541,154167.37152886129,0.60060478266511952,15,2,2.3057899840432015,8.2435796110101887,32.120116359798757,0.80791867860391919,0.9998379338892962,2480.9689863746476,2517.5475415629248
368.30635704725813,192382.25178580428,0.53509525094356469,20,16,2.1245496022148131,16.492644374745268,32.902450771453999,0.98088449770939901,0.90847503586435374,1560.4605221038155,1557.0289342196845
374.44714971466789,114363.3496893189,0.5131650977888913,16,14,2.6128461660477393,13.249860092869429,32.445250420521596,0.78868422300148711,0.88602431277188576,2186.6337314500242,1308.5560211563968
366.86756918299363,120246.36240004844,0.44299046187422098,20,14,3.4241286779319067,10.622153595168214,21.901443580194119,0.85205297817933134,0.9913138042166123,1556.7973913140781,1569.4355367735102
361.79139005686687,128278.14829552361,0.57308791769787415,19,16,1.7000772987628561,14.224876243522798,33.772068904557763,0.8961689015053228,0.87091964696069823,1633.5056169379127,1653.5242613101705
367.54259391816453,125351.51184683682,0.55363039913141643,21,3,1.6963346371902934,16.98812547995994,20.394191249748314,0.91058539969101404,0.51793791182092652,283.46988834628985,272.11460348381678
360.05635839351282,154709.37933866557,0.45040526220364119,18,5,3.4405321362985761,13.855740976450377,29.32563720321545,0.85370439406342824,0.99984918882938123,2142.4877186046438,2190.2032828599349
362.95798771330061,122011.50965447062,0.39043584367181289,21,7,3.1684864700788102,15.771064987233405,29.776611862146115,0.82996009886202549,0.9998772984222043,1828.3267638677212,1872.2568663755453
355.15519940648937,132028.43213981093,0.52835680651401951,17,16,3.6409705434332778,8.5707442649988206,30.023198028508666,0.68879145761089389,0.87322860911016187,3186.1761289216411,3234.5943682382876
369.19368984079625,129046.35517960235,0.58111345208624687,16,3,2.9453149226662463,14.821880862133057,24.387261430049435,0.95969385809771091,0.66320555756251476,1153.6059188543677,1134.9275230777523
377.95841881607583,158593.32195938565,0.3485779852574899,17,10,2.5973366250139676,13.653673057425614,20.358468482062904,0.96060909536872308,0.95197562010531511,737.15627298567529,722.05239090815098
353.16124739366643,119858.71059275285,0.61527304930845572,16,4,3.7706197192037729,10.630813215965318,26.598849234033306,0.98933812002496935,0.94662829027207984,2314.2406745189187,2364.6472764339273
365.57004033217675,184839.3910582526,0.31185035757309926,17,6,2.3046246411886337,10.610068693568962,34.558162056882011,0.44997031030339224,0.99990118324601995,2601.5524488769902,2639.4028262469824
371.80369351961821,107914.28458515939,0.68764326632167672,16,7,3.3494726490180344,10.686023746351722,34.196872165238887,0.99518997240549112,0.98886776707538238,3102.7106860931599,2005.1488807869262
360.64258295465379,174675.07240398717,0.57126353740036961,21,20,3.8822897930302611,10.718309372585876,30.674699998735313,0.79867148931925358,0.8522194750331672,3067.159795618285,3087.1391077673443
366.92335707555679,151277.90220707533,0.50995230471191566,15,13,2.2090524794843756,16.8315722376963,31.293199742575268,0.90020529065911437,0.82536257129345503,1435.2469476896852,1436.475864417815
353.12901658895845,168411.54460106304,0.31186945134264854,18,7,2.5808373671704148,14.240442791493351,33.690854541077677,0.54005787222336621,0.99980252342139853,2269.7541175976876,2377.3445539839158
368.35118499315865,125887.79778346239,0.53083648865603361,15,10,3.2476755043709851,8.5356505730709298,26.338776854548499,0.78023851374577902,0.98936239592844766,2387.5916692126557,2381.5514597424594
351.36618248382405,181798.15795286311,0.37049131842744132,15,11,3.3689327784028986,15.446036019746696,27.418877623013163,0.80896329570393433,0.96938019751427629,1643.885974029924,1735.289197632786
364.58357304585797,184679.23326151483,0.42182469365861797,20,18,1.649832629057268,15.734602456771583,31.930768602162491,0.70092117678437038,0.86547039513843305,1371.1315956442118,1394.418070277027
368.23508527126398,193801.91378095106,0.4481438804966757,19,13,2.4304004784027269,11.248151523965483,31.746176470497705,0.69042725059076815,0.99338506513320324,2249.7943681570659,2253.7327546185302
358.93329586405463,179001.1267414575,0.33327603445776866,21,6,3.2109213073008789,16.922599817681871,22.493698963370964,0.97260642172040468,0.87718560370703658,715.21068214189961,766.28956707464886
378.33187822508711,178451.37489199045,0.67528822552727297,20,18,3.6363760318407832,12.323126569836459,31.071920810678005,0.99998087087211029,0.81865202355815547,2634.7406291290586,2560.8179081549615
375.74267669381697,174607.54693235748,0.69333125770160209,15,9,3.7117961745857242,9.2350544045618985,27.377740624646069,0.99943873431507324,0.90812657353642046,2591.3442551252001,2537.8209170926821
362.94301997005147,174744.34161564626,0.53300810607582083,20,14,2.1472900591622839,8.3338977528186042,33.760691222101769,0.70569590862229525,0.99388135761900265,2554.9764023689468,2571.5262592029762
373.1392807031047,149536.7319342719,0.47974343630566418,20,7,3.1461516063405752,11.531741386326374,33.956452211447271,0.72642943234779433,0.9999609647547677,2959.6218321071574,2933.1167511687681
375.31645027539992,168500.24528166326,0.36985690248620551,17,15,2.2384769879631436,13.408092179263985,27.264363605137618,0.63967311116817771,0.90897923744321296,1445.4353366627245,1425.3549213191172
374.52363928059754,131971.86478446986,0.36172431555160212,20,19,3.8273068009971829,12.96453889445613,23.921021298873715,0.65496163411921227,0.88610951364057655,1700.3243937156451,1686.593391361152
358.62554418058392,199150.42639080348,0.39114898018474487,17,16,2.7814112287793518,12.385442730761341,33.17360132887196,0.55448910218674896,0.88300622112077187,2557.7563386613965,2615.3008754935672
362.91360204512887,109235.17331399405,0.45834238056761323,16,12,2.2308042767546779,15.537912426091225,30.056303613607913,0.88251023857970312,0.93800895876128043,1455.4059666853771,1487.5752534725159
376.98476804231979,104808.77031730943,0.4208561498007688,21,10,1.7379155717889074,12.463419659874598,22.935322265396977,0.72479680413452285,0.83451964820782421,912.87376420902751,154.41524374551449
364.72287752644758,175197.21555181593,0.31916122949754877,21,8,2.0149945089709922,14.013847458920836,24.856728494915519,0.73043539299274884,0.99904936978861947,1040.0175656522565,1077.0134406630882
377.19652271509472,181088.64667360438,0.59812823831277351,16,4,3.3576604047984944,9.87317949029765,25.943925989754,0.96499946248412027,0.99891592311364574,2138.4060328995611,2094.5903167377041
367.24888750311868,126392.54801663602,0.61424089200930088,19,15,3.5241019722675451,9.1918145690247481,27.218407705069243,0.91398198993350233,0.97353093508202371,2515.626611757973,2507.1224854690031
374.13301506579995,119368.64217933627,0.36971091767387038,16,14,1.779989117415772,15.102474321848934,32.493409039328533,0.60507123487859893,0.90131265827416873,1563.9984516261732,1545.2888801599393
379.34350096887141,142312.71596584865,0.32835536296024082,15,9,1.881216097660541,9.8818750179274364,32.128784799463482,0.47230058465692748,0.99570538329712099,2102.9097934902766,2062.4156416164469
372.49801926012526,127789.03582408431,0.64565552124942438,16,6,3.2893834012580956,14.361706702567966,24.788309574976243,0.99393184574844207,0.60719280696931166,1357.3493443655814,867.21627864098673
369.70747237277567,184300.82812899805,0.59980043950816631,19,14,1.8967868430998425,15.527601746018323,32.143682802197844,0.9993943832226595,0.82784005080843193,1459.1043585464295,1436.377032921954
361.42767316521036,178197.27550050715,0.69804088815253884,18,2,3.0726927439803378,10.843716424940954,34.433838531677068,0.96791215308533185,0.8890444304274796,2931.9158616626755,2937.0879633428126
378.19419575763595,185652.70048447209,0.63863682098436947,16,6,2.6350610756862727,8.0124139048188994,20.145210681534472,0.99452337226949628,0.90027314418983173,1338.3554247274365,1295.6292266200546
366.37166903330092,105163.66790840757,0.49056136430267305,18,7,3.4016679134561376,9.0420641792877881,26.957422500402863,0.73808385770133789,0.99986178836553719,2505.8881656455305,2512.8138692140205
359.42672495890724,197504.06138065737,0.47051919929223096,16,3,1.8061783057499421,10.222737540026539,34.137005952215759,0.67161440795637795,0.99990509561633689,2152.6388691804086,2199.0823534247911
367.90220653084674,165412.93481276993,0.33091229350224399,17,2,3.819537468408019,14.731947410358092,29.181389353648477,0.66823841179525534,0.9999370924475165,2234.8670285348439,2259.453019110199
373.92004691292067,161206.11225288297,0.46373962634802157,17,12,2.9438840986088466,10.780780017977943,33.241300041718084,0.68178951096473694,0.99053858223433222,2837.5585475442972,2807.9245130118288
351.33595805304867,134830.86081944325,0.46879063212436495,20,14,3.9968376759397817,9.4020496539161762,27.886351885558735,0.70553021849656428,0.99658776663385618,2948.9462272319001,3023.3617583592372
353.50272479510528,137862.59679792664,0.36147579618171283,18,11,2.3835620108026676,16.779247707337255,23.330508219420679,0.99244315679669248,0.88488809516074718,672.96476456616733,743.42104750856038
364.1774553249578,109448.47542714448,0.42792965445633185,21,20,3.4829659041345429,8.0855901669550647,29.060409863183931,0.55466630493193114,0.90083571034241827,3059.4627994341158,3078.4361385353618
353.20287612253935,197213.46885972738,0.46767963752632319,20,18,1.95435910283364,11.320481545748413,27.036707348947743,0.71920081507209888,0.88145811347110004,1479.5561487695882,1541.4248716743357
357.67100920357791,163241.61784657591,0.57367327067197293,16,13,2.8965087585348366,16.053884101919309,25.780339896578965,0.99981470612115786,0.68451193549038714,1148.7664979481594,1176.7060605054596
355.50405258352589,139792.1898020489,0.356509256943987,15,2,1.880653154612435,11.755446590847079,32.274554145987871,0.56068255574332726,0.99987398724545717,1921.958281327692,2004.1940956906869
359.70089888668662,127114.46609233654,0.39147401790644071,18,4,2.9046232965070704,16.545617104416536,21.907058031308491,0.93613493009077775,0.78501765747059549,642.96890588006897,679.84794876564706
354.46747755220042,136566.29848693474,0.57187394302804362,19,10,2.7789934094610285,14.314289964504676,25.163546757930213,0.99935196555382633,0.75212191938579276,1242.8570652378071,1284.6403618073189
351.96751629938723,150828.94973258633,0.4226034946555598,19,17,2.9471830108783594,11.336224618675757,31.117265410296277,0.62661952679420574,0.93339096845158065,2519.2008063268227,2603.0898790747647
372.14985876904797,202561.56488646977,0.45147873390888732,18,9,3.9912519237350601,14.68183017284974,31.522558294386862,0.84427251615946108,0.99907308796198102,2625.9129991259588,2615.9522574706893
361.61603739699632,107425.40938240904,0.40852914599614643,20,5,3.2820069481678491,10.076206812167637,22.067969447019497,0.75178148683521717,0.99997354756856938,1628.3824365650116,1661.4381070039892
371.67115463756079,179065.91978740381,0.38372874820735092,17,13,2.6082020100756558,8.9209797933283177,23.556417396427793,0.60597680054811531,0.9808830175545995,1708.1279493134361,1703.9543067771272
368.29447882217096,192870.82689381379,0.59314035874962512,21,18,2.5265069037073635,13.456517804908808,21.170529960775994,0.99998668451563444,0.64008629402267636,824.53717333029624,810.14509964410252
375.77447302085091,176282.12775696142,0.62836717342062254,21,8,2.6335499914620151,13.274805688307531,28.682509795875525,0.99818811385980677,0.8008792094588153,1697.5551424286271,1645.6289156649777
365.40454921294213,191147.59578440216,0.43318235579840014,18,2,1.52600528543629,13.996255842349612,29.230752358092346,0.8278248363483639,0.9963968928479936,1205.5784915787367,1230.0963637601519
351.83210935376218,118333.4913612517,0.32907781472554326,20,11,3.2939256924222811,10.717134857196424,21.920616693110492,0.64306642298594296,0.99915868785428319,1548.930318767332,1623.4325712911009
379.88614364276458,187770.94156517356,0.61777349664521097,21,5,2.8478576492271497,10.404033300695957,33.9498276446107,0.89075425213274351,0.99998871087090846,2806.912445873224,2727.9684622139112
355.03271911291534,159931.56455419573,0.35588094665203907,17,5,3.9507253353013931,8.5132020819942475,25.68461590434174,0.53230286835752161,0.99996754126230414,2772.6531210923922,2839.1617082260072
350.96244353271669,198633.95826366715,0.56488686348706807,21,7,3.5620752412994587,11.835622256472064,22.438010533274156,0.99779636319870291,0.82295344820725203,1466.7559749646289,1518.5515784483553
351.51159736136049,123780.5088258169,0.66121442594640623,15,4,1.6826662666785994,12.987831838907596,28.631894414900753,0.97288271541359361,0.71419564674635583,1279.4022868368083,1326.4254977830819
357.88892179847647,116409.55986229292,0.46252396895214476,18,13,2.6198993508773389,13.586461202258459,26.26193916465246,0.92343098758941689,0.96750224570155374,1412.7655931403049,1463.3597125868846
368.42554128962826,175812.28140756971,0.52008342242660777,21,5,3.1015087827096424,16.966825598504776,33.076739987147384,0.98694165585708227,0.92315059176660696,2008.3582774596857,2007.6103165001455
356.78472467857165,157192.98891914845,0.30887814432901556,21,20,1.9629593144052784,12.258633725667668,30.134923244279307,0.4443497238755646,0.88867455557030794,1742.0129597837079,1816.0171128331976
358.40115282905805,133055.81804161659,0.44134279889713168,20,11,2.953022668921089,10.768254124544214,24.599754351812766,0.78400509165060916,0.99880738422729554,1725.2500048910556,1770.7683957399579
361.1206784538183,201497.01740582311,0.63873234864780626,16,8,2.8969835316022627,15.958549424502788,22.533463125910359,0.99825312194039528,0.50938980817579582,776.90358865221208,779.8254804788935
376.78908198578239,192793.60643813852,0.56264150777346211,16,7,2.2819070287030532,13.43843435465844,25.830915199271828,0.99255562741033232,0.83383104770340799,1234.7156854365228,1191.5921802395055
351.01533781543156,117383.36638299101,0.57229678346249124,15,8,2.6113357448929468,10.976865535128333,34.349890167599028,0.83911649303880531,0.99583801220071522,2639.240795291807,2718.1264108130295
377.86154421618278,122149.14147206501,0.69780234516781547,16,10,2.2007171907372385,16.837841045475024,28.067171738879836,0.9971740120151783,0.50185079648601161,1090.0616355465474,158.43956264778922
351.40351182794825,191849.99728295524,0.51906226717016135,20,12,3.6008160937239801,8.3439341481299767,20.74493832287143,0.86714343303310881,0.99831571224167914,1775.2255141569572,1828.8488568992173
353.39198672618812,162284.68246839102,0.6805211641097384,15,6,3.0563717027166257,10.945622114927797,21.343666941478695,0.99655282478094054,0.61969995842673165,1279.3748528140165,1305.3220956586244
358.26190401255707,173612.71535310725,0.60046332935594482,19,11,2.6889980489344638,10.480538277483795,30.833346101759627,0.90838483213771049,0.99743319667736807,2318.4380028916999,2354.0020619540669
358.46836031235677,173042.42740029367,0.63762468120444471,21,12,2.4233888393194518,13.429413983938943,24.214170518281946,0.99977464425449891,0.65320637675121762,1119.1071395304293,1135.2228836791373
359.07108933320785,195297.69192868756,0.41849707428885796,18,5,2.5430505055595267,10.631652407323779,26.15230960972249,0.70510432808777013,0.99990562336623434,1755.830897356105,1802.3073316708271
356.37183131216642,152581.68763910749,0.54754859917925136,15,4,1.7141585998986035,11.345346551858515,33.090620768959923,0.83273702162742369,0.99904468887093512,1847.4415236986063,1901.1030041469853
363.27671864076831,106988.93611291423,0.56974062557723704,18,16,3.9991251653126092,14.592004750645721,25.336388739087333,0.99997662524962649,0.74707253004612517,1628.0277530914877,1636.1436964200282
356.82029517494624,157289.61981771965,0.38006564322744135,19,4,3.9237280483596155,14.398650045481348,24.710183002681092,0.91052389973339587,0.99975422030966443,1567.1226731999604,1630.9955014655616
354.30182537814687,199945.33150712744,0.51381378184933235,17,7,3.1656857022060327,14.36515121937131,30.631042348263335,0.96606383189853184,0.99820265580560785,2068.5673532948758,2139.1401401838821
356.09357415286058,173936.77642193588,0.47684393162654892,18,17,1.7832845517961702,9.3676106335155715,32.047656256189875,0.60154291593146791,0.82506565195695791,2042.9388852946577,2095.5121947305092
371.98263007701962,185396.87193789394,0.41965104487962912,21,4,3.153298042462346,16.439654792536821,29.755681402294748,0.93733506253210541,0.99973979504878141,1698.2235315624748,1697.6867676645893
376.28149159705799,109142.58658875458,0.36703972324075784,17,16,3.0182580741669165,9.7549961399142617,31.159047182884088,0.4910873368044496,0.90514033741536715,2816.7297350475142,2126.9022186271482
364.78270315844225,132115.4822216575,0.43633502932783913,16,10,3.493680980247607,11.540295321674689,28.004245582299419,0.73851014083969135,0.99476323288804669,2350.8642348558606,2373.5658006561198
373.76729049011936,192407.14683037467,0.58791554010605851,18,16,2.873922162327879,11.597129695369922,29.336775507466761,0.89170694323240318,0.87681992869741132,2128.707982413338,2089.22579208665
361.63536122706034,187028.66581922962,0.54175773484198886,16,8,1.8053114980926326,8.2086228402450789,22.359463084619243,0.85296940745534977,0.99473457378517627,1238.2697357883847,1257.6971557916627
371.40666394604682,120078.10678713462,0.45971617107055279,20,15,2.7680751477301007,14.219349317447911,25.281367695367134,0.99297666060458634,0.955125893783907,1265.310937290021,1261.5609018149964
354.08285010612235,159065.838634227,0.62157841267982117,19,12,2.3029283574330286,14.975607756857112,20.995438258049749,0.99964663026135581,0.53039549583144407,602.69914871281162,629.44768930070722
353.52186042823917,112352.57239193247,0.33678216946651951,20,4,3.1967871073401164,8.2144945285206177,33.556991642900741,0.44595669728162179,0.99999872252292532,3497.4872656309281,3592.7036721691393
368.34902214670041,168270.11407203486,0.59401500421061559,20,14,2.6805425272865109,8.7873572130186286,28.838254838687487,0.85089130700706439,0.99218798885698245,2302.79844248874,2289.6025112178872
351.97354623927436,144666.13306712289,0.32715501449546852,17,2,2.613333409796081,16.472901014260437,29.170799779100719,0.75085254141107705,0.99942268103837595,1455.2152816557234,1557.2140076319913
361.21292315983351,172329.60734459589,0.62488475037643276,16,11,3.7207815576635523,14.757345903668714,24.477930444105496,0.99986718422401955,0.62211381221524675,1390.9219655817114,1397.5550725496014
378.29556381144818,151866.88413925545,0.56136307342699565,21,11,3.5771003848913905,11.26458156774453,24.543221838566577,0.99983121828157151,0.95555225484041129,1842.2308088639563,1745.2180376361498
365.11805211487138,141560.60891929851,0.33952999100582515,21,4,3.9938700931257896,10.987380604122942,21.505383036923774,0.69420856116764385,0.99999243870533649,1679.6901351268621,1706.5094289085996
378.97894992038556,103366.65335421183,0.48054708431730064,17,3,3.6242759114880778,11.57086209729354,31.427806596061124,0.76051790281216203,0.99990630134291847,2908.0599138339985,1866.6537313044048
368.21428142619055,138563.50311699021,0.44309900247182959,18,14,2.7466030644504835,9.1081152835544739,27.6239954189416,0.65171066722010507,0.98099411272443049,2231.1135370782135,2233.7312505999103
355.33060916948625,131440.15098695303,0.45129786755583767,21,18,2.1102045350627527,14.982115571450496,24.539494938747723,0.93684073401610601,0.85845601335310773,912.84430336151684,966.96442578800247
366.64112511444421,139501.65239059005,0.42188232406254345,17,2,3.3748180810648409,14.230318815719485,34.549360877065624,0.71732375328030518,0.99995558931511075,2833.3570165956285,2853.2649596404653
364.77041676342043,141437.35441187353,0.44937387636442383,20,11,2.4144955598968059,15.216224055411399,22.379611898411351,0.99828886313756937,0.80903785493834934,741.63503624226598,757.11659977320755
360.48800011653361,120227.90787877818,0.44393098518603058,18,11,3.1031026963973893,9.3826139816695893,31.860584975141371,0.62850410703927351,0.99825034702157778,2975.0484321795493,3016.3869814134518
368.87630249589972,101866.78238552791,0.3508535222258668,20,10,1.9682765685467871,14.515336042410851,28.910655511371164,0.70258634136210141,0.99796807907689444,1364.8174873429343,1382.3125029938433
359.43219766872107,160200.70145390427,0.60481395554518347,18,9,2.2523755712313775,15.544932121245626,24.188244223037383,0.99788458518235301,0.61374111508166618,852.44044567989442,867.24038718273357
357.81192721779547,106088.4114084374,0.64903176289851083,17,9,2.7471017298317832,9.67944974726087,24.664424697307137,0.99918268457746473,0.89308915614698425,1702.2081797407936,1726.2684074381964
365.55871476809432,195910.9984190579,0.63141247348149576,17,9,1.5676507430528217,13.623581055718745,33.66966397838884,0.99303260745110078,0.90071863870468105,1562.4412434248889,1558.3935086172655
352.61935467050381,186168.19962027154,0.53140500607195851,21,12,2.0289061057698321,11.514776058941509,30.039886292428655,0.86019550334665607,0.99764068168905817,1748.0159757938061,1817.7094377300325
365.64396572425215,156418.00120397948,0.57254500919121543,18,16,2.3431773157370479,11.426355816374699,23.583608435058785,0.94343778591329031,0.82204535619680286,1246.5085941831071,1246.2216656038941
363.7655295731991,128811.84226419532,0.372748997212488,16,9,3.2924779748284001,15.560602503747962,27.158598468817583,0.86221168929377678,0.99206410171088399,1550.3672798157249,1590.0405545199692
364.81795475649085,178065.47453336249,0.31928207121960916,20,18,1.9730872081339299,11.322291895365943,34.964212192627237,0.44531083710808772,0.94387640686035523,2311.5492239545647,2351.0180844320066
366.03767708463954,165843.05698211535,0.59063779812503503,17,11,2.2794514421817311,14.183792828228693,33.933798928737545,0.99277650475061852,0.96925184581447066,1966.2125272772566,1969.4394856584968
353.46006530435295,111336.40285871623,0.42283167391849291,21,12,2.4893181711827954,9.1573273860045372,21.844107786705301,0.72713015813600401,0.99873987093334649,1409.0018407484658,1467.0513274315394
364.94264751000452,119829.26425470633,0.57599175957037374,17,12,1.8840149704754268,14.386171253050291,30.11990919181607,0.99647811006452847,0.88391780095286931,1376.401272466409,1382.8955088019434
356.15775438008262,110768.89164404719,0.63582654784338544,19,9,3.400258159482739,9.6288009376618078,31.831121056788191,0.91140642098136204,0.99962515478122171,3015.0138293950668,3056.0490058848141
354.77425403799595,196113.07596668252,0.52938337923762546,15,13,2.653110570410008,10.594605796868263,22.810569355411253,0.87452500071258776,0.86855384211867781,1386.6810638109332,1429.0147113522044
365.13028397561527,169809.25985412428,0.59379736620954426,15,4,2.5232399902162483,14.080983637825113,26.554574344847154,0.97620923349598288,0.74496311028201478,1338.8211835963846,1336.456846827678
373.77256948990401,198482.0901432377,0.44692956501866204,21,7,1.9154064307643131,15.420422667180386,22.092171388420823,0.96633344787845232,0.77779141717942601,593.77154871160599,575.82861520892118
358.17008903589567,163505.81761630182,0.53956323510574322,19,3,3.9257606261723801,14.980547289457427,33.10393450204699,0.97276415333192623,0.98455082714043385,2721.5392897829879,2773.2920229205392
369.3709519356587,185851.44667491259,0.63371380691297685,19,7,3.6229838337992089,13.050626116557805,30.198963350390066,0.99851433317099514,0.84566435949669472,2403.6349661559034,2380.1006862858872
356.94889420291821,154730.7266041594,0.4262127299519004,15,9,3.938985286430992,15.387536517232906,32.887648832601329,0.79589158427328444,0.99421834640378681,2722.1043139795584,2793.499445628579
352.48163130835707,155327.38803191824,0.58967509551275299,16,13,3.5176438552161264,15.398331506888537,31.0101636571857,0.99978663286284963,0.82616744870038061,2137.8147607837791,2198.9498482254876
361.38018006256789,161069.89058834012,0.37765902091795223,20,14,2.1970306179503432,16.3082027582597,30.937276902528144,0.77882172051901088,0.98217631845622921,1476.9743932033391,1529.9144059031908
367.53806073252485,101996.65713201385,0.62822863992512934,18,5,1.7248841666751777,13.758284408219758,34.543555548912174,0.93717241846608756,0.83850944832164231,1739.1772695122993,722.35757027721684
376.86830272293571,182955.90440738958,0.6081643862173105,20,18,3.5209276448213935,14.895646367687101,22.499316093763017,0.99999636977184325,0.59185138151922712,1041.2559055748231,993.86607451895065
370.92881802557912,153148.07001389065,0.31941684584795349,19,7,3.7885297575954797,12.360054895982172,32.016471483009617,0.52024283449684561,0.99995949725473199,3073.744179444066,3081.8757839495188
354.57005983908198,131455.14236610365,0.60209317022951314,21,14,1.6896978347498759,15.471077141639814,34.972660360584342,0.99913695692640436,0.89843010470737339,1590.1527627303296,1649.4646375459392
376.4217915761572,165538.70831586813,0.40647510230035599,18,9,3.7113356684301992,16.897964520867898,33.614090388498312,0.81614135735165172,0.99878205886130278,2472.0848504717756,2444.8761280810272
365.97862105634931,104846.78412746913,0.34131759479138268,17,15,2.7524356330736861,11.304495141806312,27.169241294774338,0.5426617621157438,0.94124857814526808,1939.5030530841191,1963.9560783408153
367.23794801650007,143368.38814369982,0.49996586040983249,18,3,1.7653823754992564,11.814352580385446,24.381716484304853,0.91693757589029334,0.94361300640340939,1071.4035781198654,1076.8121540427569
367.36393461131672,189531.52354909247,0.57432450643724664,21,6,3.0291682762575034,16.280241510804856,28.60828390455492,0.99370067794536177,0.74324122653888869,1507.5968730668603,1497.6916244911283
350.92295409217149,186364.51199889544,0.65951624503864414,19,9,3.1963888041130524,14.766676180190256,23.725539505698503,0.99943413501573364,0.54670985954005802,1139.6352149211566,1177.7193975040723
352.35407888616623,182886.27428330347,0.56132567873261507,19,15,3.2334524415356349,13.05329870038447,27.470175099340349,0.99985266731042821,0.92308980430721488,1849.9663806628027,1912.2373539074511
362.79048016372161,151334.79094173451,0.54546587339968688,18,7,1.6920126371634407,11.866536835873283,28.162814670974768,0.9403363449451847,0.9967508547516073,1346.2741805838359,1368.748124555035
371.6207061977222,172531.81024851743,0.53193294178337458,17,4,2.1060071855004292,11.118027736139032,21.746259891894301,0.95918832676864652,0.8765368117119644,1009.2117702853988,994.36671280433802
369.82630187734787,116660.93170104071,0.62516674921281323,18,7,2.3671296054158031,9.6407806952343229,21.261776840675985,0.99281210877726411,0.8179789471723673,1187.850702452175,793.46195203695788
374.26229505841263,149701.33693894147,0.31293465804141074,20,11,3.3714586852955595,16.874036063811758,27.669598027539717,0.79750312999256057,0.99707357722162793,1485.8813669780516,1486.3314909502431
369.69552288224713,162555.0241215995,0.51496025962346548,17,15,2.3599091336592455,16.14481517696046,26.230386836892173,0.9907151508540426,0.78224066185031527,1029.1582653086568,1018.2314477865596
375.51137648413953,144377.77496803162,0.32869664274803206,21,10,2.2092423138981263,8.1646785122699477,30.319412033152492,0.44979905909718543,0.99991249974869412,2337.3026537724481,2317.6531699690745
358.19070285922413,197757.38552945654,0.36341928198111828,15,10,1.833696312630563,11.148205045275951,20.421256704987613,0.75478992035817227,0.96211989097647599,832.91772636036512,878.66039056216982
375.02277682896369,133410.81316969669,0.69629391642592875,21,11,3.6131073311140951,8.1184150841955169,29.369383204495247,0.9621457136139514,0.9995209425741961,2995.2174584999639,2046.5211340094261
379.59334848793844,200306.80760138598,0.56719668992254735,17,3,3.9922748744777752,15.34251926273318,30.459359289870765,0.97271213643627241,0.83235982076521375,2300.7324589195969,2235.0026772643932
363.73332476586722,175108.37062639519,0.58603719758150974,15,14,3.7665781799241644,10.252773878995225,29.37816707240798,0.81626928704922619,0.84342429649541417,2861.4886815936038,2864.8516419425723
350.79983165386125,137993.37355503428,0.3247420709628342,15,14,2.5170001899308989,10.350020336497119,22.14586461580166,0.51057690164591818,0.8870521995627022,1356.0796120579209,1430.1943594543202
378.72870918955596,121222.78225377211,0.31763409985094365,15,13,3.026654606262837,13.402057422081967,32.937155502739898,0.50171302570718679,0.9506822659204025,2573.5024840695055,2336.4129142148454
377.02517302148283,201074.1316521116,0.66320728122145267,19,18,3.9576435819179645,15.481814928628419,23.5466393293122,0.99999661479349633,0.51223390701697213,1211.0916431125995,1155.0067256901857
379.3317951238862,164926.24453321623,0.65115049554802651,21,12,1.6766356028239875,16.498167142516081,25.052883856195436,0.99826525132168364,0.52883670619928769,694.29215943697125,481.97775272947052
350.75637463669591,123826.64981732852,0.37562324464024194,15,2,3.508194223477751,9.3461859599683361,28.513345646871414,0.55876053541282644,0.99995449522057189,2810.2651979352631,2900.4008880302313
368.92579185919175,134006.3414230757,0.43532846665208308,15,9,1.9714085836466753,12.972100076598629,27.259678722312525,0.81224952884590162,0.97981202681594093,1333.4759227205741,1339.5590693742661
354.93866912183756,177650.63137791341,0.66470137113880745,18,15,2.0160043205868785,14.52974010680045,20.48236108869424,0.9998845029087936,0.4726179837777178,544.17043452035944,563.31408316981356
358.15527983583291,118913.92428513116,0.46716570721745132,16,6,2.8305270613418085,15.947597929919418,29.073647493719424,0.98666357846098351,0.96044394077620043,1528.3493939717725,1583.9952860662081
360.32548262496732,157009.36877606082,0.67353375932049642,18,15,3.7517969956948098,10.997957936942559,30.233211648502952,0.99989264378524212,0.89717234614444608,2770.4479621598334,2785.0713392787688
353.99886088448989,106202.71073791002,0.48938384921155736,16,2,3.6110152853156978,10.794314807836113,30.923872094014136,0.75178858339222732,0.99994068016103865,2943.4482267328026,3011.7178294202386
377.55332949053184,125977.80644207766,0.40751852889218609,18,8,2.6344525639846079,14.23648916699667,23.995032068551534,0.9691286026878585,0.97748011069053264,1082.0677831175958,864.20038721733044
368.38171496656804,105898.79938279364,0.39961847093727054,19,6,2.3195525819650942,16.88557905421759,21.521846106146391,0.95732310863642522,0.75350946194990898,470.6863240332936,475.35407355961945
366.14949380608715,135520.03935867181,0.68514056188312389,15,5,3.7346742258487149,10.710987308830948,26.424197219879925,0.99573584170686869,0.77050842851455459,2257.0450470489291,2241.6473875359761
362.39023670085248,157922.6388235334,0.61131485544647157,18,15,3.3132982752797964,15.422021297151698,23.707334995883208,0.99997917975183459,0.59749051071057524,1083.1892662975549,1086.0508215085631
372.67993938400872,169577.02574676432,0.46063567859423454,18,7,3.809051863055545,11.847329573449834,24.737029426229199,0.88368083202448056,0.99961633973194197,1922.9333112963816,1913.0914565939445
366.45799977296406,163678.30297813832,0.56908913600855615,21,11,2.8473489237253937,16.487689674723747,24.04133941760815,0.99960074863270409,0.6281443716714481,880.92687554446366,873.35579489234794
366.77337964314194,201900.60644001362,0.38446377636389673,15,4,2.9880124803025643,15.111877225263452,23.311772740027763,0.9435293106147844,0.91888213902636529,1002.8986173704239,1022.3919954850032
366.28186737871351,109395.51904233373,0.62187192600233099,18,14,3.7590705617485742,12.897372605621058,25.201764336722796,0.99997205181282844,0.73885400458051986,1774.8799504981373,1490.8820719179803
350.24692319193713,105183.91510318976,0.60613737118113975,19,2,2.7321484079559557,13.878616534850847,22.90557358989053,0.93466744865046303,0.60754578445884433,1035.0350805293624,1079.8352390364487
352.23073361415447,198047.81549280242,0.50262074461390915,18,12,1.9264704726961459,14.117280917135197,29.430644997654319,0.93569462595753083,0.96715353090559175,1376.5196867191921,1452.7450706538134
357.08601770775209,155174.8130602797,0.56377914878138302,20,17,2.8952949402377919,14.932003235989253,21.726891950753934,0.9999867676466927,0.63471897239222752,802.24654899636573,827.37462224734361
364.90159496188238,166484.74371510284,0.39949115744190811,16,5,2.4608096985708969,14.093360992943104,29.500314564262666,0.76420604790701241,0.99921313643752618,1687.6989500112279,1718.2902384727724
377.05500066431938,126091.68753446708,0.33749915951429826,15,7,1.6216984040208775,16.34261571517569,25.54367268692873,0.82544278156356377,0.93721727859542059,756.00863462814505,738.98453553080526
353.14359819847328,106505.7326988119,0.37237878605908659,17,14,3.2243323339794294,14.368494127844224,26.788623829397196,0.74829096026701158,0.95257510310109428,1664.7103611660395,1744.1637755992363
355.65958514063135,188050.41191698174,0.48363246718547265,18,5,2.6923055340193547,13.846790550131253,26.986293115730533,0.97913380991940546,0.98659388517482272,1477.0628348662578,1537.8447438562032
366.07194131228232,142989.80400618888,0.35419215112033242,17,9,3.4638411183083315,9.0391435169112597,27.523649299921772,0.52709027802258723,0.99937322096167536,2692.6026270931161,2715.5563195168047
352.52145250273469,144001.4099430065,0.43785979863057212,21,2,3.7381285540669356,14.687020242427485,23.054344216112206,0.90593212192932082,0.82880818056756089,1224.7793462955472,1285.566668280326
359.87195897958333,169285.18902774103,0.36711538786288134,18,8,3.6899852184477813,10.381569733056505,23.365971327871538,0.66039282361168161,0.99968986543691429,1956.3206086322277,2000.9123564343122
377.2447610933682,111889.18573252478,0.46430377325274536,16,6,1.9824975232236697,14.618168460864652,24.424187507954979,0.8132355738425866,0.76976503995788481,918.46820223374868,109.73438943711591
377.31119300576449,125673.54017520609,0.66089958893729661,16,13,2.4944974501995203,9.7687441549104381,21.012759355268329,0.9993903741309722,0.72872707007307891,1191.0986613126306,498.49661532463131
362.40938617667155,169952.08208684527,0.43094395312462497,15,7,3.7328976468751507,8.1783422441814757,21.297677797059379,0.69892926847775172,0.99894482970991627,1984.3188240937411,2009.2216887146922
368.15817510669501,150658.33350521588,0.6383532238203814,17,14,2.2357098360184473,12.587211032362287,34.929580145894818,0.94164415116518885,0.90002525406464629,2217.9612250307296,2196.473031475834
352.73554571497976,160687.8440027734,0.52994937336268644,20,10,3.1500437452865504,11.273017254499727,23.828289542730566,0.9989840860411654,0.99255030718067727,1579.642117229854,1638.9568230925302
368.83830654248982,113630.26740552305,0.34710456459790989,21,17,2.9760656752919621,9.2725576278933133,34.326996584777717,0.47175599843758814,0.98970296908331867,3268.4020581035043,3280.592057495388
351.21034840870664,142099.61703330584,0.51105028328845126,17,13,2.130030428019444,13.319182421762582,23.466412286726484,0.99719102263878689,0.85933861633115893,963.26267414042809,1024.0224034952723
377.94935154296894,195819.29987824173,0.31392787340751904,16,7,3.3807295604123402,10.89422698613779,20.901400046172274,0.65448680719210828,0.99890024371132802,1409.4218034055816,1393.9922895421505
375.91312970145287,120528.14775527797,0.46629043832919115,21,20,3.5632840629034286,9.6998314390586842,26.637676764450816,0.66317184184578937,0.87743768245567255,2482.1190725433471,1997.0277194173684
365.3770229016929,180131.37548067444,0.40519968363326025,20,15,3.3310608214381592,10.683887753466092,33.743587626814183,0.58994968635119405,0.99355677304115231,3236.6595197033084,3260.3109918240725
371.11368520238608,188797.59254877514,0.5504699255892711,16,11,3.3248369446054586,16.386891181671476,24.69931471371293,0.99970523316257487,0.67740869985238394,1089.7054820221356,1067.0212750389378
367.40599971696548,171023.11689279243,0.42327996898160625,18,15,2.0640937514501907,9.0698644442692693,20.764411666185786,0.70341514430093122,0.93792852210438016,1144.4155559206056,1151.7459269479907
368.62995193451172,173753.65274955574,0.54688289031924187,20,3,3.2130979791534746,10.654755035005861,25.351880206080097,0.94336075936012798,0.9999170581530793,1899.0683356768741,1896.2127836116756
351.77266818066715,120949.63885856865,0.46386681985904776,17,13,3.1798553141574475,10.832754650466029,26.228068990585427,0.77355097433641073,0.9762183564224598,2033.851996428416,2104.6746708336314
377.5384519863494,200958.07977303167,0.37425741378341681,18,8,2.11653794722936,14.089283573862296,34.350072256051973,0.63401071870854409,0.99927329016952182,2035.4142062908686,1999.8905084112387
360.54409320768161,129135.55126098542,0.61213239582708678,19,9,3.3603735187973549,9.1433613723541427,29.41166741168437,0.88810259145571668,0.9996300132074003,2739.3691001761235,2760.4514432211522
355.58074939563437,170763.99284122582,0.33314048317376233,16,7,3.0948332108843606,12.684809533387799,22.975143030788814,0.74145868945515958,0.99809741713948852,1338.3383740019619,1404.4884350396578
368.81876519715354,149800.74155894088,0.68984740246241627,17,3,2.8999600551983464,10.939957781655695,23.880968564828379,0.97788126286868104,0.65087159499286185,1536.9682891615407,1510.0718393859995
365.30121239163503,200347.67088984561,0.69932571323358406,15,14,2.0229996263183807,12.244040427308082,29.382062672014378,0.95172888292345115,0.65398297965404617,1586.2641606647353,1567.2857144211064
372.85606517649541,181822.16787750731,0.415985227099675,18,10,3.8329979968026739,16.015759398082626,24.374441844792777,0.99928567429758408,0.8884254766457198,1224.6327978616266,1216.9759164066345
372.07235567440387,141467.48619217714,0.62069897944717622,18,4,3.2099068222400149,15.612706490361926,31.252568601310518,0.98498012253840705,0.74427333533299,2002.1225468755554,1962.4138531246804
371.02752310928309,174709.37114346118,0.37787112361490932,19,8,2.8675602099338517,13.783125502236711,30.849047419284027,0.68281363350397073,0.99969918043909878,2114.0101742175261,2116.3483129427896
368.53799684099761,187886.31852801799,0.49636619971746865,18,6,3.9295631669288951,16.229801287006495,20.032639293124731,0.99130506265337004,0.6196037114287466,569.26594755890301,561.59943812159486
370.91883548051067,173778.84148712282,0.60861402264545394,16,13,2.5446257508819885,11.407832439654895,21.744492368264819,0.99960852499817932,0.74568552576676927,1110.635683627205,1088.2094548985849
352.39585363702656,105841.84806650692,0.41482321191145566,18,9,3.4217922564914725,12.75179854934467,21.068809614604717,0.99789979070765311,0.96551212217371651,1115.1867746756127,1180.4928513031668
374.06261487378396,170593.59210858357,0.64550927864197138,18,9,3.0491377351149627,13.860238345597981,22.998714292216448,0.99928434537417654,0.58774500994449597,1121.7282830811489,1079.8940165649178
376.30730705811516,185599.93256611552,0.33185804880012665,17,3,1.5996165730197061,11.591770643005972,24.366275121654049,0.63264647552667297,0.99961786007421627,1070.6623354273727,1056.3536051348985
352.03823669197885,101778.80483993146,0.53831758018759268,21,15,3.177857158026669,8.8256593435540136,25.700550051538997,0.81665266399617331,0.99394644313192204,2212.7971908335749,2272.0392162826847
379.25370852523656,202306.94471930503,0.33200160700331205,16,7,3.4474562022419599,9.4994417069062784,33.168482815811167,0.46515529805193606,0.99976688083826448,3455.8091664500694,3413.4385569138512
358.6915748230096,182687.37395329971,0.66949516182903279,17,4,3.777477914605202,9.7433208007841934,30.333015499915007,0.98593717280251336,0.99906704214119735,2990.5132119719374,3016.2093783916298
367.65220998325486,169055.58261623452,0.46471802836255388,18,7,1.5943300688046327,8.4793765923848259,34.766590740464906,0.61455680098742327,0.99980149555633169,2203.6504611703572,2204.1975129524667
372.08443332441357,163728.47081113965,0.3207644268532428,17,9,2.8418531051694194,14.916042443057076,21.859696346949644,0.94892635320886531,0.97166924215609363,817.24391249035659,826.00612235239817
363.72433935645705,201943.05648006918,0.56280200135484426,18,11,3.9982800295797398,14.172079834171143,31.645334506200317,0.9996502640730871,0.97592443722566313,2647.3506290872874,2666.5824117664952
350.61671014225425,174133.14235017239,0.64945264994259266,18,8,1.8210191021390969,10.399170373743946,25.896389760822704,0.99576324527634552,0.86659973072140073,1326.3020233304526,1378.1971237485752
360.14051874246474,190794.5135526064,0.674461933964706,21,2,2.6213628714514723,11.255429469054764,23.964459985764446,0.95387105410454254,0.64104237595161273,1408.5519921273396,1413.9457861328349
370.45428961920288,160964.27860085474,0.39010083704986648,21,3,2.698966212161956,10.24021378203212,25.805452293234623,0.64674825919235324,0.99999632201654021,1852.9140584516119,1853.8208491820119
378.03947470781833,183551.17865106475,0.53657322942026575,16,9,3.5714509717738805,16.789972563654636,31.86619429695476,0.99912072850530653,0.87877969054621607,2089.3615175829159,2035.5260099687878
373.58515438383688,191513.24793686179,0.44356530507180464,19,11,2.3320760612994942,15.778278134634384,27.095451922656714,0.99572904870311019,0.95252428031184622,1144.0337010370806,1132.3497834587229
364.54616925158825,154953.70538002026,0.53246909757458405,16,12,1.8111755033452104,8.4735617997178636,33.753556563415827,0.70098560084647299,0.97028663313432972,2270.4489625832844,2277.8856740858669
358.68118726359734,173674.62195314877,0.34150266395188061,21,10,2.4936085505567531,8.0704296809376359,24.397200635102205,0.51025293296951224,0.99988446962731137,1864.5468327306376,1915.2865244393201
362.44988829214589,139912.37179022757,0.61666457215802017,20,3,3.2407678472603525,12.715838875389117,28.205922709156724,0.97415066953978313,0.81877177645652754,2002.0480318840559,2010.7168008039459
372.18058784103982,199172.07586852257,0.65924113852004884,16,15,2.9574889693098712,9.865102587312041,24.550629380056929,0.93922743771159811,0.75758600439170842,1783.9095883798661,1747.7935471782141
364.74487007151117,160484.50522286035,0.67706536434603171,16,9,2.3165648608219644,12.771858235665064,31.663662653157331,0.99881292789884801,0.79886014600353406,1899.581558949975,1889.9018563023119
362.55635674144901,119277.6559593392,0.58459742606396969,18,8,2.826118325531072,8.1619894717973605,23.428185113213576,0.89680982876376303,0.99935600545843739,1807.5788574246387,1820.9476958063321
364.44818217632741,103861.0764935586,0.36326866707972655,19,4,3.9142336171431156,9.4514814239495806,27.082449623009865,0.55801239654382595,0.99999479910829248,2818.0885921356671,2846.8651000737368
352.66092347497164,109824.57321039734,0.4301907355328668,18,4,3.9605546565057654,11.809752090581577,24.056161923704742,0.84499979254144286,0.99991470671525917,1897.5546897739648,1966.9099554413374
354.61078167964274,162129.93774324667,0.39480452096133389,16,9,3.7625391602093381,16.661525882129339,21.008764791574219,0.99803695246759261,0.76258689348192765,627.79948288943876,679.24018705956337
367.26334952708487,166352.97420171104,0.66311232892233518,15,2,3.0287729594136774,10.536248585523222,26.178822960168507,0.95904919396238997,0.77624197694952324,1926.6909377687196,1908.5848081796028
367.31314297553297,168548.18894207117,0.33056707699182458,19,16,2.2284384180082033,16.071077419080808,23.795242308210693,0.8037771928216878,0.89685424196999275,784.35615830888435,805.34828304465327
372.13090745663777,139081.33627348166,0.37070009702054474,21,2,3.1671582185568559,11.563254342821544,34.652005275244363,0.55636880194870686,0.99999921708563055,3129.9800033949919,3121.894636703455
361.99284880283886,142850.03985758609,0.3124383028853242,19,9,1.7936657897617354,9.2606845944564249,25.673480798608381,0.48849105916366375,0.99958108057914485,1502.0232555878426,1546.1463929450686
350.19081994347778,166864.87035804085,0.62525173138972301,16,3,2.8165121454876747,14.47083276847556,32.895324550902153,0.97199408944664778,0.81620325306423569,2144.0441187680549,2213.2236822878081
365.3207289206473,194029.45811634327,0.37646643788674833,15,9,2.7541748253232838,16.819103089603178,29.576586627907396,0.84907780261763799,0.98201091867788171,1494.9492884302447,1529.1175816670025
366.42538732623933,170638.5420654992,0.39387457153089711,21,11,3.5276305572642621,14.04826084434486,31.40490237131943,0.7123536137912736,0.99960743663744489,2506.5947086016395,2530.5822441983796
360.73960330517946,165214.40283556387,0.61548307508237188,16,5,1.6142450628744338,12.857863242694577,29.398402726561017,0.97448315378807859,0.84633955484137435,1317.7772000845239,1335.5490477896426
378.3472379840851,190627.41458906361,0.49523264963783598,15,14,3.1257706466231516,11.028042958627941,28.525140088670952,0.71280910603682335,0.84996088929436642,2302.4480355647333,2249.3878137907382
358.67319616476686,107135.0716471881,0.56026672255316123,17,9,1.7732676166039585,16.583942867903943,26.895120062143597,0.99336891391945348,0.70901585142939505,867.97369221645317,895.3093969590675
354.10055069616089,125700.36559972247,0.68886326381250429,16,10,2.323271895993162,12.237509804526582,30.46318542879456,0.99932611019429141,0.77353143353353082,1836.1034461778561,1873.0798780561679
378.02232146966844,168703.18543870896,0.3664633452422591,16,7,3.0922509128603082,9.8214124830176175,30.245770531290106,0.54250131967551085,0.99961971610220779,2723.0970347197244,2687.3406080447103
377.14293084119583,136846.62689418983,0.45684009472071507,20,3,3.8309060101715877,11.829778908901744,29.44457525051412,0.76364883608885226,0.99999370366201845,2693.6681943066706,2656.1842462393861
354.55099948437464,107578.23483940754,0.3903131824644499,17,12,2.0564491022722562,9.3797869848873408,33.000721463123675,0.54179835969296242,0.99116826029186267,2352.3349266841333,2432.998913181551
374.48211171672779,102635.68719337438,0.45526603643419189,21,2,1.942173269992775,11.152523078208567,20.080862235187489,0.70751541016263164,0.74667747417391639,838.46178425409016,178.19605883848931
367.1756430177324,125032.2051589367,0.56272626640420698,20,19,3.9624400248370475,12.844785279231512,25.517917230361103,0.94321627132711916,0.81269811577308559,1928.8505776057782,1923.3180084274159
375.00155487844324,180683.02380197827,0.51399527650015819,21,17,3.7366394816315607,14.553510638274492,30.254661264535812,0.95978273424474858,0.9669091880467573,2273.3586898891767,2243.1621035127641
354.87481291843801,122060.4428644399,0.38101498860403971,18,8,2.7508974193001929,10.909511161081266,22.266996886349283,0.74612858359730216,0.99908774739153194,1352.1150928433769,1412.5170805189346
362.64925187797252,143822.02173763548,0.67317216540269498,15,3,2.1746505061027053,8.0188487386144001,20.189618366763284,0.97005163259016669,0.77741240926829225,1178.5848637758054,1178.1935543343632
377.25166036050842,101680.71041272325,0.5575446342934286,15,6,3.3441470552037842,12.938784610098129,24.874077159985468,0.98574601592279376,0.83744567936952785,1576.3487369832478,757.36242814160676
350.15324179225752,157248.43539938336,0.33423024037664922,15,10,3.3079122103477108,8.8615846612619169,34.84549044525739,0.44683308478952916,0.9959429962051517,3680.6811617757221,3798.8645021417487
369.23214943820244,107372.55030596227,0.63073821922767515,18,13,2.797659109372642,13.460325181411266,20.82360900482098,0.99974724487839617,0.57112175320531577,847.60829504458343,223.1762882563246
375.57416236714653,171783.85117217695,0.40682324340021697,16,6,2.8659050684007372,14.297069791830179,32.629619962817344,0.72358954508285023,0.9993513120904095,2256.9306319896164,2231.4541166780059
359.53461849986326,167891.42260992067,0.69742583307348771,16,14,3.120589213690141,12.764388808699504,32.220473114729614,0.99974555965922596,0.76341244893386917,2430.0921773533864,2441.6316053660903
367.82559501179753,134548.19490436401,0.65490851143529094,20,16,3.4294238162515329,14.068531398753418,32.859691108132104,0.99998948197126769,0.80605672450809451,2522.8177671897897,2500.7337744846468
369.46259594556528,137309.98617892063,0.47471163822116558,18,7,2.2929512185198027,10.448395981937832,23.457412001412553,0.8552453363872029,0.99907433825827363,1335.697855491853,1335.9502264062016
357.50002512803769,165994.92393669684,0.6343563826150368,15,8,3.7293910757616278,13.370610746370447,27.454862036912171,0.99920148131073261,0.74996131124099741,2019.28843644586,2044.6428701993368
366.33617688434953,151610.99608727975,0.513453988274988,20,10,3.9313968162089878,8.548920522693507,24.163519135636054,0.79443311864694399,0.99973966131640601,2425.6549449494801,2430.8293018461281
375.55176783336407,127010.88532365454,0.53239117426046068,19,5,3.3665845195968096,10.792603903049883,29.176939221253591,0.84490947225824065,0.9999436315740724,2507.5634000474961,1994.9423872514551
359.0626530377719,193232.36592060083,0.57667242593554424,19,16,2.5684953491118869,9.8782672665716458,27.875384766126697,0.8565356855632198,0.93325127114591511,2002.0187340907137,2030.1680834402034
354.06164009954858,177465.4875686788,0.62003544032016555,15,13,1.5751115080644895,14.105811815209133,34.699454179911157,0.89209972139896987,0.77711169817242187,1642.5494620039565,1692.4552769385134
374.45065330418322,120107.41499356419,0.69254535556572727,17,12,3.3995588004055399,8.6573510157053128,20.497042745254955,0.99988992877539462,0.72778074034981644,1578.8612065345851,910.03584502651711
379.55493016205492,173876.4248561096,0.68823247637858875,20,8,3.0995709333190407,14.699046458763092,31.432647690899969,0.99907495565464166,0.66563637722423896,2079.6920858589574,1957.8235679347149
369.98183319414119,128027.15436533692,0.3439047576806375,20,17,3.1340985749056247,10.751712463468646,34.959949500642225,0.48698280519823112,0.97824501957061338,3278.8812238162182,3285.8600864098671
364.75395753103027,117633.53336440447,0.42367905321112476,20,3,2.1625102802726954,13.06652205748275,23.58745216148554,0.90452282033886289,0.9635071390411889,1028.1728139996403,1052.2901537115144
366.0150937164459,103118.86589786029,0.3841505031957681,16,13,1.686918740018466,12.028581924473208,25.915307743328302,0.65748574791086889,0.93140818180662477,1199.1292423362961,1218.4198190120333
356.18280106859879,200048.13344582336,0.59796817664943402,19,8,2.535297983685104,14.420187364084732,28.171477540566809,0.99768386126900255,0.78319897512257342,1474.251924074842,1511.3879083117338
372.87872602017069,137919.93409571363,0.64785685894370859,15,11,3.6871454581767997,9.2776362063277684,29.054534701306622,0.93913477296696879,0.97308670664675967,2845.3683243971641,2624.9683050369676
372.98139003977712,111385.28725819368,0.63413296363949756,16,5,2.8586512566502909,11.422543823909269,26.386266189562747,0.98133893867095601,0.82070289781423267,1757.0960585416676,901.66862703412153
375.24370440376629,127867.33769479637,0.32763132229982778,18,17,1.5743449465128025,15.099939353453898,22.088109719042251,0.61540460977252931,0.80554827453116817,581.23941610391807,567.35487867409415
360.96895203021774,189135.08941457001,0.51199409649061378,19,3,2.4556494723154771,16.643818989826283,21.430432134880885,0.92476864075311027,0.60671602575863059,509.15937640051499,524.44002843348744
375.65710683707476,151955.86451460849,0.41503624152688751,19,5,1.6709407059313297,11.325307131049366,20.702987034261685,0.90061315879533865,0.98704649545187229,774.56723834043453,760.98570167635148
355.99328075837963,146176.42396354279,0.48709595099353664,16,3,1.9747588914949876,9.7063865104268245,33.634319897093491,0.68465451708897862,0.99991912116135429,2279.2303009205284,2340.2234452753305
351.08109345443597,153093.93195366662,0.50010078116337175,18,10,3.8840319288913308,9.5072709141281759,25.020332231091025,0.80586368290158061,0.99879884701108101,2382.3035526920398,2448.8945929737843
350.89892401165747,121921.98805134228,0.34037663227442805,21,19,3.5273457424473849,9.7744627591280562,23.573008868160194,0.54734301413661579,0.95179502871561195,2034.2470250243184,2112.448611292858
371.99283291416839,193644.01249815285,0.64603529316287889,19,5,2.3139918151058527,16.647865651616765,24.204681391366609,0.98499038679706319,0.50782328237751739,761.50775961218562,723.49404035950351
360.69323841039244,112001.5784858304,0.39642900285386895,20,14,2.6186028265069563,10.952782890816119,29.098981312901707,0.63245529665196298,0.99461277780899893,2117.0717796612516,2162.5003846571412
366.46018777922268,160125.98711374123,0.4043894814874307,16,12,2.3471594482844971,13.491642696050295,20.101479171978532,0.97810835213646952,0.87668445940706152,673.72576381075942,688.49874385626435
355.37777657541807,191831.08459685318,0.4535318690571617,19,2,3.2044279106009106,13.376315797180549,20.675060473969236,0.89657640892169632,0.78816854990878893,949.69081690504811,992.08677974667171
358.71494482330741,190292.09570958588,0.46851487211584181,15,14,3.9883822778061573,16.822317308080528,33.327712149695827,0.79876418348356937,0.85553107187784561,2591.8491311449407,2641.1120408872166
350.36331519306793,126317.4314208821,0.30520342117920674,15,11,3.9690920458570704,15.878347597390576,31.459001388621516,0.60203009697220089,0.98605745424257141,2505.4853260933264,2622.6217968771221
374.861543823011,115868.7880948993,0.68318243745993001,18,2,2.932720906230879,16.898478310716094,30.556188226864293,0.91836308858075277,0.50689578315356376,1655.4049284532553,650.0881904455066
366.67893029835489,122935.87975592312,0.68969650167703156,20,2,3.9170831110404105,10.149632685335181,27.75283125624658,0.97130683666704098,0.79871070563060875,2639.568077172612,2609.933370540431
354.24926311446319,102477.43779767409,0.30077943457277156,18,15,3.5005742679686476,16.815967480483451,23.737084763719274,0.8618801484841988,0.93016753225309923,970.09372486126381,1047.0367403230846
350.97753988738521,182808.20234386326,0.44150761391801802,15,13,3.2029602831949608,8.8969412208674203,21.783274346316826,0.69582352731468555,0.92683348503499585,1731.5896209887946,1792.6358828905666
358.63120008888245,103529.64889574876,0.41530744302799338,15,6,1.7402805167077018,8.528923404111957,29.940213955347527,0.58043226617990029,0.99922613117381764,1903.5555056277494,1954.5143165796705
378.79898060838644,171921.48776989424,0.41627716692494093,21,12,3.7983666829407992,12.12900762725063,29.85562234539335,0.70072824418380442,0.99944802247690478,2717.5772185973369,2676.0345841393555
354.96628895677452,176744.56366356101,0.35367426394705703,21,4,2.2565690048667149,10.941865534122039,34.276532160514748,0.51952226527465706,0.99999767675690376,2481.7326714885817,2570.2088916805487
361.41725379104133,180756.99495322211,0.46752979145003315,19,12,2.6492419735102022,10.575153195703008,22.963789690476279,0.86056918497411761,0.99296273823927994,1408.3033949147809,1438.5187483173424
379.30822399791248,196943.78417912021,0.59560675983522393,17,14,2.2218942603012053,10.885436786537728,32.212912549489602,0.85937666585515837,0.92123057789980201,2140.9818316099709,2068.2891507989507
353.42070379260963,155197.40917964643,0.40611005527171151,18,3,2.8597837495616565,9.0124923432327311,31.906724590995221,0.56597615220672082,0.99999284678056577,2871.6282773891103,2952.6130355282803
378.92921044188978,117819.42097821945,0.69295391658924232,18,2,2.5070670743886074,11.201340321651353,21.126383235683377,0.91077151718934879,0.50004548910778712,1074.3375777899946,369.46927610147702
378.08783547181537,136758.96751190934,0.56749190082191103,15,2,3.5409938766109574,9.1292593396446939,30.32646350530743,0.81182789904818076,0.9998014531572863,3023.5994353522551,2332.9334845976091
367.4145849463132,115675.09866846277,0.36856022370229174,21,4,1.6422752975112642,16.670775692056296,21.654755322544254,0.84779082277641982,0.77471280272041432,411.14794874801862,422.09432085323635
359.97155606521829,159508.4590785093,0.44809794889966237,20,12,2.4081561085394689,13.688131052694811,20.115665882232442,0.99902146706082307,0.81059720097329568,664.11028302816737,693.38545074022977
375.60989739197765,147042.65060615828,0.4020512415801103,19,17,2.1028797622542887,14.127158788821269,32.631142683539608,0.63804052255250621,0.90705020954902205,1849.8301971743549,1818.5182390900895
375.97739130761352,140160.58558259939,0.56369753553033686,20,2,3.5510133128746006,13.097366024254526,22.713122840390131,0.92969115939600189,0.70502661999074312,1345.769175785136,1169.2379160230594
354.62109764705463,148445.32252885291,0.63093533704007754,16,4,3.7501407685992962,14.8980664454331,26.824625749871892,0.98786207258319692,0.65479966293427938,1721.6332433237269,1755.5989377722101
371.2670419533444,167027.02647500305,0.66970079591999176,18,12,2.9239388219995606,14.94826492740459,31.233269301638131,0.99989779903513687,0.69002290154436696,1936.8844514960181,1893.8094014799153
369.54701800028187,112426.6462955141,0.61378219990509031,18,5,1.6669211966409758,9.4339411537353612,20.765554491859188,0.94600323544426068,0.78526693010008108,926.35590273230605,479.7392384756605
352.30284194913361,192583.39671311335,0.41782475642143968,17,11,2.3613087078186101,10.504597915146778,27.651439689794294,0.66962613708812369,0.99319157455850604,1849.2961246932359,1926.2169262188522
364.53282885827258,126356.21470626461,0.52427175088978295,21,3,1.7836606901214274,14.322874431946722,30.00512656322919,0.92696448703036705,0.91660414828740922,1343.1850510348556,1358.1371884521452
372.09342287866093,137196.30560624623,0.50621535829787545,17,4,2.2189128293165687,10.129967337171998,20.925730696786534,0.95716661828287086,0.97438510830325564,1062.8218487596555,1052.7103016683425
355.66554747420622,166591.18404283913,0.67900750976953383,17,4,2.9019722262565693,10.188909385160501,28.006508647721034,0.98878313836496534,0.86269785897360507,2112.3558114425946,2143.2208361780413
377.2127083302907,183927.74599815323,0.56435053780281474,19,5,2.2934975828883073,9.3439656202718453,33.488645025104589,0.78274241489202268,0.99996696158519083,2509.6852847993914,2449.2623880689121
351.14613495518273,167074.8208847749,0.47786066551642831,16,8,3.056971504416381,9.7872775302125508,28.447503410995708,0.72781745575613643,0.99870008363582252,2409.3231697622691,2485.3845947977502
354.26886867982284,109738.57634241949,0.57830893490080515,18,12,3.0712335512109878,14.12093867098444,30.869289107727486,0.99975989805396803,0.92164306098358151,2066.8301388578202,2125.3198499325758
364.03306891271058,163145.59421851032,0.52672246223684516,20,15,1.8293731395094066,11.370798877702001,29.009287731726324,0.84554495493118698,0.96788848653419224,1558.7124019982875,1574.2232033372811
364.76569448820578,163945.50955857837,0.47144920079905966,16,15,1.9090768045760895,8.5959260495714496,31.057464246569417,0.58944818374328178,0.83688629005117088,2117.7190476677038,2127.4184100627626
355.59276209762913,133826.98240621117,0.51660655160574542,19,12,3.8887653344790136,9.5576657471366531,31.960009716765494,0.73629169108472015,0.9982958541028133,3481.1830748431034,3537.8922422798128
369.34935753517289,134401.65769309027,0.4548159687006299,15,9,3.6935150586795129,13.414613091121712,29.513430688510851,0.8281436058979349,0.99321422888763367,2367.016334984211,2369.7043867610805
361.13983734881498,140192.1118229556,0.63050023446093939,18,13,2.6997316274771301,14.517968050320153,27.54838286493364,0.99989655847934411,0.701046279052286,1461.2422932977342,1470.6148678631964
370.64840030893146,169421.33649042656,0.50858878588449308,15,7,2.4378022389414111,11.791604725512958,25.398458661666819,0.94178087327577931,0.99125172863121058,1435.0990104557559,1428.5936443995811
371.87682301005668,163349.03961406864,0.48494296881128551,19,5,1.6857022417906526,11.996286594969355,27.714227071557765,0.85473665354368134,0.99954494880683731,1316.3482745579793,1304.4274294827619
352.62933784470397,161451.15949971872,0.66520233808967077,21,3,3.9085699699214831,16.750919669181073,29.726383377505179,0.98011594392475698,0.57873440300730417,1938.6979068479704,1978.8159726516888
377.26009627653758,156132.92447377951,0.60098633619356878,15,13,2.4932239351669438,15.485333504493038,27.27326595304686,0.99914558324552294,0.70211681258390168,1248.3280714696605,1192.3928943355659
357.0617230058283,166654.48523764109,0.34818218722202915,16,11,2.0324756893651292,14.856718330370132,22.829211489008372,0.86570618638367669,0.92953408684975491,752.42633294419375,810.36841640452178
372.9556670475917,132903.26205843547,0.43171970847248392,20,11,1.5689966653503928,12.726078978279643,22.310562927180698,0.93017304305641457,0.9436834369810535,757.13072439524194,749.35833434243682
374.59429330675596,176172.40202147365,0.60519714376261935,16,15,3.8686382917106643,10.499771242601225,27.641675154325402,0.87234733542168419,0.83091270520910976,2594.3202923081626,2549.5513431787358
362.29275744214783,102357.95946865571,0.30250494351646473,18,13,1.5930630968983268,12.918598653370793,34.667238206138009,0.47548164421641292,0.98870300309405856,1849.6653461287256,1909.1240996804922
361.82611310805942,114359.20312796606,0.37907333627082718,19,6,1.8602187237443335,13.566574297222576,33.779685397934955,0.63340959047217715,0.99986619328139414,1863.7590710008801,1914.2614834832621
358.65651211182427,140401.49478226234,0.3998939127023769,16,5,3.761228978818389,9.8103218299626942,23.944945380052062,0.67733741803482272,0.99984286522307397,2157.0849383760337,2203.1246127331806
363.78147222912941,195074.03914249153,0.35939373416034209,20,3,2.6470701513332644,8.3974830106247609,27.210745010830344,0.51982072000171919,0.99999801605513139,2240.7230429836914,2271.79926249542
371.50316604186463,147826.7530790735,0.44025953713760685,18,8,3.9159236630157519,13.646107037371539,27.468353640073143,0.8742487784458004,0.99932450230746384,2111.4985349518911,2108.3626777164768
367.58300061115671,112194.45351514993,0.34578793369478295,21,18,2.9912278636178131,15.473447010221168,30.211385128047031,0.66493717914998896,0.95820974848720497,1888.550333992335,1911.1772657659062
362.38974158832792,189156.64343635057,0.45917351323470479,21,3,3.2777490645935368,16.520478668174931,30.299048899197508,0.94959967227143938,0.94988521115079283,1805.4400663828353,1842.7540453676211
351.95927136525944,137259.74700269912,0.59701100737164303,21,5,3.246613495987039,13.202047791404672,29.241523528954257,0.99224065602915845,0.88321309877225196,2067.9737818384247,2128.8869222584899
360.43869581206638,155705.25029508001,0.44760239395791157,21,20,1.5424835939837234,15.477610818370529,23.789564574549239,0.76607777403699118,0.72343651380054097,668.70711602323979,696.06943131694334
365.26953738921765,183873.82287515735,0.40866949893037607,19,18,2.468375820351862,12.942139861433365,22.04966634885858,0.72694706593024416,0.81528920767829149,1005.4445544775402,1019.8204662344056
365.8090266196798,194349.28744518402,0.65325872402765106,19,2,3.8044659801930965,10.418303970306788,22.626866184620589,0.96263400364720486,0.70926672305960092,1791.9331833228246,1780.9275970746526
353.77544160655486,103571.75191555345,0.39207109096587528,20,5,3.8454785022312521,12.852499627362238,24.181558550976476,0.83683767449201718,0.99995054350933543,1717.1043280130943,1787.7565200570148
356.06214076333777,192111.68095697748,0.55482699914712474,15,8,3.81096205790766,16.960716445383017,26.714355563029812,0.9987439272990315,0.70045685685374381,1422.6595480668072,1460.7323153401408
377.09314582587831,118302.88563873818,0.57788868556743889,19,4,1.5448872929516033,12.876377768645705,27.718209870340402,0.84762502720325117,0.73302268473700849,1179.2661216593629,262.08667277993567
351.91075857513619,179952.61330133909,0.34214966915207123,21,16,2.1566733806266014,15.707374643445188,26.139505982110048,0.79716773374927186,0.96007106809790432,1036.9050188554793,1125.4061953624305
378.47210287417386,141083.57399647252,0.33349011569440212,20,8,3.7279069033208803,9.5447193929337519,29.811272459901531,0.49053741148592139,0.99997179445091888,3138.2235470425303,3104.8160245488561
353.01048633479536,105035.24171461748,0.33533167028942379,21,14,3.5529313557356432,16.404473165443854,29.323874825392323,0.75537915906269948,0.99547614692738273,1864.3263464970216,1960.6325080323008
357.25812094435008,171493.95748865308,0.40296707916205454,19,17,1.9313080769143105,11.903510973544098,32.330457530077759,0.58821042700377579,0.91491688890300948,1940.8908668284027,2003.4687337404171
374.18338282414868,199254.49571308398,0.35975565857416436,18,15,2.7584442181171744,9.7847233001746812,34.251322608525548,0.49385824128872791,0.97556549817683724,3010.7706801774443,2990.6765196311148
378.67655478417248,134371.94179952086,0.43349556343662343,17,10,2.4979100184136738,9.0040018602116039,26.158439738614689,0.6593546359809852,0.9968099865751523,1927.929718856645,1718.983733767848
351.87140493220249,102872.88145908837,0.4264469484015897,17,9,3.9543221121119125,15.36566369065487,29.535770935321121,0.88622395711652557,0.99755095118933068,2176.7915673543748,2267.4571945386811
376.85233140905962,104606.84755332928,0.67926517479385484,18,12,3.6140469654967142,13.504984733127516,20.830924847620039,0.99987693400428834,0.49465412063244851,1024.5681400549422,334.21655355024859
372.1059116956759,185081.39355138392,0.4987547046880958,20,15,2.8198268767647261,10.495208749548629,24.731334613667027,0.8526053692385499,0.98125204407806532,1696.3504375552741,1682.2889050128765
363.8005944685687,191907.87910498262,0.45582506314799731,16,4,2.1774922002906254,16.456939484550588,28.804067913945332,0.9426299859748446,0.90939016069106193,1203.4291458656999,1230.7054267956221
351.0744916934122,163082.23754701091,0.53132323984428764,21,2,1.7904766390311888,16.682487448566356,30.308779973710784,0.89397387349450308,0.76483720597550731,1177.3176459253705,1247.1291897135839
371.10886646273957,144412.72648602995,0.41719079113459406,15,4,2.3292125349550257,9.2958236954160149,21.339481860978754,0.73866793424919031,0.99930766307255803,1274.0342548594558,1272.1051094352272
371.24086644379463,167431.87235669084,0.65960982081077202,19,7,2.3508854554178589,11.233524292912579,30.22334172606158,0.99663669944468569,0.91010164833008111,1930.1056145588716,1896.6202940813341
366.47081013295838,146961.3094877929,0.4506317973714159,20,12,2.2784315021138628,9.5877355961383941,31.54292457401656,0.64680726513092801,0.99859529532615088,2316.4285282338765,2327.0543446175948
364.0110124617587,173830.77789784072,0.54601559867729221,15,13,1.5127916348203045,16.97997274467534,34.79723643374966,0.85835267329753595,0.78172479065153921,1395.2028673215207,1403.7378781986693
374.77524710160924,170856.78916874406,0.6601578856126209,17,2,1.687871994256448,13.553856022875223,25.513371945039076,0.92808141107086395,0.57624971784421342,988.86735016474279,937.24658289126091
351.04145978868075,193191.03460472979,0.56111161270609355,19,14,3.5907655067058588,11.437797548201772,22.187399929185585,0.99996335225121269,0.85136839684213395,1495.7707551620613,1548.0695665564101
371.16817438614936,150039.99036851717,0.62040238769141443,17,4,2.2870707395558263,9.3374404584511375,25.001931194531235,0.97803603246021731,0.97961252903623863,1568.007057980883,1546.7268614327656
350.94172426002183,143336.7985241639,0.33477782705785292,18,9,1.8886833141908748,10.735287045974884,26.992559913209433,0.55514049112959252,0.99893347782912667,1527.9415902152336,1619.730705578927
360.85680434029865,111121.94550737928,0.49293819327745814,17,5,3.376502476888632,8.8582952028318758,21.45295059554649,0.8395238646732025,0.99981674891627503,1723.3733727832007,1750.2016060448593
350.86428451119656,102564.61700634735,0.45466251907019367,18,16,3.0008757251012339,12.648666274033797,34.18603109550012,0.67835471157254346,0.92622937784081605,2761.5406697638946,2854.7280596009014
371.92090489222244,108849.44316754803,0.62977553030092981,17,16,2.3333691395633087,11.487366856512784,26.970869093924236,0.89558581303374796,0.72847551121831255,1597.5725447732173,721.87786721441557
358.98632983730937,143273.07693085101,0.45433084371906279,16,7,1.9475797290002212,12.114276085184084,25.416494309742234,0.86314324284663291,0.99455734255822692,1220.8471057106638,1265.9863116840629
374.82135662914317,130689.77556377307,0.56501135006277414,16,2,3.8157572054548297,15.914391421321962,27.32938155239885,0.92583318148942806,0.69379803642471205,1691.7902366278211,1293.0694278664207
355.27025683679631,125584.12752717272,0.66702248782693518,15,11,2.6704891663008166,14.116860299800457,26.92237705671339,0.99966002138326859,0.63471554006508679,1424.7448745342801,1451.9246478951036
379.67254686304955,173588.70552768919,0.68361957607475077,15,5,2.1507443626387559,12.039462374939333,26.740123519674,0.98815701842871728,0.68823153202391651,1407.4779866940314,1294.0419658605192
354.25296674196284,136220.8025618027,0.37624369123477658,16,4,3.3182485182947703,10.387486952096916,22.839596125907075,0.6899714109547691,0.99983847876769538,1720.537744681918,1783.9107708609622
353.0568635899233,170082.64888207579,0.60938299147811859,19,6,1.5903580084293418,13.294229738807879,25.920979882041451,0.98100523312189436,0.74357933355173356,995.4103619673291,1038.9281772721024
351.09017286775639,113282.45104733948,0.37710654094289359,20,14,3.4495832905605979,12.409327852613911,33.249724533178252,0.599612895675951,0.99657393578534703,3001.7867214873954,3106.5114208141008
361.95353152349293,197660.92134335299,0.68725296330646901,15,12,3.1676639858242113,13.961659016268635,21.639621382867741,0.99989544611441139,0.48467893136680501,969.91218318377787,965.83595294775341
354.31666786852605,202035.77211339437,0.30312381010474193,18,16,2.6012774910496601,13.485622079264662,27.835598061948829,0.53065599647725348,0.93899137734957328,1685.7832078133399,1768.9987536965091
378.58732049107425,113409.28049065772,0.42520212730653678,18,8,2.9391201655810946,12.658166119774414,30.27345116578902,0.72968997861184337,0.9985244927952186,2207.729202493279,1207.2935922689521
366.34721677183512,178579.87673611275,0.57652230288683848,15,3,1.8508863341051867,14.845896645738694,31.07907512548104,0.94264272823007234,0.82379652668018577,1419.555115743068,1415.2358830484613
377.27669152293663,124227.4761842174,0.68754488222683385,17,11,1.5248443345255269,10.505590281674447,25.665172994593242,0.97088638840044339,0.72130488407116033,1167.3288856607865,320.91585635339521
362.98764173379521,133451.54818908748,0.33537245006575517,15,10,3.2444621916481431,13.480230082067767,24.793952679556774,0.71776637123542109,0.98556163926241414,1530.5154704959862,1571.2329152579766
361.75472013588285,154258.16561759613,0.69131951978355,20,17,1.7019620051364392,11.120567202035602,23.192954611656234,0.99981948663174636,0.64358929303197521,988.72032025459509,987.53145061901637
356.5088515099086,149330.94278510124,0.55120400113358037,18,9,2.9548052808525065,13.116446503737217,23.127508552112854,0.99888059212747959,0.79048007910182605,1200.3138664987071,1234.8523719729308
365.59197533218747,195698.94198512641,0.54081925703151423,20,19,2.3727491915859664,8.8668225309489408,29.6428084229691,0.69557951322084133,0.82182755655883988,2240.3791503006437,2237.6923897874772
353.78834018167964,133572.98952455711,0.34202652864786476,19,16,2.8381981379146213,8.92599503019545,27.937888880482824,0.49130131399130617,0.97591987831041782,2389.7653729595222,2468.3176670155917
374.42911226341926,186489.19525891461,0.46969081170252713,18,17,1.9619199802700522,8.1550771180680375,34.562123188566005,0.56768111973416946,0.84761222275056558,2541.2556453430066,2498.3988355072215
361.83288837455348,194450.44556238528,0.4760835286943631,19,9,2.1826495129320849,15.815107551946355,29.280904219004281,0.99331447140749807,0.9643528806629782,1300.8666239262841,1339.0954527873294
363.44042603308822,103635.73691532644,0.45843976872260983,15,2,3.1098494647349462,10.272613920243277,29.966313358517976,0.69751642523878599,0.99989334299080757,2587.091543949799,2612.4724728933465
378.11020141238356,189210.20957658216,0.65751863158273127,16,8,2.7095585136462743,9.7663655476739475,21.608350784267927,0.99849592154470335,0.75592609768795327,1331.9028914519135,1281.3173089990084
367.91591764325551,183567.61567727971,0.65820218288771282,18,3,1.8545701118610971,14.001382345412106,29.490877466106731,0.95956543006477646,0.67518893240718436,1351.646064171912,1326.2750540188708
357.31698053571722,111194.17659548065,0.62793716098272112,16,2,2.0865935123020751,15.917995562058405,22.341965037119557,0.91965715856228514,0.48979119714852742,610.95391952328498,626.92938233057669
376.10429957912504,173302.27659304353,0.42946874600301282,18,5,2.7725444613940602,12.488283341955526,22.19387177909439,0.96766564611919237,0.98883520919172918,1117.4243203968279,1101.2826608399084
373.56213416736205,101343.48115845909,0.42551144621734416,15,9,1.6086757415332873,16.274922717308591,24.818043401985449,0.74504089844103505,0.74221768651554554,707.46451907187645,-63.673399901037783
366.95893145536957,165642.95894855764,0.53960838252995547,19,10,3.0784842291463406,8.6957430720365334,20.956124325180951,0.92125368617846792,0.99848983976947214,1540.2627559183375,1543.502202366622
355.07825890350074,123387.36910485844,0.58392874202768419,20,7,3.3771551945000677,11.197075046729331,22.989287095204595,0.99780966530085702,0.85192097582030635,1565.2282761635279,1602.9964448578903
375.12344871045718,187093.16112633597,0.52891117501195728,17,16,3.5096115997272754,13.076754795495306,23.48619262951016,0.93447365781320546,0.7939392111929926,1442.2438453286297,1410.2319359616674
352.7780776005369,117541.68827042752,0.51515788622428249,20,5,2.0976103136460034,11.595342313231594,23.747266419672997,0.97395997208628904,0.96565698089895335,1147.2693108944704,1206.3136736390718
370.51085223353044,118208.99707666683,0.52218966966956992,17,14,2.7832285739706029,16.325863511855651,30.589934990089354,0.9936464531753908,0.88971173803441195,1637.8980286573362,1529.7508372502232
360.71371734653309,187810.90339138955,0.52049326390802231,21,15,2.8809618547070439,10.180212581387355,22.178998637767041,0.95019372739424846,0.98593451630308204,1426.2271057058101,1453.7980918145436
372.69533642303912,190049.21044959821,0.50708880586966654,16,5,2.5361262476856945,8.6204212425511422,25.571404967483321,0.76482102324975165,0.99970666308927114,1897.063487559165,1876.4763516203018
361.91886131468175,141786.56863239084,0.58402616649724526,16,5,1.5706782345170365,8.0327114946119078,21.137178774840283,0.93937697252550278,0.99561316512691334,1033.9939397573187,1049.3992946629983
365.05985368291374,129837.89513379105,0.67970747218447458,21,17,1.8524709077299593,8.0920077869324043,31.108636888185814,0.90000919058676754,0.94699382030195356,2030.5380266735608,2019.5123875361012
368.57577303686446,111091.84706562154,0.442625938642006,19,18,3.345327174320659,12.723443307749667,20.774778150159296,0.85063953750874899,0.81558975249338506,1091.7404712579437,1092.5764676870367
359.64912970565217,153521.84115084441,0.63618698689331621,15,10,2.0830074836141463,12.270081744121891,20.204493272993478,0.99859121617974878,0.59815985678248151,741.66192355722922,750.59023130745095
373.1478641075538,155273.27996148035,0.3151445913351193,18,4,2.8216522439468275,12.866650673743639,32.498080473364368,0.52167897623367354,0.99997684538152898,2449.6307593208271,2446.8972116553737
353.56083596109914,139419.99018539477,0.40346941583274676,21,12,2.0543665221450849,10.758260925235348,26.531199088851547,0.67768914223704069,0.99856978128022222,1544.1048613734522,1615.6482624473317
375.16358804220965,125921.96423771816,0.6076518722018468,21,10,2.9863281667855697,9.1845149081146875,23.293843612707612,0.99857622161032711,0.99300659908173439,1705.2879454939898,1041.8207989964264
376.09454134227917,105583.1325770126,0.60693062359013772,16,5,2.7506307703492374,14.967433951846992,26.609791053279672,0.96735732274245778,0.67342517591788886,1332.7054706606239,455.38043401324609
360.24215854130318,107037.5465059898,0.58295863385096125,19,18,3.9894636749361161,16.295656880513604,33.47620031444179,0.95554614120613679,0.80984073804744994,2622.5998925176095,2648.4333416448712
357.03238017218297,187908.87220803095,0.69016840804829338,15,14,1.9838295576071814,12.330549733279994,26.456713230799284,0.97046997487816467,0.63093221405971234,1285.6060137548018,1302.2344813896298
357.13392660004268,134294.00699158828,0.38536791970992207,19,5,2.5495480425742989,16.122317405285926,26.053469851996503,0.95700776594379389,0.96674550434835427,1078.1635506233613,1142.7913724192199
378.50717120233793,197100.83205635316,0.53318777920441751,21,13,2.3888564734500939,9.68132132879194,20.375328807921768,0.99892462661221793,0.98135487751716255,1098.7000021361282,1066.4970269438227
374.05164969090447,133323.07474991717,0.55026848824775554,19,3,1.543326200849839,13.849927049677319,23.575406735497715,0.90758666795646714,0.70064156335417149,763.90705691555752,649.69512367552204
370.41417492085799,168914.94617247343,0.58473160525060486,19,14,2.480207787558999,10.13793401123813,22.773168731468342,0.99951468265355181,0.93230279093711466,1332.9637490260457,1319.1668609255221
358.85316839916311,128175.8862987054,0.36125934730566073,20,18,1.7989693104657203,10.323505514070627,20.228971894459786,0.62793524636352482,0.89461729543021018,894.38767185449422,933.87161414892148
369.44629232587585,112960.48728024458,0.50336274556040883,15,2,3.4058296296838653,10.24140554263974,32.984281822093429,0.72999154898822072,0.99990129779811121,3187.9473368316826,3079.389705718987
376.71639559170063,155916.57138364282,0.42015388447904051,19,11,1.6272333800706082,11.272409519138005,33.265863392926221,0.63416325588652511,0.99739550015699396,1862.5494171036057,1823.9637658392749
353.8694844564933,127829.81761960339,0.44909235567457928,21,17,1.9588496484532252,15.139975017252832,26.014591506216483,0.93156948370075365,0.89742883249952399,989.13937816960174,1054.2715235936175
375.95983420446976,168150.52584396006,0.51677585904354961,19,7,3.9247059349745386,9.9024454282556871,23.234042314048409,0.90053530936301762,0.99985455577705395,2030.3346814464192,2002.7748987025036
361.77261199660256,192664.65326524928,0.66882034868865903,19,11,3.9442633339208224,15.767209927906846,29.345436724643427,0.9999252110010588,0.6163165435902026,2034.8653083539675,2035.1349144457279
358.83391596574518,194909.949944994,0.37098799791642834,21,16,2.3688529639565479,9.5031876508855202,33.04204637654221,0.51784150471372825,0.99275915779674528,2590.2071991228531,2651.7590101444966
362.90385847810836,201545.1050910209,0.40915608368091722,21,18,3.1060262603662876,12.782052353790519,28.27471773698214,0.7119705112214626,0.95784494674135889,2029.1738501411962,2062.5867096673001
362.43070347983888,137758.18359096587,0.41585689871819853,17,9,2.7079772925837018,16.633001308838836,33.197518309656303,0.82916048131029485,0.99574320389625481,1923.7560113590325,1970.5480916626511
352.75041219405381,154046.8112535713,0.60159532749801659,16,5,3.6696762838057908,9.4218937397719795,26.310616843635504,0.9370039674472691,0.99953947741627369,2421.8010456437469,2475.0642488712433
352.85437609342597,183979.84896829241,0.5270741890800531,16,15,3.9766636931527546,10.468395859263556,27.69741651527929,0.76471708018311035,0.8639336984888828,2713.7187501888029,2770.3279278061887
377.87595725767125,180533.30093412916,0.30128707515725572,19,10,1.9296113715734231,11.602576957844931,30.398505277619002,0.48675442347755399,0.9991655853576924,1804.1180657185503,1778.9437724494173
359.25041269568743,128480.5993692301,0.48424146319074002,21,16,2.7237352877721355,14.909539657630743,20.882080117688552,0.99995883817574538,0.72234535151928003,674.10208717290175,700.63221587319151
357.12403528659326,161845.66861324504,0.35210197537148769,16,11,2.7564309558150968,11.635743880060382,26.223471800726127,0.62418230705042566,0.9890037253507864,1768.5653340553861,1831.047690962351
367.08860468642257,175952.20477721735,0.6481209161171011,15,14,3.8182028139292745,12.869154692078547,20.106692786836852,0.99992107347723125,0.5497303197150174,1056.9813975445479,1041.3107323780871
361.44672415729923,119348.51492100352,0.32779536593093628,21,16,3.3791383574999894,12.921573057118604,30.598531903668089,0.56227869093089566,0.99298225215218872,2516.5966714236097,2571.2291161613148
369.31545392295601,107544.53307292546,0.39249507708218651,16,10,1.5892203388448745,10.888316703037042,28.187354963194743,0.63270054009126397,0.98913513613107229,1444.0650072591559,1449.6783308084821
361.60581563499562,149654.25003672752,0.68826747376850528,17,3,1.5805489170790568,9.5397585674090113,21.48566307185947,0.96051604099557308,0.65264632469630879,942.17470032287667,941.40374579250829
365.50360314454122,102038.97709926816,0.32644219673184777,18,13,1.7623249775407177,14.45895353838706,30.884452528021974,0.596842770119826,0.98073399994721344,1469.2288897169628,1505.1506446859853
365.70188034879595,192227.69128651454,0.49810016368383858,20,16,3.6930934197528256,13.310475403187553,32.752670157997713,0.82390323704254154,0.97784736420736451,2860.3857168783607,2873.7717968424313
353.57783020825491,107509.73255182657,0.58698538239625531,16,7,2.5149994333418242,12.716878787062541,28.587994219752957,0.99540111754428573,0.92276322562510249,1692.5805078540559,1748.3756834172952
372.2077880508815,161241.57805529644,0.39806497788128054,20,17,3.585324617251517,8.3542222951353633,25.125315791370959,0.58391835643103562,0.97503692019166011,2493.9313983208162,2484.3652590920301
378.76894709901836,167154.34355197457,0.61496024780821068,15,13,1.5208014974824471,13.453123894285934,21.498176461496939,0.98976285624704274,0.60917277722551688,616.04170375949036,563.54348372401932
372.52972180425644,201465.07663425681,0.34061701424026414,21,17,3.8742977972383601,8.9333647596153263,32.428015279119379,0.46709111302372125,0.99200788950904861,3758.9146112757667,3751.8687270510804
369.83411122463372,110035.93702364607,0.35900799902972824,19,15,2.8544302809724726,8.4881718572053,23.26472794960473,0.55661506384295867,0.98499371365129984,1852.7732446543371,1857.8689835742207
371.22750422058044,116114.52433916232,0.56149044614845134,18,7,2.8729982824362033,10.865734104960101,31.371689791631276,0.85880900983750919,0.99960600170453673,2474.7580829796275,1968.2681811810428
361.50552422120961,150070.98102119647,0.3956389395006803,17,9,1.6664251468178157,13.19556220995335,26.383279575858396,0.78110982007859597,0.98959921448569543,1110.0734912631178,1152.4119875929277
371.00834703227429,153850.41298537268,0.55155290510422528,17,5,3.0736854092495136,13.017673600099364,23.976113165724609,0.98775171883168567,0.81563525809779924,1356.6425750272417,1339.0995063995006
351.38826749178503,146120.11540933663,0.57201446820498192,20,3,2.6520524564654968,15.143957039729672,25.850113044076185,0.95719206529680156,0.70029523296728013,1195.8188894013915,1248.4251862112133
378.8778212402006,159435.88736855119,0.53588355686777123,19,11,1.8407289560390927,13.493815814393951,27.441637553468645,0.9948813300687247,0.93860329908160023,1202.2687338461669,1154.836792234425
371.08199104321284,152827.75868569146,0.52910092984445745,19,16,2.085022069286798,15.563064940126177,34.792407614110232,0.87719770109602169,0.90096433174284818,1842.4626741201309,1820.4643668541958
360.36980933337929,109008.86953912747,0.52568271511163689,17,8,2.0927370388519813,9.0466742332664669,30.156636229197794,0.75051080143303528,0.99894080302927646,2070.8087010121571,2101.2798270318008
356.07264988822055,191595.17684312636,0.6748002577552572,17,3,3.2342182605442207,8.6003562922782066,20.028465043596675,0.98010995531865319,0.73089509696859412,1472.9247259006472,1491.437606713703
358.00795924650413,128728.83498598567,0.61411317430007262,17,14,2.8451346206409553,15.906988706070459,25.814874670517106,0.99992521783924992,0.62619502219714651,1154.7382365358305,1175.5408755069593
374.51576305620642,142237.12264985224,0.5975490352242947,20,12,2.2628482520139537,12.372237557965907,27.252152430721164,0.99957364531917592,0.88597317304004863,1471.7079033110058,1416.4191227681335
372.42196657762486,198114.55682461389,0.54296599646727517,15,6,2.6638255648162028,16.374669504089596,23.160005273111167,0.9881517948078099,0.64150966276880084,755.43673196229133,728.89415109972606
377.51705311875651,102745.81474269314,0.56195729053291676,21,9,3.32821155299,10.521345276357302,21.530329236583938,0.99806904677376984,0.89435327783936469,1444.8467090134613,737.35772705133138
372.31859314404363,191990.34565082414,0.67833219721636984,16,7,2.2020939985261117,14.586367295978762,32.082674913456515,0.99611799051987659,0.70285009446110969,1699.5332954351959,1649.254252837078
357.21101802906071,187361.62123270676,0.61714714395935355,19,11,2.891855972329398,10.097418083599964,32.320892676040948,0.8966258546827669,0.9980233637434196,2676.6503647342884,2715.5325548397814
351.11110534993054,116871.35012614029,0.5520729152193633,20,4,3.1758651874528878,9.0970026534805086,33.148561913123615,0.7608834945272227,0.99999548650456938,3180.6230991461885,3255.8058523125919
363.54142045729395,167290.43550460422,0.37170080795323823,16,9,2.96560661706248,13.990233591665621,33.464358590941117,0.63678490960552669,0.99729006262543474,2488.5111124579084,2530.8186057018565
365.77500283657338,148937.18854136992,0.53993674948299453,17,7,3.8321519741507486,16.210659140821388,29.817461037858138,0.99773106862285899,0.84441184948033665,1993.8589479688992,1999.5458059902824
377.06915020307486,104719.33654282516,0.66345057346627601,15,6,1.837826948479591,8.4530064780935668,23.771118578529506,0.96318779085366402,0.87971976255116291,1327.8636818421242,546.5658850941295
375.36536084281067,177697.11081205023,0.42316394447732275,20,14,3.4064842238482016,10.674549567977689,22.299161306523793,0.80466692828673447,0.99224577101404088,1610.9331275475952,1594.2646909174109
357.0447536122262,173441.66718255199,0.63671279781326307,17,11,1.597177123794725,16.824685884858333,32.742076757714187,0.9974568337793952,0.704574716296686,1253.7094690184567,1284.2470352351427
368.12190684988252,165230.97902735119,0.37505751617786359,16,11,2.0895408723734041,13.467073715898708,26.654575195745366,0.73157108440159702,0.97405340164690268,1295.9643280948842,1311.4754125008162
375.03042326541174,155158.64081616467,0.32896128597534008,20,16,3.4506312343729495,13.706721267604605,25.374118971162996,0.68957624574667176,0.97799277571989596,1661.6172235434249,1653.2293577038449
364.41955275561639,175609.12062447311,0.37034989683035913,21,16,3.1865638776371394,16.399771028054307,29.800371811981485,0.80077311391312145,0.98140984314890956,1765.4862043403743,1803.8130656429257
359.77593665585664,158692.97779979528,0.52640970747303661,19,6,2.2349279564199636,12.510279259768446,30.763098266442817,0.88704685970318531,0.99974137569126709,1830.5772029840821,1870.456901802675
361.87543438400394,152308.38158498629,0.5226299345866916,19,6,2.5453253174361272,15.625083823395,24.2576684107737,0.98740397662491064,0.73414754862705589,930.16104241704272,947.36403601091456
353.916926249227,184323.78913510547,0.52473999763277357,20,7,3.9496092187623071,16.504233030242954,34.719358267604541,0.99740656430471886,0.99726078829319309,2715.5307141231656,2792.9871835644058
352.95811096504707,186918.23195486073,0.61830044594141675,18,4,3.1631657921619087,11.507558837876916,29.597806780137034,0.9869084885997812,0.96119554236286098,2289.1572466478706,2346.0598035957369
379.21356805779669,183788.779957085,0.42447891580590302,17,15,3.0056981625760431,15.861367790404879,30.625876279899792,0.77667646526812351,0.9033877795118459,1868.3312688007734,1821.0369492122036
355.10976934210851,115813.45846340263,0.34910165789725023,15,6,3.2927327810970128,14.584451646489768,23.687736577500001,0.89942040502348375,0.99436231639696349,1208.7263287502949,1279.9224116912224
353.32634471260309,111527.31362064685,0.56601288952101614,21,8,3.640208354217175,16.290055224175589,28.690174511715384,0.9988636439782439,0.76354456142145244,1744.4335442173738,1798.2153089744152
358.14538034828166,169955.83324340894,0.32106103609104686,21,2,2.5744780265475367,14.781283218935263,33.363656103088829,0.57644755607696474,0.99999617641153304,2155.9546105368458,2234.5353142400254
377.4673452268575,125185.16872826999,0.41093583108553156,16,3,2.4833614655347516,10.848281648353804,21.39610536059649,0.83119557824361678,0.99765374274679397,1150.3925773941778,928.68325937431723
364.21667378744422,199455.34474938601,0.34487020357210973,16,12,3.4729355828322479,13.885044759522678,33.707848113806847,0.57691986042958721,0.98641152147053246,2877.7944999413144,2919.4879539052863
378.77537323185959,151475.33059595732,0.426084356644851,15,2,2.6760860341474193,14.237803160047532,33.089863556611753,0.74761049624869613,0.99962615481510431,2199.0976967331994,2153.4544067407369
374.85232998388926,149409.32650479773,0.49901874622843168,18,17,2.9083743192050022,12.061711323295587,34.657352522417135,0.68524684568591998,0.8498898251445195,2827.5877080629184,2781.2039187590176
363.15708777539294,175768.49724405282,0.47531474252131212,19,2,2.87867152043634,16.565647717953496,30.017157148785031,0.90584088363521242,0.87431413610968955,1611.8550596318976,1637.8589442007751
372.6855689334709,131542.76195962133,0.44476842614553636,20,11,1.7235008880403673,15.576514050786157,22.485933210817599,0.97782546198584508,0.79168314218225344,573.07334054385194,559.6822078837954
353.38559098632334,105479.53968168427,0.31087494880926869,16,12,2.1039738039007911,16.390095314060847,25.509604692905956,0.75811997727204705,0.93797357670030745,896.79843940294597,980.19639274409485
375.08288223963831,141995.94622241467,0.59930667518376057,18,17,3.0747483365446087,15.876185494444886,29.680880756187662,0.9907347523352581,0.74104594030544757,1708.3628469632636,1524.9394338838333
352.67842115084102,145336.97756787983,0.38929439765355911,15,7,1.5046542145189927,12.148828799645802,33.283209229525276,0.61143294119336999,0.99714152378592646,1711.0985173254951,1805.5309699458667
360.0245667600467,171635.02942916495,0.52845814063508278,18,10,1.5914266543007736,8.1527216259970903,27.845780286081499,0.74600005184087159,0.99701456507735331,1619.7834271173706,1648.6109124034047
371.88330736945073,159805.8490910028,0.37688681740199842,21,9,2.5337264443625354,9.4722206655667254,24.460040234022326,0.61500640230775949,0.99988692009839464,1711.2773148476851,1707.8614199919127
358.94245344918335,183352.66438324444,0.51746162222400072,16,14,2.57110066713118,13.089550951560284,26.317205447171446,0.88882517686424756,0.8578375868048288,1463.9852355402147,1497.6204068285404
371.81827223038687,190814.0209633928,0.42401960681385958,19,3,2.3377493704678098,10.482506322094476,23.361319370004964,0.7691057215154502,0.99993644119366665,1359.5662964386393,1354.7367479179302
377.65663810879767,148367.62295260347,0.4803549196498258,21,14,3.6235439157797384,9.7954851879889553,33.596687513725691,0.67737330833578757,0.9983718581506259,3527.2451276575034,3473.8686276088074
373.66967103854273,196015.50017831038,0.55277140873135289,20,8,2.3242601378433223,12.980227780761304,22.23320266708415,0.99550573434053602,0.76283818080435617,933.21757983888244,905.95242434282591
373.68686077891238,104288.88742210134,0.6849628798658165,15,5,2.4362930069854296,13.256949407058279,29.689680049738232,0.97941517872478523,0.68002641885937209,1719.0802488692909,749.99496557516841
364.8447976059349,149878.97880402076,0.36818699647581837,15,8,3.2586929447496589,13.112340483809049,31.199770395818526,0.63338244625544371,0.9976280974598285,2483.2015068209566,2516.702595507802
359.3024977946107,185216.95197312787,0.4526359481791512,15,9,3.6589597900878297,9.6509508849065515,28.925890614898361,0.6774710446018205,0.99640479953929706,2878.3106323838492,2921.5382856983833
371.18045989150204,142406.70578191034,0.55199935573060033,15,5,1.5674868026903459,12.321241811521929,33.603311567056608,0.86984644827604851,0.99698282243707581,1699.3142387824926,1677.5552337384661
356.99282737168147,117956.76901045664,0.51718196624659396,21,2,2.7620141258577418,13.155219646241154,24.620533181894821,0.9179238587671732,0.83205248172638391,1329.467125787648,1368.2298227961655
355.05863784780661,192500.39151247128,0.42128107108167112,15,8,2.5608310021052594,15.200215817041796,32.844197212841451,0.77907594477137088,0.99403500109696996,1983.9940880924748,2065.1629358760415
373.44358625620771,105373.03273992434,0.38912963666422118,16,4,3.8559839403009124,8.6875743263082459,22.944015154973144,0.62620592102066519,0.99991505774540723,2233.7659883583278,1853.7753940011028
361.47496819203019,178051.95945170481,0.38670421642700092,18,5,2.9837873401103017,14.886678874756992,30.755938521405188,0.74933003520396424,0.99985278159024571,2005.5802184559186,2056.0096649519655
371.05220437475117,160762.30799629487,0.48741714951853132,19,4,1.9148894085990682,14.790098141306592,28.870152753859365,0.94184799365113825,0.9452405656802243,1259.1119518490345,1250.6035804249382
370.86708095516872,164923.10852299765,0.42279582683977784,16,9,2.16653371472992,15.020012837355495,21.597570820468277,0.98654952960572495,0.82408244456596114,633.12495454344594,629.87954743269654
375.01597146559317,138777.23539672335,0.57448904267032119,15,11,3.0598612691806757,11.800791181899044,23.67790776387691,0.99912755546542842,0.85293570411173503,1461.8021100963415,1318.2999175194896
368.43241037641764,185513.33518557742,0.3576765309645219,17,16,3.3337574528295502,12.992394340330918,26.573014899281791,0.59310354124728371,0.88840935635049056,1906.6532135691352,1917.2072243047444
354.83283310778103,151304.55882435036,0.65298453361829023,16,13,3.2850604723627028,9.5498732163346709,33.562444633302491,0.89184765136384825,0.94766492425979976,3187.1665930358913,3231.0976926877056
371.97089499097359,199107.89823344574,0.66234355923499766,17,5,3.4352864039434525,10.065582784150997,24.402279285864104,0.99457095909346405,0.81086374393138128,1929.5903607793643,1896.7157180123286
374.23388007816573,110736.72673083071,0.62400048390304064,20,14,3.7668562771248895,12.133506102249262,32.299600833973194,0.99297677698932763,0.98921325509025193,2918.0799587904985,1873.5589586044052
370.69624127558257,193123.38958204247,0.41507046597240049,21,11,2.1978722096092715,9.2223064428615871,33.025759949297999,0.57577869802253911,0.99972807363539318,2470.9254831383614,2463.3032333205647
352.31288054611201,196628.66837972376,0.51409859985800699,17,13,3.8706521461138745,10.094904645788439,24.525728466096673,0.85795393286284471,0.97749433490877002,2190.5321781654525,2250.2222751583317
379.80161453390104,124335.82136533881,0.493966951445723,19,10,3.8074262664237803,11.252933481894868,32.309700158801725,0.7575539056015681,0.99926600129567378,3207.3661733754307,2134.5950833000857
371.06038270792476,105523.66440644331,0.38288799913324789,19,11,3.1233702254664171,14.971954339030642,30.798496327632336,0.74272518793101971,0.99748994906688537,2072.3173801856547,1960.3635267042678
374.4646213507674,160913.2630963439,0.64749683204841024,20,5,2.6646307659481177,16.442387855735788,21.288899912514676,0.98644539443192136,0.4524105601866516,539.89491099728116,497.28497438191351
371.95037933131232,173186.49499330713,0.47575375362747363,17,12,2.0336093034910858,15.598300516834623,23.817481122777089,0.99673849779018242,0.79877559479189153,756.27434063075782,742.33372441533686
370.67321991218404,202601.24005486679,0.59691450723818562,16,7,3.1601746310453587,12.230564135931228,29.10781135684476,0.99712198408388364,0.95541169115264668,2129.4541968645144,2109.8536028436965
372.33868804517141,129820.29472790901,0.34599506439758854,20,12,2.5268149864577296,15.296706760304378,30.873540153623811,0.68268713829312611,0.9968598000594302,1759.5807075724063,1760.8653141113653
360.51401757453755,113895.75288208746,0.3643581726980511,21,4,2.8438603336832147,10.785354935527014,29.471404764338583,0.57466353153005834,0.99999727780845982,2331.8424791875705,2382.0819915658976
359.16585152382305,122245.44854498291,0.62719904847436858,16,15,3.0646057290221123,16.250719540879466,21.283425380123511,0.99994168027144237,0.4882360011257576,620.02531461452838,629.70031530205551
373.17941185025006,166736.39885968567,0.41679513400705925,21,13,1.7215115035832913,16.580563826760539,21.67285634495218,0.96504411363508924,0.75158106370259425,423.17534115400889,409.41356089467718
367.64626796343657,148283.24032041046,0.60547723161584877,15,6,2.9139119452683158,15.723820983648682,23.775237822341843,0.99330031973845767,0.59310811649653383,956.5249351919831,940.51747256505837
373.48693969196961,183401.93324417042,0.51546954682376367,16,6,2.2959966759958754,11.424720768331886,25.315952076998517,0.93652139407266022,0.99642484114915231,1406.1246405303343,1387.3472091701819
368.76018685217957,164298.16275338706,0.38385465717818029,20,3,3.7732504694939513,16.263964258861243,30.826296471632691,0.81257316370585286,0.9999682375830361,2183.1635513302836,2200.3700552995829
363.66859948043179,138464.85493634839,0.56550403210919842,15,5,2.5208144280108691,16.42585305033198,22.704534961723041,0.98023447980561729,0.59302367643902687,672.87232569437413,674.87692483879687
370.52796981622839,132304.77643292025,0.453366330418006,21,18,1.9903639005751026,13.084170316044322,34.171913523991549,0.69738946564551885,0.939959413668354,2015.6675603195824,2004.9029836033296
363.84128052522954,126818.97466108033,0.30046362334983279,17,12,3.7013145071693296,10.58426470595983,20.674052441976524,0.60681694830242006,0.99157646619076512,1534.1972921658185,1567.5782808525532
352.45929854705895,156604.8798471918,0.6984547878232108,15,10,3.7830507073068915,16.666794071779492,24.56141075271713,0.99981993467767927,0.44429372836665998,1144.5556271696778,1172.9586255229278
367.00576334546122,115609.5564066759,0.47025852585533873,15,13,3.6835651795928048,9.5168560426336981,22.914465743689547,0.75263868015595015,0.92726704880684208,1989.6337031830685,1994.3900403661523
350.02006547031459,110803.92671300413,0.379777117766957,16,2,2.1291495451102112,16.023283623184675,25.779678217866309,0.83336794167100237,0.89639347394328728,955.52010780847979,1042.8920619181524
379.46331335911214,201692.37815083997,0.60331344946559828,17,11,1.6278061807455835,15.749218354067867,29.128036384318506,0.99626752712285449,0.73049536421934813,1066.4643733376777,997.05466592521338
364.23107026318604,176633.62798395712,0.54317630096008518,18,7,1.5617383724882137,12.065416905498326,23.144985665001435,0.97582865589122192,0.85411062200735932,864.7314905190492,874.23461716928057
357.54930945060647,156906.32768149229,0.56590230216664983,18,2,1.8077459784066674,8.9912098349678384,28.329425010443398,0.82901258085102802,0.99994071503570692,1700.6683742544124,1738.4386712795369
370.73351734092159,134952.6946101902,0.41829758994108884,20,7,2.0223608950260998,11.620835577934438,28.204641329820568,0.71129896873537812,0.99983446898078754,1598.981205053105,1597.0306990243446
353.37674250047502,200775.74173093768,0.4048466316760424,19,10,2.0528136911089438,16.635067401893465,25.499458890247372,0.98742657339068007,0.90559809095054045,822.44864907697661,895.34836140126049
377.03375897064979,185782.48598834564,0.49780619442131036,15,14,3.6798775252338394,13.298707322045558,22.727090205623345,0.92557776219175447,0.80545900976200191,1358.0009633561795,1323.1729952231317
360.45170559541401,143736.43529768119,0.6954993204784421,19,10,1.8699815760552796,13.808365884765688,21.87690959240166,0.99864739176656359,0.48163655791404242,702.07819654384684,702.25669750848635
371.64316885710844,179076.19759966247,0.37853387379298631,17,14,2.1911966255483515,10.774705018740942,21.69471080275239,0.69192886656131491,0.9390830745745975,1114.7335767340887,1112.6050321448561
379.93524902872053,195681.2929818001,0.54968958605532048,17,8,1.7893406044750819,11.641698485940088,20.809781701948857,0.98814287416086277,0.79559913766493962,777.09287695370028,731.73169036294894
378.60111630979975,101467.73684732948,0.5438923665176576,18,6,2.0771435845889972,9.2818565360544518,26.66924938490812,0.83332883239527211,0.99828651458752471,1674.591461412628,793.173505305611
356.17315855705328,153272.8267740439,0.42775856184768113,21,13,3.3064101018774839,10.551119710455239,23.83291831153581,0.76617226337157451,0.99822119416401689,1809.8420015488007,1863.5295827194741
350.57275787854229,171517.10585733393,0.42869041519097845,17,15,3.876413331538088,12.341222097726178,27.307160059603472,0.7274479494464372,0.93360393573743128,2322.7538536798666,2404.1990349893017
367.14198724866469,101495.44798896895,0.56349644928209619,18,13,2.3452952659344897,16.162602710293886,20.563601470323558,0.999118968575744,0.55512135924656303,446.32657691376482,57.157336181682979
350.13454107267529,140316.00083704913,0.60849391375051831,17,12,2.3069646040607701,15.686322697396541,21.183608395552081,0.99960764981789074,0.52857189693061701,551.05974873837908,591.57383628538798
376.36832548446409,147859.48984712249,0.66418767466268236,18,2,3.2018877780248354,12.735415183135501,25.7850203367835,0.94600198592617346,0.62457901136498961,1680.8099420512963,1258.1573749335973
359.82042682333872,109693.13071127904,0.66145488421065801,15,9,3.5839076315819942,14.145316019778287,27.279311767925655,0.99958349358616294,0.65249879164903346,1824.9711010797459,1835.0195951260976
353.53083891528235,127512.54301790561,0.32602800411161098,16,7,3.8978410673740664,10.433617469665416,20.462505288369723,0.66443859677558259,0.99925393443205746,1577.1459652617477,1642.0766196175578
377.18788952246211,177800.08155694947,0.42726494101394508,16,9,3.4843791450013932,13.140551983063832,24.112823042372625,0.92935595257239767,0.99196625981793118,1513.236475155119,1490.8558991637533
354.05201675803028,116204.65985625959,0.42499142093474884,20,10,3.8855798164982875,11.658097332253167,22.63278760121101,0.87571551236706024,0.9993095461470719,1665.7127269153932,1727.5378818282927
364.98929170723039,187009.28018500324,0.3787509884372125,15,10,3.039817501018903,14.615927263926681,25.215721544307062,0.86462280622186627,0.97361659347275398,1332.9579059729228,1363.1031901735798
374.21364086672833,113862.19736723455,0.67124837262763104,17,14,3.0902850426067374,9.9263852711270495,34.016868692893475,0.92099023637818422,0.93494188804474954,3035.3815341222648,1929.1128775008115
366.48610956076351,159650.75907611175,0.32405859874489651,17,16,3.4243779582919296,13.129633723504671,27.461230242194716,0.53329397949792723,0.90433109712046156,2067.8598849612372,2091.9615462525612
379.60848022007315,173862.09909104041,0.34947777548110009,19,9,3.8292661230712817,13.786595949379539,33.854485850559776,0.58942405041279844,0.99978930216947293,3140.9328925152749,3097.3254436630132
352.874608367679,110272.95723692744,0.47360030725623181,18,7,1.8787144070015667,13.409522270642464,21.404886186933091,0.97745217425779618,0.82681847013100629,700.9909119530115,753.48459814352441
351.66341552143143,152215.39515077099,0.64092016557286802,17,7,3.3155026222744506,8.999655819480612,33.902676836942639,0.87242341227816189,0.99967013075856537,3340.6700500797965,3403.8035076161632
377.40236988437005,131187.77619206079,0.52967050613248889,19,4,3.1402523901702768,13.590394833393113,25.46395939049961,0.96169724273702761,0.84776442875362246,1502.1165352986852,975.77361061472743
363.33664656423809,101417.67449575392,0.5904600898404575,16,14,2.5308205976383702,14.043853557976359,25.75306307797463,0.99910173493102883,0.75026816614533642,1253.3490553704289,1150.9531753567892
372.25478133985064,133215.97169831776,0.61351622591548738,16,3,3.3880368706163502,12.967714615895744,32.884642049772502,0.9745685808754756,0.94103160597871471,2663.3664787294474,2494.2690450815771
366.90360489431936,151149.07805994651,0.66831311740933286,15,13,2.6207416472548655,9.8052450909746085,30.765617792136325,0.91560813842638789,0.86033943789691925,2340.2435816279649,2320.78077912954
366.74911113894035,191935.00709007739,0.67996282975510514,19,13,3.8428364808214841,10.910842521311176,22.445657296476725,0.99998014463389273,0.65835521969304556,1693.1532380564756,1676.247236936834
373.34469094036365,139695.31073564303,0.47349208598715498,19,3,3.8260467620113459,13.170526475939212,30.47885532190039,0.83380309026998667,0.99997530167815885,2614.1966477843257,2594.9344268040572
378.13311182935865,150329.5803383856,0.48762174314131107,17,6,2.9890400788559921,15.67160026855143,30.576604146564662,0.98722062606251004,0.98760265081643528,1807.0869823325429,1767.0085352117451
355.51706976231981,133777.60241767447,0.68659267442961813,18,17,1.9656619594365647,13.958017173700974,25.912978889612937,0.99878007338487895,0.58078771486923109,1074.9021316829176,1096.9002220491345
363.25082952065895,114614.6965204416,0.41403310813470728,15,4,2.1228035254999078,14.336299160966323,25.062601067997797,0.91986856577414466,0.96443092946642262,1032.0561300976221,1065.3352850065116
374.8805667190536,150231.62357999076,0.58882036777077573,16,3,2.929050096379306,12.025287748181395,20.506564449654689,0.96107281911120834,0.67372356752230045,1018.35636219453,983.90264075436301
374.03517101239652,139160.56159808533,0.38469416501231529,19,4,1.7203005037877246,14.021889537363261,31.260774284296566,0.6974876398302734,0.99985933679239647,1498.9469923922734,1485.3485488617239
362.27357109550553,151044.74069823147,0.51419629769135711,18,14,3.8662395010405404,8.3866948108206021,31.956303455653277,0.69231867517358503,0.98641306121368399,3668.7508201159735,3690.451395346724
371.12809719297945,151232.92675514863,0.52420269483796755,20,5,3.3975653713976799,13.77609790396043,33.030058828981154,0.89928318257103779,0.99996190108894645,2619.0238520978055,2604.1071452497877
354.99364020744974,182716.17267550563,0.51284136745720543,20,2,2.9488898676908062,12.345886937137175,21.914037437384966,0.91849262013235433,0.80157439183903223,1164.4661669995533,1205.1814129769473
352.53086238011758,177172.82710799825,0.51155730429376656,19,5,3.9814199073809449,14.110680533690228,23.966809706891333,0.99058731510727227,0.82299497966218349,1491.1647584371467,1546.8226149658572
360.98867373589832,171440.15969562592,0.55892109981569815,17,4,3.5961277274358063,14.466934632068934,29.15057153037543,0.98414892295649004,0.87263767853895935,2052.5221132682541,2077.9969395869107
368.9700510550756,140859.39245520436,0.6639806334451992,21,12,2.5864780054970078,14.261859117190287,31.873100554092368,0.99985737432097865,0.75077819603801033,1914.5010796453848,1884.4355994195266
379.29343901645086,189174.0267461089,0.69190547834226801,16,3,2.276641048649314,16.30200827436429,25.348758451674954,0.96571674825502374,0.46004515047822298,905.01888479654417,831.56437173685208
358.20290126473776,187281.191034758,0.41553247284706019,19,16,3.8025500824275507,8.7054983994725621,28.772155379430465,0.58571336676060337,0.97674648346420745,3124.7099942556961,3175.1495448835781
362.26269296676975,131666.79677093899,0.4547738199600207,19,8,3.4798622938112955,16.105599830424225,22.715507068587701,0.99718609842770023,0.76783664636078963,898.06742203171655,920.67256318995533
375.34665397170772,129610.01800235176,0.66170471881608073,17,12,3.555931505378537,11.330341729034362,21.50069628534871,0.99988283603179628,0.64185017169029102,1404.4565087973278,699.16307210463788
350.04428071477184,179388.44233144153,0.48891411566708581,21,13,2.3802833460004922,16.108218273354794,29.361636352018284,0.99956285855967553,0.93126761713440187,1358.0204897293952,1446.1381337460125
360.81239861929436,185244.90740712127,0.45804229973991195,18,11,3.3515320719351056,16.611398070935344,31.227343681446435,0.968880027995079,0.99141741830486252,1940.5348410186316,1990.0067742982501
364.97186136771546,107867.59790626456,0.34660031584883122,15,2,2.8138626914691161,16.082549075725744,30.726276134849186,0.72649637173567694,0.99929081431310374,1777.7762654735818,1817.4114858635603
354.35817265709312,189473.17422506935,0.48871581456520707,16,10,3.6710734630955413,14.519537030553696,34.205223193797387,0.84445509648530059,0.99359402565655885,2872.5239745868444,2950.2097322013133
361.19713090094604,187514.98341501463,0.48133832630639506,19,9,2.9800228332010361,8.1335528463789046,29.719408235621827,0.66262617491710285,0.9997849644715795,2759.1390920051381,2789.02697018653
361.01339100276743,166023.26810413084,0.66386534900255434,15,4,2.6152686955012703,15.850712722895999,31.246229399603898,0.9839483889541647,0.64702584191804435,1692.837333762641,1697.8822080360205
378.7472817890287,117103.24499093222,0.42919670022179529,18,5,3.4341375574752706,9.5826967395263249,21.988623151506122,0.76052009185476732,0.99973640794589524,1742.1492170113904,1016.3902266911973
372.92647163823085,148576.85122167264,0.54630753741812621,19,5,3.8712476785739018,15.554928778707016,28.933744199382488,0.99159029728060011,0.83673507076197351,1978.9308961011768,1950.5693957622232
363.38642460358631,124374.80434576957,0.6922620784726593,16,4,2.7696978358368067,16.427898352057625,31.007809524972835,0.9865294454552137,0.56890245389318606,1670.7190830715053,1659.4316040807835
376.41720379834862,159477.29407472821,0.54485485072070183,19,12,3.0700948891203206,11.960584630563197,29.831806142123792,0.90612777376440734,0.99499843410396915,2247.018367984107,2205.3454389532762
362.0525900431129,197011.55389291671,0.69343185881231839,17,15,1.7866389160835987,10.211820956118787,34.475499814441662,0.90277029913745399,0.80401420158104919,2090.0680627669412,2087.545187415456
370.0747010829275,118033.72044456485,0.43123532824375138,15,10,2.3756982380717675,9.3986875643253729,27.204538823510305,0.65267073078156579,0.98827287470437497,1932.9110626303031,1929.4915216686522
365.74010181949012,185995.24945941922,0.66711075770155404,20,18,1.7193582727516497,9.5021797584538259,28.15196449287793,0.90205125482108262,0.79403320324215831,1567.9139970286865,1553.2788006096148
358.48437261610496,169021.56553887686,0.62170945887688678,18,7,3.5242279676053339,10.591672568500355,27.540499499747764,0.99826132598779016,0.98094501317762617,2325.0488965282766,2355.901212082983
368.5571124064117,173665.91149259172,0.35854610458085284,19,3,3.1048902609288027,11.547853764069199,26.784027127648717,0.63028806990463626,0.99998713460514455,2016.9973754384105,2031.1774753203526
371.74692425556339,124916.38859936343,0.43211642789628812,15,7,1.7611113721055962,12.422651268869942,31.147267542629159,0.716084656635123,0.99590572312016956,1648.2082459156654,1638.5889296356163
377.74956396278907,130197.81953971594,0.38715408971698678,15,14,3.301288311626819,9.113459927766332,20.314093010616066,0.60776060334900595,0.88397441971685686,1558.0122856334308,1520.5227113073374
358.33613788978016,178937.21089172273,0.62666008963354858,19,14,2.5781707903202644,8.3738559646289126,26.214124405472131,0.9115424538036313,0.98020253148327574,1969.9929998327907,1995.8412373600518
356.04642536943612,188098.70111168647,0.3084002805305025,17,4,3.1569301559109846,10.018330060115238,22.260394063007737,0.56073460433305689,0.99994293204665208,1654.7003774129071,1716.4957308234757
368.66004672769458,194954.12143565831,0.58640348537303666,19,6,3.1073700230214918,10.808519441903812,26.65631416497115,0.9860349227666857,0.99941342672069622,1978.8857258669079,1972.0455353167797
376.12568811622248,110997.47843965943,0.54063107409469358,19,18,2.1965847054348568,15.791204924025203,28.979181169990532,0.8667381446072473,0.7316939082171402,1311.7725742332773,355.88315310260947
367.55115772800576,180208.85146852734,0.40199667448072229,17,10,3.7566584071012485,9.8263035493275623,34.366000402325767,0.56250165090753246,0.99883934412391684,3794.7064363819763,3806.3363136466301
361.03397435362172,135148.00225705837,0.416606879313076,21,13,1.9554145076814642,9.4230349492151451,32.522043945897394,0.58600430936398928,0.99864153396176314,2213.4008614521895,2256.363425554558
368.03315447206757,155451.30324903716,0.31376017631703373,19,17,2.3265872742371112,14.507525645772239,23.304246052486938,0.66591171298388452,0.89977173439165203,939.39429399340224,957.40248478656201
364.42685572783319,108035.21501304756,0.4857919198526342,21,17,3.940168130541454,12.792621208957685,27.733008312272375,0.88059069190789752,0.97523356190139443,2290.9288494225793,2311.629740135716
364.88274172230285,124214.11626275699,0.50942530927364338,15,4,2.3761090293097196,10.621519565704986,30.262446459388567,0.78467473053480175,0.99955056394565311,2092.1163076264424,2105.7865712603793
371.23424931501233,153893.95888144386,0.60655690689007291,17,9,2.4121559439772531,13.102665045926656,22.108785604987659,0.99830424024661013,0.66270993282775881,931.77337988638646,906.04356042265715
355.24115437791272,132427.48274826133,0.55783411664098226,17,5,1.6208265757840095,13.326416798562937,24.690977894319676,0.96435111863084144,0.78884696483200278,909.59724790902806,949.81584644838654
361.51061797133212,145636.64548937732,0.67609655528818091,21,11,2.0153564402497635,14.304992631857745,20.885150013931632,0.99926416675262963,0.47255699060507472,601.48942536942138,599.64669438787632
361.32358981165271,137385.72991203019,0.55646773918243175,19,7,2.1621403704430628,12.889526153936762,20.248768138801104,0.99093712110897947,0.69159071674318284,706.720185479581,718.89642947152481
366.55267054431266,128611.28233000285,0.57135312040262842,16,13,3.7710702429759486,9.1596254491403819,24.077471790519763,0.89278032056910495,0.9521905295826012,2204.2249723388909,2203.1740332775748
359.58557895533534,109555.68305628243,0.32807863596737319,15,9,3.713382707310398,8.0650975499069766,20.302330471129309,0.54240963520670049,0.99712660264110753,1879.1980704068917,1921.1054586910877
373.16191540090921,197907.23546598846,0.60962648729621116,18,17,2.7688521131902712,14.933922440218238,28.689379118345389,0.97322574541077733,0.7252620696502885,1580.3179609456192,1539.3024996603149
367.5767615497237,147640.42714841923,0.6384154467567873,17,12,3.5745711168959136,10.532314090446249,28.011980551593929,0.99945804171399399,0.96065659164352346,2423.9224503418541,2413.4102966684231
379.64808916959822,109089.50886061926,0.4994230571320698,17,10,2.970802377503118,8.2361765600383166,33.177323038481326,0.66359430534551778,0.99772514870148821,3180.2232528903064,2073.0212746479533
355.35424794494372,174315.09208863263,0.65548445676721223,15,5,1.9234551923699312,9.659455487041015,32.710719396528191,0.92939333509645861,0.99810763454401985,2072.5072946888258,2115.8998909479005
367.68291997213521,157645.04879205322,0.39371591006665607,17,2,3.6900075124805669,16.225165540170003,30.903365914923306,0.82866604490054174,0.99971749341382787,2156.3405285588688,2177.8567173431416
354.86543223722623,181280.95383487717,0.30439730284412575,16,5,2.2113348508259909,10.965708060420914,31.305394598338935,0.4684313012611433,0.99985989031044309,2143.6738464847026,2234.082279820509
375.49198023799431,143674.34867506273,0.6543578367820434,18,6,3.5786469809537818,11.350289674932272,28.756249060854898,0.99671675336011478,0.87063480121096393,2417.2874728427728,1978.991153661306
352.92129993759625,136805.29263151216,0.48562673698460063,15,13,3.1416113998434092,15.312813753043214,34.502625922296488,0.79834431193269573,0.90631395440690821,2502.0348587222461,2582.8553376878626
367.38583004033001,144481.1853474534,0.42029170958618245,16,3,2.389902521380721,10.563903529025104,24.00298099505854,0.7504498837475293,0.99971481401216844,1445.0086527961782,1457.1847316475707
354.94059812408898,144179.67619600182,0.61588513701149195,17,12,2.6769142808626629,13.837088394993957,21.584234690230449,0.9997952596533638,0.59905883857766951,863.43251420660545,890.04132459545531
354.19440491707269,103082.16717467202,0.51910436299538132,17,16,1.6481056896631012,8.2034008089086967,21.754791543024961,0.69583832303615034,0.77284007902471996,1147.3031499518693,1185.5273715815511
359.48336292070491,185332.10450526251,0.35196551705007384,16,8,3.4172885405923186,13.542703117618199,33.139758307530897,0.5945196799598983,0.99902331896989649,2803.9028441899582,2869.6910617792437
379.96258096928364,103154.4327051686,0.40046230619999684,17,5,2.5578282543707926,12.596068581244474,21.305274469854904,0.80013935306173467,0.87588564073442432,975.19097495211747,265.19706013503168
350.01887001257802,158856.67025366664,0.34522763611427243,20,4,1.9097079296354398,13.222007246495227,26.47676463214297,0.68952032776811767,0.99991207456269782,1234.1322601922407,1330.1734059217706
359.50799537348934,175351.9522957294,0.3792252704697468,15,5,2.0657070986460306,8.4189181455066056,30.123094336103225,0.52622334064512966,0.99973857989205783,2171.5441189840089,2223.323043795343
376.49926759134479,145957.50713662876,0.4653985752469853,16,11,1.6429952334188058,16.171214368636818,24.073537937637205,0.96868920692248484,0.78054389654105161,637.26451044381349,605.45303936044093
378.05374997370586,118578.34061540652,0.69074453304624706,15,3,3.8773629797854756,11.48082676962103,28.777782579242619,0.97620627039041719,0.73932780245659013,2570.0648143597796,1618.6323385428391
372.82174948033492,200368.8960962625,0.53413800525274335,16,12,1.9016830219968763,12.825283363198993,30.238303987746271,0.87979402524120465,0.93518181554079083,1568.5364475908702,1541.6694410537559
353.68048709228657,178016.69791548842,0.69095987706154571,17,10,3.276023027203522,11.189399189423956,33.984007543476302,0.99967884497510895,0.93806924685724036,2954.5173652458907,3003.166111809805
378.7073011266707,126929.44085438618,0.64617872204205273,18,8,3.6084702583290498,13.918152309735376,29.569634046202822,0.99850953379331053,0.75002628101574009,2186.9392809173951,1207.9740801109781
368.04647589530168,105742.61492307151,0.44633219231655763,19,13,2.5522865931832328,16.929168339357325,34.471761316422729,0.86215928402925401,0.98452371268319827,1940.6638279865876,1953.5034452344735
358.73264623907517,158445.55033528071,0.40837033458698402,16,3,2.5391589374564707,15.193080388520416,31.534192903616557,0.78765505530636937,0.99955129938283938,1823.8234249314448,1886.6638127621054
377.15096585548525,176848.41456269231,0.38974031138805376,20,15,3.427680133277013,13.952136805009161,29.606515115358178,0.72682251827256872,0.98840866196873389,2206.2317740851695,2177.8286570528062
367.4731229867661,201525.61586291419,0.33171744118636354,15,2,3.7677916055659102,13.894914724027233,29.260635949692521,0.63155325253786565,0.99985284711154787,2362.2681093766332,2387.6150764864137
366.43842426567267,168816.03015006293,0.45756875376016926,18,2,1.5527842309203082,11.3123631217202,30.690299735549043,0.72465063926914419,0.99992856826434551,1575.0667745483156,1587.7097889969541
355.9387068956479,164759.7196572274,0.44204013953179749,17,4,2.7847754172320052,11.144023429953505,28.352030082362255,0.72825342065983456,0.9999103492902377,2072.6177915801181,2133.766690497107
359.34131692925996,180060.95921202176,0.4971905613792395,18,15,2.1675719992207543,9.492915821596009,31.702214881525009,0.68830733723810644,0.94994582174011233,2251.5109279846129,2289.4885263293299
359.9243891786432,140105.21715225765,0.47964635036608494,16,5,2.8405804705579829,11.512033280673919,25.146961776233262,0.88389769770825932,0.99911355291757342,1624.4055603938532,1662.7319883725218
364.19914168775506,111225.15922268698,0.30344177544581474,16,11,2.02644608485735,15.221047676969341,30.957443794616239,0.58102072007282501,0.98353411015221615,1545.0252805397631,1591.5652192450557
368.64612741111597,160879.93724267089,0.67069591691414632,21,20,3.8233109816912614,12.194279940963387,26.062645257186446,0.99999497572948504,0.70384883497840856,2022.7567399054028,1998.5603905296014
351.15585366689874,192721.93073229532,0.5068776487966119,15,11,3.8050579049908047,13.425936146849271,30.713594185450855,0.88096249529208615,0.97485628039907224,2578.1744852426532,2660.3571432962617
377.29283479193356,126682.47443373938,0.35832767262356091,19,16,2.9442241320604103,11.163372198120864,32.999041386171726,0.52811975969587777,0.97378661087800589,2810.2008643216709,2775.602858213138
378.65453325403598,198592.66174472537,0.60230173031807333,15,12,2.7648579794777053,9.456959181422814,29.659334351604031,0.85608491686692922,0.93974184407552019,2371.1888603683324,2306.826228384718
378.48701108777755,128526.27083663428,0.37841988951161187,19,7,2.8582562087732009,14.892723406211809,22.548169343312349,0.97809289491722973,0.9298387370273461,899.45398618202717,770.91599603990085
370.50278568201827,176343.63497857639,0.47947550761420688,20,14,2.806012791548163,14.692765124107137,20.240159705164917,0.99987263630867984,0.71700409180303692,639.96350635369015,629.97371690436376
378.15334026976643,170178.64731099998,0.37016197761143338,21,5,2.2947871558557358,9.9518656680075761,24.884983941284002,0.61684036546584153,0.99998641133796673,1589.3865859951193,1561.2336396706287
358.08628344650674,123260.18167825761,0.43108640174481694,20,16,3.7100922567688821,12.110496008462038,31.798176461266436,0.68657470116980301,0.98428425533153741,2968.5244744195666,3026.3310669608845
376.872864461468,192543.81940395909,0.47546164781364064,21,17,2.6272684018922048,15.126398277028184,22.128307731120525,0.99995711128165543,0.76732943000320097,769.81129280926405,738.19918808009265
367.89400428342822,150298.06480731021,0.30680051782963197,21,9,2.1719371929583624,9.1894857286999407,28.043901627705853,0.45630259046992222,0.99993809623541241,1964.8846868946089,1986.1762302567674
368.47413172556281,115832.91570483877,0.65635678687286103,18,13,2.8524534608008278,12.354751867345419,32.783698412277133,0.99974312550009925,0.91153656411465356,2385.5673705452787,1797.1632753625556
361.22415765178584,114059.93721666001,0.61790225285150524,17,9,2.4478571426998159,14.34756628969664,22.322875344617234,0.9984628801763259,0.5936375974385103,833.73018149407869,839.79025536925985
377.5951254318399,102023.4584801743,0.45610687687923518,15,5,1.9736520894009086,10.850516307072024,31.637768140711248,0.69275126035683521,0.99725032753585352,1977.1228313509248,931.74974381894629
350.50421668736459,151933.03608820488,0.33704510912018754,20,5,1.9083008349741037,9.9156159128787067,24.74333316991261,0.56241690918359988,0.99997264550293186,1401.9244100133471,1487.6014903675978
379.61508999213345,187301.00224365763,0.636079270416535,18,5,1.8738370912388604,13.746116529031244,25.174946479760084,0.97976458580133186,0.64966731255646704,999.83439892816023,933.94878843981689
358.16675281093302,177573.53429385531,0.43595897815200763,18,11,3.4043860507714809,15.802902740418865,25.871208859300804,0.9994460389519666,0.92308243077753394,1344.2440666258849,1396.0816778977953
350.45061143291679,111395.49775179583,0.57784136226300209,18,4,2.0181259670891456,12.790331831596948,29.867285638366493,0.96958885865516542,0.94523320849498327,1572.3042445031292,1646.0195923177562
374.38057350278393,195367.77054386857,0.45729787011703682,16,10,3.6379256865329848,9.5964570645277654,31.78897158263203,0.65363947554228818,0.99675458766370395,3309.4910722613463,3278.7750052485185
377.41798571525516,187528.71975938097,0.32296428373836178,20,14,2.0121268675726807,16.849613962462456,25.986243680129405,0.82254893439910992,0.94793715963668135,862.93277495406483,846.29024806116058
375.19474634881351,163772.4889670276,0.32953337213722989,16,15,3.745401930663689,16.871601420198381,21.964352123285341,0.85867939344659439,0.83019978440277253,753.07942878117603,742.09164820222009
377.50498172366758,164990.2017448151,0.61635833164308762,18,14,2.9616607105584478,12.260450677289837,33.185247667350453,0.95472616245064712,0.96107277261217983,2536.6010361797721,2473.9442805405811
378.56740440420685,193059.29213285481,0.45242291692806852,15,3,2.2292969293318672,9.4375900289419068,30.898195315077061,0.65131989503026222,0.99985748125986795,2229.0110440115486,2178.9113327095756
362.92886849099716,146026.34939311483,0.47809188336877084,20,16,2.1436734182528872,11.672709268658751,34.06684602618536,0.71197682958966491,0.97068340293058597,2245.6502965620398,2272.9460073793084
352.15310271936613,163606.45699654179,0.62030786212088596,17,13,3.631950676572874,16.180126964512805,33.354760595324805,0.99993593895434485,0.78267673169458685,2411.2460036672865,2472.0584015464892
376.24536941764194,202372.89147561666,0.51570773169390904,16,8,1.8192666513135656,10.651473139405006,20.167837744316941,0.98299926686879791,0.90179046501176074,816.15988294915599,790.13752768142149
360.62910306003369,137156.76813321092,0.40774644365081553,20,18,2.8394294474604989,15.011929210549653,22.875569154706582,0.90861196686060097,0.85463929275100137,932.25299367085518,968.04029646136826
366.83926916183407,110591.83513070774,0.66978948604256039,17,15,1.8221931757338004,13.578842051697823,29.110186214728834,0.9925962979513494,0.69943779344730039,1330.6828589831198,748.85647724342857
366.29579569423839,125143.76258572692,0.34960846870206691,17,16,2.127724316952234,12.551177285437088,33.095465436235756,0.49007071653244177,0.88030560377347,2104.6166879776829,2127.9864814840043
375.78496618283214,131323.26799770509,0.63570561594570618,16,8,2.9363441052705408,12.382261836011086,31.591687088788809,0.99697683579817309,0.92480371526618754,2293.3809323697915,1378.508340288482
379.95582367927108,174846.91193856971,0.47284903634037623,20,6,3.0681709614496233,8.6240923653208146,21.360419660979147,0.79300041379971464,0.99995690634732837,1632.5713462014307,1595.0012709159178
358.56421307648731,115218.37913482581,0.40247577053485861,18,16,2.1193987619152286,10.666142110216498,25.476335832561055,0.62807444420227787,0.91077332569692571,1490.3165211909263,1535.493549033072
373.57411530796628,104571.4946228554,0.66347340813155287,20,9,3.5887628516052366,15.415792238824903,30.663179716813929,0.99926640591866289,0.66865094807908865,2121.0167628333279,1120.3642799312825
359.79759105935113,202064.80652280507,0.61484481974929173,20,2,2.2830665103957988,9.5512563942583544,34.764287284621638,0.84777781557043363,0.99999248592838585,2584.3457390931721,2609.7832211881205
377.52215824984114,138219.75840882518,0.64671829487211918,15,4,3.6526653149860593,10.071766076073873,31.190182127680249,0.95446933194217909,0.99846739613515056,3006.7613199690536,2058.6553617711561
368.25970262921402,103266.07310478252,0.46012912600536943,15,3,2.8190915396894596,12.543623588061717,28.860335737872091,0.8133867419495231,0.99935228681904653,1956.9302953967428,1795.9501945944276
371.0347444571903,138605.02046370652,0.59354082154821342,15,2,3.0776897092051909,11.477152248144687,26.825640504779592,0.94628340066215055,0.87823157955552988,1918.3718088477224,1894.8755867244554
362.51157012513914,179961.61774093265,0.66051002370515366,20,3,3.5697148909360239,16.068028610787835,34.78075015685323,0.98005407702500369,0.71160965718269642,2602.9401344708608,2603.0127411689473
360.13882966666893,104040.01776053717,0.6328637867320005,20,13,1.6799305611146136,10.207743936195385,29.555423955926869,0.95836425825723037,0.9840473502739292,1585.4201582355959,1607.924120234924
362.96556988150604,130094.48686853431,0.56097575002171829,18,17,3.7995720455975919,14.301345175032665,34.687105126542555,0.8406940079720171,0.83768960758329214,3058.5023392041021,3071.627983859732
374.34608433055973,153684.73527509024,0.36935212850006549,19,9,2.4345284714206099,11.491242122388092,32.636604926978052,0.56989532414523014,0.99967189118864008,2359.0117469200873,2340.882048487616
357.47465510372291,146487.90498472942,0.41066329285831343,17,3,2.0384199427902949,14.684052477499028,32.303110394819228,0.75272168371738735,0.99975018937460525,1697.4410411169774,1766.4500767022498
358.04298414483804,117740.17545837114,0.41924550683550171,19,17,3.1179029766499236,13.779718360174781,23.635361476370768,0.84982187276079779,0.88869271015971774,1266.639029268139,1312.2376571065633
354.73088551223788,118045.39621144744,0.67981621856593966,16,6,1.7184279112266041,13.003428492592848,26.124474848122091,0.98934693056027989,0.63251357333205849,1083.5956816053854,1110.4866009982416
358.66774519690671,171559.50628895228,0.34987082075644477,21,8,2.5597458290385138,8.3327976344990535,28.419402360040415,0.49500391478938033,0.99997866608246067,2340.8540070355016,2397.8777788434809
355.92635536672378,148951.75721064964,0.52500309018868474,20,17,3.1560695664026945,16.599647322078539,32.245309131199171,0.99276639232522035,0.91588972907124222,1973.9663987304648,2034.9315727696905
351.54314347488486,114870.00363772617,0.50160980252388077,20,18,1.6689464489625672,8.4135860200387356,34.036758701585583,0.63295988460518593,0.89841218750247509,2204.7248330456714,2281.8519259141244
351.44135046346179,141892.68144289718,0.55795864877065582,18,8,1.6169678371156571,15.863652032285302,32.343993175711482,0.98718147161192693,0.88796370898369315,1310.8309202738644,1387.0521999766552
375.87842955171055,168970.26424707577,0.54225855880012974,18,16,2.8841914358157004,12.653464475641709,27.100859733703945,0.90386833484012996,0.87058224953971586,1734.3001550978709,1694.4839546899527
355.49587586335178,200607.38731903469,0.44166104097151865,16,8,1.7913430420381529,10.354020275977915,34.511568635598088,0.63018962889045793,0.99820471829697222,2174.6991377898839,2246.7590755932251
366.11637017583308,127236.03156905889,0.30109179636768924,16,8,3.0667388881277629,10.118011983608367,27.284427090391716,0.47812457538084702,0.99926495433507168,2289.1197751454902,2319.5037641405224
371.85781283275588,150673.30739826709,0.63492739149716715,18,16,3.1346582638311626,12.009031290123254,32.283014097182551,0.93787882255595501,0.87656939426440816,2573.7025331625846,2534.8641884144567
364.68813339286396,180046.62411335885,0.54820893608142718,15,8,3.4343497306990205,13.897566365425739,20.17805849973022,0.99817652015068736,0.65513669766565208,844.46035748536406,845.88698143959152
355.5533312140048,184982.18945264083,0.4976929443075444,17,4,3.9429451316480737,8.6743018591335517,28.810971201395603,0.71207299265822199,0.99997117327114293,3174.962430397165,3228.4323022202511
369.99964282982967,103664.47818523007,0.43077964489552173,15,5,3.656011873227627,13.149431860475536,22.747609652947919,0.97563318037923508,0.96695302843380226,1361.584205230663,1165.9414156186122
364.46415996408751,148614.75747787187,0.65281677713606046,16,14,1.8931187076322356,9.1335969996795043,28.582196127265782,0.87735779588791907,0.8253362591506076,1747.5016763931649,1740.022665865403
378.95872300690911,164053.39510981605,0.34933966665274446,19,16,3.4431807190260604,8.5336899120214813,21.239449942109385,0.56642854821408295,0.97388260087935352,1834.4727848302587,1808.3203693992928
372.38698517590154,138360.93133918048,0.4365190987611744,15,13,3.9638844867379177,8.7092268781905187,23.916748159265495,0.65512363124977135,0.94518991972324673,2426.7585070763448,2413.1837594835633
353.08973207256741,112597.94243719759,0.35228647716934158,18,4,2.743940122154203,11.023245233608058,27.139280790846925,0.59322683025898393,0.9999687012609777,1954.6529460251579,2035.9718648803077
369.68916383639407,157090.09526910869,0.57339399862416429,20,8,2.9714246614974726,11.713486042017809,25.586496607287089,0.9983239465693049,0.9298161631823364,1670.5485679314277,1659.1715999096225
363.92790802774385,158082.90270342337,0.64294011252746297,17,8,1.5104934279793687,13.037794195662157,22.012600188605767,0.99045035210030041,0.59627392763400144,684.3252395187385,679.05644987020764
367.63351652018423,136713.07484786867,0.55315268823831309,18,15,3.7738196158143631,10.001923072409316,32.989973490436086,0.77822976076985584,0.96422622102978184,3465.9213356862238,3457.1697039142182
355.87754457552802,123122.68472527305,0.48282017557603313,16,5,2.8537295055701692,8.3826883825704872,34.724518505048252,0.63643554490531151,0.99990060807038283,3271.2852022949751,3333.2466194999733
366.35131726367462,140242.93868055253,0.55404745246577725,19,7,3.0654148181650078,9.6692341724509525,21.786489372477629,0.99409424043630967,0.99752347720522372,1495.0239165967491,1501.0163314652061
354.34704078219693,202412.38246538938,0.69994594480659778,15,9,2.870764107109248,11.958305911707368,28.337888070141378,0.999419815245433,0.71025282989117478,1921.9331904949634,1952.197977962539
376.99979120694093,195443.38567248441,0.35725808062810671,16,8,3.2525384310431336,9.5473436184834419,22.762565795144795,0.61449840674815615,0.9988074712402738,1815.9282052732303,1796.1036246215431
374.8100164175965,164127.07108198339,0.51875004540797476,17,5,2.2261906091955912,15.666959628520516,31.450518695463202,0.97412362845206402,0.94003427728633582,1551.935683404291,1519.9390715632192
363.00656659243469,127986.25569385494,0.45599076643554681,16,7,2.6372906323040173,14.890309895438286,32.3785880599956,0.84236418806735336,0.99778886968530978,1987.8262482470602,2024.0017363292504
376.29296718199873,142912.52507134911,0.3472552486737826,19,3,3.887653441081516,10.470750230998151,30.367586013031001,0.53000208565060647,0.99999694562535224,3172.5552139073939,3147.9463105258196
376.5845140581506,126923.63798342238,0.58184931644815141,17,2,3.3108759619513104,14.64499232481699,31.997997432040513,0.9123120673724574,0.80970133774157493,2308.2258565021698,1335.7678908502812
371.72034553494319,202270.90677995112,0.41347178220165509,20,5,2.1753140487003364,16.235964280886559,34.914305974980493,0.77279175104011177,0.99989358198320111,1874.7617495654351,1870.2346791722969
374.56518268579396,110960.81655292265,0.4398489544468539,20,11,2.6963378265021234,9.7178741296310314,33.330458702447572,0.62061044135280596,0.99936629438174462,2818.158646530379,2101.3392334520081
372.47178176624783,161335.70499125868,0.5484442421976683,15,8,3.9598620726411986,8.5515878954015623,28.476861682439626,0.78300059016914925,0.99806988931555329,3118.8645409746482,3091.3909406790103
361.74500362127787,113537.75867533425,0.33805545342865184,16,11,3.3025203076020597,15.5711118894951,34.116866456089483,0.61448539674055302,0.99118139456559784,2578.360613050359,2637.3460386421621
352.2819013846954,179144.03448429069,0.52267882190496295,16,5,2.5009317294854041,15.197371840074366,21.019638753151352,0.97654634483888281,0.65120210671098577,620.91747059300269,664.3696678810204
367.88009124509063,167380.68398229819,0.46180341261224978,17,14,3.6336486545400608,11.138548942699352,24.771241728466116,0.80363135668052432,0.95650919242657961,1986.9419741593786,1992.0122007356742
373.30199757882951,119494.75128644395,0.60537949147425252,20,18,3.3862577339085247,13.488732317115055,28.124886190979687,0.99995039381846218,0.82280148851002755,1945.8522584082727,1156.4048098047474
356.39651889196898,163673.27092140738,0.5052733650287955,21,16,3.9017023514385967,10.005161536349059,32.368720466954969,0.72800803133336878,0.99268047655841929,3488.6071069876807,3543.6125586861581
357.75112329409046,184209.59310416254,0.61928772927899267,21,10,1.5472609225477065,12.458911634159698,21.892443666144946,0.99528265878613542,0.66540387309800797,729.08010458422734,747.85433376918002
378.41674735264235,198019.17478589213,0.30637143859886784,15,13,2.5950477768368465,10.991479642434269,26.819451464125631,0.48253729862579497,0.94731073201729499,1865.0602796274404,1838.274700148793
368.60222594275706,144819.06283789049,0.69863126250336149,21,11,3.3086535356843316,14.446887119366268,25.801079042731356,0.99988948258002741,0.53813531581350249,1482.832519409108,1451.9692113218027
374.87775259657195,195043.21169031371,0.38205446154682637,16,9,2.8766282770115081,11.825277178264352,24.961575978995103,0.7219241558190409,0.99549334073009343,1622.0942752062585,1608.6297407375007
356.92083961012349,146433.17088363194,0.31473092724243068,21,20,3.8830017399180998,15.705377576056112,34.029326481024889,0.51336959327900933,0.91702675715093884,2923.9383128029158,3008.0061037924115
372.54991983088661,147620.25026669222,0.53501409439721481,19,10,3.5038812749140806,16.869157009459173,22.843896800637662,0.99946018491531396,0.62948354205191182,815.71904688625102,789.55766318928374
364.73859600699905,171138.38642864619,0.52448048624468369,20,2,2.2062718838094448,14.152249852402718,33.622259998397091,0.90537929097620917,0.99960216619701603,1928.751759113034,1947.5967941619126
359.5280108465152,192339.32954030263,0.55725497817654235,20,8,2.1418460309517942,12.628061075197561,29.792405563796592,0.96656404704926091,0.99901548053142075,1646.1617465749255,1684.1883113745312
357.87607968362329,142347.60502146697,0.46226683445343131,20,8,3.9692156978828752,12.28057574479076,28.368277332830836,0.81506487450183895,0.99990089036139351,2509.8255425409184,2562.3848529134598
370.97078409396147,167903.10517021458,0.51698046382400842,16,6,2.0241510532904963,14.864490379691352,28.377208515418324,0.97850674000544313,0.90258657505013784,1244.3022175905533,1231.4392003377386
379.54794822952147,200704.80333757499,0.40379850818710328,15,11,3.4437213038348382,8.1008245337828182,29.931677631673718,0.54952847738500221,0.98892730791934913,3158.2161529535388,3108.6117497143055
378.57799828575367,180872.82593095332,0.69896818440272535,20,7,1.9612132740204906,12.604169076394369,27.817986000414464,0.99533506750456502,0.65875984713113889,1366.8803088646901,1293.0221518118806
367.30097962230491,129061.95299496647,0.37252279268595828,18,6,2.3284108206633993,10.899933676040234,27.075885795762709,0.62343790016358969,0.9998445599269562,1737.8222866057276,1755.2384049907423
365.24775928128872,140444.11412452604,0.33888838945370559,20,4,3.7896385558006069,16.464925369954166,27.518892345514097,0.84355494315040114,0.99989206720459489,1654.1881719656401,1692.7934966413447
359.38183805257165,191250.37530373505,0.43369021320247875,21,20,2.4724414354484878,9.5227833771797759,27.231469366006305,0.59242477219255019,0.86148481932149612,1992.2480274664133,2030.0089327673466
354.85966583027488,164528.47249142849,0.51480312144116946,21,7,1.5301725662838075,10.805257894177576,24.228927348639782,0.92839054006710697,0.99895719631266622,1044.7475876294229,1097.2863316319299
375.05766185376217,142946.85916511095,0.60443563749425522,20,11,1.9249119509515564,13.610550979370508,31.699504937936787,0.99836856344134617,0.91913532665042808,1604.2207133068935,1435.8411709041816
377.13256781037552,138088.81042722156,0.59513277359508576,20,12,3.462375522272914,10.371319049978776,33.916631436541969,0.85658348434926157,0.99844668861668495,3275.2709157911445,2568.8028829471746
375.64711052819484,118847.14525945636,0.5757097839489469,19,16,1.8530237705534589,9.5313640949285414,23.278591889770976,0.87095731296302159,0.8500871622290731,1219.5123175433953,456.24741308360564
353.51166688116348,136374.83677781862,0.35386472103639099,18,11,3.9858214918182489,10.973484187723828,31.893872103893138,0.53888290744483591,0.99886249010807715,3399.5873468480031,3490.5045522660944
361.27384473004093,200187.38874605807,0.40693694042600859,15,11,2.0968304707840226,15.120122580885479,24.616586777980714,0.90536890231985445,0.90611685691517363,908.6328020382449,946.81076852434853
366.65795398996585,161304.44561646788,0.67261274012833805,21,18,2.6280407313287135,12.83345401601561,30.491836564895621,0.99998294516602937,0.77787794593699122,1941.8190252227237,1923.5820402503912
361.39633894912726,130158.51112866626,0.53585304478070994,21,13,1.9432122905404365,14.278687693558021,25.259790435735969,0.99919400129969227,0.82047930352320364,979.77775977192243,1001.4107934842709
370.31657688245019,158967.37294387125,0.62855236942166726,21,11,3.4949891499918837,14.912276124600449,21.87317064158999,0.99984192911928582,0.54476145439284418,948.40193040113525,921.86388492240417
376.53838328146298,141814.63137154808,0.64577006676353976,20,7,3.0059810627008079,16.770901801287152,23.476407162680481,0.99441911214417,0.49362985100169759,815.1706252992642,303.6069453642375
355.13391549355998,120438.40126365342,0.56174257568531161,18,16,3.1999821405310565,12.041472150824717,21.55786230166343,0.99989900495414941,0.7845673205675997,1211.4717312329201,1247.0157606066537
379.23553032840857,155660.43053908358,0.30458925876986354,20,6,3.8160289933378166,15.468055995091357,32.202262660617592,0.58611122857405118,0.99997558518169516,2612.987178853853,2581.8430313905269
353.03118749003914,102739.21501613622,0.52724284192083526,15,13,3.8095677282923064,16.359137853977334,27.028968387944143,0.99966305123267918,0.78090873531099259,1555.5337415552733,1612.8646670176174
353.62603106650806,147877.45240700842,0.5238164826328322,17,8,3.8139628578566311,8.2744433947216915,28.261152414742927,0.74050705444153753,0.99959233231412203,3056.3720151910816,3113.9638761186329
372.90312977158612,127438.96543802459,0.33962014931944207,21,18,3.5326627564302937,9.8424544759306372,28.611192043640742,0.50667322821258465,0.97893528211432213,2781.9006241647085,2775.3317445596749
376.80142982930943,199335.12996835011,0.34328078906924808,19,16,2.512013402162669,15.600930019059186,23.286332448244249,0.84004558906012272,0.90145763928885037,843.82005867804378,827.2268554358343
365.36955158473904,188380.3942029319,0.5379095656166053,15,7,3.3006965520208995,13.352882917776183,32.806367924481805,0.90529965601533169,0.99731808694439372,2584.9495481024442,2597.6447923596234
363.12216238525798,134126.48119142791,0.30943728566180789,15,14,2.3651943070570445,13.790864682564449,22.482309936286093,0.58009093826896041,0.86113667803637828,948.95160212500753,982.64829760855878
377.2822041149401,193269.14918840869,0.42339963495728228,16,3,1.9581450342541304,16.893528375672425,28.390729475154416,0.88282679888788484,0.88929548958915094,1055.2171631432448,1022.4417064320829
359.8658618818111,178518.66323501791,0.4782980361488483,21,10,3.1899568975235448,12.15831524403082,31.57430449312055,0.77767845748791187,0.99979228503487672,2569.5491965336369,2613.7286921543587
362.60298471992508,107737.99265130544,0.48804837190380707,21,7,3.7488923453173566,12.618765591173789,20.404829326721295,0.99673751366636354,0.8258088751143442,1121.5057610532119,1139.68062981916
374.96693789363695,126160.33243121819,0.417296069454136,20,17,3.0311044591464742,14.61459892265154,29.955417564555731,0.76623309392572736,0.94895587299294359,1956.7586322823349,1934.1128068303001
361.09015543117198,105401.31601310964,0.57861898431396996,16,14,1.9380318176345273,10.289517017397806,33.836024209610663,0.77414339357143747,0.86884158491890362,2186.311945024348,2204.3503507264495
366.96267691006079,174421.20396423672,0.47722176099588243,18,16,3.4324845425629293,12.430545496353202,33.080647009411194,0.72114015684749189,0.92803630802663917,2915.8682473287363,2920.4438348279305
353.45762474464141,141202.58445858082,0.3860727478454849,21,15,3.2356815639894219,9.9325313731113134,26.840621704410587,0.61063660603403991,0.996202091797043,2315.248781068251,2388.6610131786579
370.22272125667553,176314.17725190637,0.61316696622109368,16,5,1.9441429343555634,12.699984320048236,34.219229374080541,0.9713641078946651,0.99367768016272595,1932.0323368368963,1909.4295990409157
365.79902993568174,102076.15292508675,0.48962429996338869,15,5,3.4989180761574543,10.696244836509807,33.150482506344787,0.72272592079970333,0.99971485519651626,3217.3990666786153,3214.5303429992291
365.90371152331761,188905.05565101741,0.35512457950800869,16,3,2.0574893998269252,14.449767873692684,33.384288462313961,0.62598768621520029,0.99980447583744136,1868.0152554803449,1900.5287890952723
358.37923232363499,194381.8909117688,0.38176958158396629,17,16,2.6870395559050948,13.620469248829163,22.768310180044878,0.70387288694309225,0.8345415144359063,1077.1197402116093,1120.2371432173861
355.30861836291319,186605.90235627996,0.41125892491511018,16,11,2.3002359951358455,13.463485361655469,20.29691042832188,0.99064870245008796,0.88282619262142048,684.92647688876048,735.34239004344738
375.1149688962451,184481.84914039582,0.31735373093772384,18,13,3.6314401670610255,13.957581154603783,34.079600012616531,0.53338522080755302,0.9940885072729182,3039.1952488290517,3024.933311302269
353.8435344358457,146640.55998845591,0.47185985709552641,21,15,2.6899651412879111,10.314058648776756,33.8021116362778,0.67689479297002342,0.99509789829359174,2778.169885894561,2853.2804051402313
372.23258625365446,157173.6176554251,0.42045005941461616,18,3,2.1515088262330626,15.385038910932391,32.850413629466395,0.79065432841266059,0.99978234580974368,1734.9580832293898,1727.5075561331414
378.10334463322226,112565.6912491876,0.67149207457770843,21,13,2.6747297243869692,9.6350907524512568,26.443989336441266,0.9998308026582764,0.90135148849577995,1872.2536961136334,1002.2549416302329
376.57211593597293,113229.65749983018,0.39924112075649876,18,5,3.6763561730240575,8.8393300012239866,22.732934333799843,0.65321125697546734,0.99994587324792195,2089.1897344507447,1592.2289440996221
356.57734176751569,140073.84951022331,0.37881981593439656,16,4,3.0126083566505035,9.0335609101245922,26.877361518152693,0.57056875317157474,0.9999372283392014,2325.5701544231842,2385.9276052954051
350.84933357431987,141738.49905706916,0.57061271497654387,20,13,3.5402228738791575,14.452052790095589,24.348007316609383,0.99995617743265552,0.72337755187179353,1361.8300573427427,1414.7658051012058
355.21298071689574,160159.9137228418,0.32462696199663615,18,17,3.1147915506532686,8.0441848477708113,23.517649838695139,0.44998852982946863,0.91651298290764238,2093.0201307249399,2154.6919067316308
358.4703306976661,152873.06450862534,0.62084810377119481,21,8,1.9196029087569424,10.878248129391228,30.78101408708655,0.96003100004334152,0.9996529843256986,1776.1545371650031,1809.9083167088561
355.48267416192812,161170.95717534932,0.63353642460278681,15,2,2.3407052139879072,13.53203895546358,26.807133688974258,0.94002791774272476,0.66713404923107611,1361.0385979460607,1390.7472367264734
367.84316930412461,201304.69748769468,0.42467498915065466,20,12,3.2500535245523263,8.1804576181440876,33.585607101249323,0.56122938715624116,0.99940625595500021,3510.6244618396336,3515.5877033745405
368.10040840351508,184147.98865722591,0.68345172715149116,17,5,2.503502152963077,15.701791948876247,27.354661028389661,0.99037433876655068,0.54432627550187018,1239.9973199252304,1210.7839246326266
365.5656490603069,170668.48989401927,0.5426122264150276,15,2,2.5078310523591147,12.67061099476582,21.677908401141366,0.9121852386246686,0.72010794805233636,974.94777421137132,974.7325307090714
357.98936931510895,104499.03031876565,0.66441772811661981,21,5,3.3448138809773669,14.2083753769772,24.715168816314623,0.99341100657916837,0.57886614065770936,1385.6195068262728,1399.5927553823999
374.14692411656347,124448.89461997853,0.49352168489045228,18,2,3.7371862660537096,11.747905425231394,27.421464179361458,0.86341129181791376,0.99990829801891223,2311.7416746821318,2085.5685294486739
376.474389502478,188699.19472760864,0.62629150229401809,19,6,2.9095189482429311,15.074101014367816,29.786634140020066,0.99488286528326098,0.73347415402311034,1745.3230528898603,1686.0250131454259
356.80740851695992,151519.44641250998,0.46310431099051497,15,3,3.9675374888504722,10.431111998425383,33.498291610452945,0.6724890921329334,0.99992454741278103,3675.2222168361059,3736.0801810490325
375.62197978000717,194861.95213329419,0.37210516221037682,21,19,1.78454983976183,15.43161768047587,28.936253149053663,0.662448106047968,0.88198322134412899,1207.7136703654446,1184.2262717255144
374.04294991203722,134776.1145834424,0.52104668513398922,15,8,2.1223862747859146,10.27612126886012,27.707085289190097,0.82416261895482512,0.99311154427623716,1706.1173165804803,1678.037729317374
351.20935426465206,166286.82520186447,0.60369967475476038,19,8,3.2296376511278271,12.072560360632167,31.325876067174075,0.98195320420295917,0.99943826492245413,2477.8361642281357,2550.1677144024256
350.25839664478247,176234.48413464311,0.517888942570498,16,6,3.9730247518139388,13.604941616006634,30.425309707191914,0.93612624825469226,0.99913785618499928,2569.1315400572239,2656.1293418228252
373.65583590049567,169484.69473952538,0.34473089874091756,17,6,1.7310189669634459,10.101304393829921,27.830676064128372,0.54096894796741191,0.99969677092106957,1577.7617474608273,1568.5994120300054
371.5287755073648,175291.32880655778,0.54698982439534261,18,5,3.542765786409269,13.286405300367813,26.795156320608292,0.9908532488084415,0.90428289919875149,1863.7038672086464,1845.9511493368245
359.2818973994776,197472.3008895081,0.46099035330485721,17,12,2.102181658277062,10.320610125923348,26.289587852393552,0.7464536129516236,0.98068922409515047,1572.2410886741318,1612.2976872189793
359.21885333264657,201995.08265242964,0.42830850796533831,18,12,3.6743824234644644,11.198017786005986,33.861640039285014,0.63834329871396112,0.99677720243861312,3413.0248504470269,3467.2452131844257
353.0427279366379,177791.34006021029,0.6189737186537001,17,8,3.7232347738039997,11.705658971526034,27.063509784084051,0.99923101461814245,0.87994640822666836,2199.0068785884382,2248.1105208358836
353.48750642259023,182845.5931520013,0.69794998651361861,15,10,3.4568801333170294,16.949033961972702,24.508480728326123,0.99977203498532619,0.43666568145350299,1021.2365715760762,1045.7674589679254
378.88989090031475,179489.85646298481,0.49071101259920324,19,14,3.164890979709984,8.3077735536255748,24.215984427130774,0.74165230988548669,0.98962803056890736,2104.3227387406141,2061.6685131189111
352.69948578355343,178403.16080087551,0.60590370277012862,16,3,3.4865088732307044,9.6058327218172295,26.887970185360391,0.94249154066999996,0.99955504837069087,2378.4162444612703,2432.603902471476
362.12894562448793,189021.38452591229,0.67803108814863067,18,6,3.9458452241293522,13.929499867675593,28.624642729812599,0.99780849243203562,0.6593241067082356,2203.9655529517645,2202.6756965140448
367.01481479435915,146004.18582097132,0.36211264046261982,16,9,2.9554123946265687,12.216877744375672,31.561104271635926,0.58942480207927539,0.99781261137304078,2479.811113540869,2502.156224027648
356.21424246664822,131851.16496545044,0.42228816062032931,20,15,2.018884664835122,13.106686142322927,30.012548102581661,0.73277463107532415,0.97821376511585822,1623.092954982091,1689.4769694004899
351.10710662549229,117013.27021689745,0.35448346319674362,16,11,2.9628394013020083,13.53621844472886,32.766480255691093,0.59783595510603815,0.99123467727109216,2467.3882764274395,2575.0996492178333
357.63795851953699,132826.49558759131,0.49596011117322369,15,12,2.1522531548560377,11.12579076294498,23.59626021326811,0.85657753425192962,0.90826277858075011,1225.4074846489252,1263.777872039936
356.32341438521792,145763.50723115227,0.63588300249248253,16,10,2.4962075623064495,9.1003206466833699,28.291807150063946,0.93183619141721707,0.98830157576715527,2062.5417470302677,2098.8157205583316
350.78038105771429,144091.3912751975,0.37801605192311855,21,5,3.0875169992431459,15.895413502047962,29.065750665385625,0.83420054852241843,0.99993714390551425,1684.684284627504,1785.3563426968426
376.74294407475412,147468.33788365847,0.6333391993552473,18,5,2.8820201671047538,16.978017084158964,27.901849031151201,0.98615262118229097,0.59366412378751299,1289.168139779867,907.13154255425775
359.94784285681686,153306.77376694861,0.31201743400979354,16,6,2.6306713372386703,10.329047101526077,26.364979051502878,0.51280492831395763,0.99970619201972322,1902.6943264902284,1957.4757425457556
350.69391513053512,145733.76990717824,0.60070869520966674,17,5,1.7442733514992397,15.766113393497706,23.018218080943086,0.973015502610175,0.57054478045990986,606.6943921738922,650.23727716594624
368.75578800407044,161677.89092780129,0.56306700005171217,15,11,1.796721066446457,16.776893565806045,22.133830525488047,0.99672675507987318,0.57540163273856271,454.42029268459328,438.70141433188525
378.53209625498954,127342.00591128094,0.65000140742603751,21,6,1.8709571949501789,16.927877228963595,20.348325131634866,0.97631595753269051,0.41593373041954634,299.15010940960076,-380.01756116168838
365.92657086784328,200574.30548009012,0.37754927028663576,16,8,3.740905001367631,10.452698070005372,29.143718085786659,0.58828308026676068,0.99927415817548038,2872.2872394297906,2895.174518351937
358.35183168759187,105984.49168280259,0.35472251522394632,18,12,2.614758064966769,16.021616553173221,30.416295849199543,0.73674990235353477,0.9885139106619012,1653.8091678184069,1723.6213998597916
370.63952995301202,172061.79201305937,0.67466321035449539,21,2,1.6199398202662232,8.1994894202088418,20.973595786180159,0.93754298769578004,0.73486564703725599,1027.6154330417585,1000.054347251083
369.40269257768648,179323.56574732327,0.64388971366486025,16,13,3.8290700396378847,14.58185762588673,23.693697391871222,0.99995658826686185,0.57860739561642904,1333.6983874494119,1307.7196866163804
372.12257631641,114047.22899407955,0.62099664475231586,20,2,3.5762235256876127,15.929973642297542,34.370168298331635,0.92784917745141571,0.73422834649569457,2596.0232719810101,1480.7256180048887
378.51128883333007,106060.79253719894,0.35575050970577504,17,14,2.8932734067873596,9.8089879278857204,22.817509163414364,0.59397020257205779,0.96017125482835119,1640.5373430207301,883.630355242571
364.820786116063,187576.71069434402,0.59140125619735007,17,12,1.5090512699904934,8.4761416404206038,24.195855393296039,0.88603261812412115,0.95503920785440855,1223.006634955851,1225.7638373496711
367.10575279349729,156971.5093442582,0.67290007610543012,16,13,2.7369649431758862,12.822640071121809,23.134182830049742,0.99988160717545216,0.59004757466389346,1167.9864617063304,1148.6279283350364
356.2332352421634,121986.33973097218,0.31018124555146687,16,8,2.860329282413157,11.588430358743496,33.913987564390524,0.4708184505071048,0.99929203503508135,2827.8815384705522,2917.3009052551552
353.89531273971556,168372.25583939638,0.61432932189724521,19,4,3.6149387788384248,10.082872321622853,28.28593776362759,0.9546448914364758,0.99993537677477817,2570.5777218704789,2621.7842263319098
354.29705015567458,147084.25079179252,0.55591913775301194,16,6,2.5910349030622908,14.991627156033937,30.584229357291122,0.99145707981543874,0.89704242492986952,1700.2912785294434,1760.0491024851403
372.46076161128036,123570.34106757503,0.47941122770735267,15,9,2.5901031250410105,11.033646604832562,29.257203173123859,0.7648403832541667,0.99201330642531471,2070.6079758409428,2052.3774940832327
379.00987805898296,114187.54070990434,0.43820324016253925,19,11,1.770735238110601,10.618908888196996,21.207434112870803,0.75135406314947772,0.87405097076247973,930.42961976955462,225.53525859658799
363.09022171813075,122099.1182216368,0.69883664901127873,16,6,2.9730445766552402,8.0235437456488352,23.926600721129962,0.99708105655867185,0.89233791996843881,1916.2978893319732,1914.9075265849449
352.9891329957494,132973.22940087045,0.65622283219680622,20,9,2.2620878667642463,15.177276760773863,28.213923948488166,0.99863315790483931,0.63789292231102679,1289.3602902991088,1328.6992655525232
354.70475892848089,190616.53118189814,0.5538033660335171,21,11,1.8955326882119754,9.6146533484089431,28.711955315669513,0.83211406112817388,0.99902040436955397,1731.0792693941733,1783.799286122146
370.61068885417689,106791.44176591701,0.37199303944309225,15,6,3.5551605012893335,12.974428785009044,26.560825777072843,0.72623607263298984,0.99895652314024341,1970.0836343228441,1976.1867261690543
359.65449130057567,165132.78359675797,0.30411689994570346,21,19,3.8361806342558382,12.011072966445271,32.972349297156256,0.45807466914606665,0.96456376394230503,3330.0517004633721,3398.9225498780283
377.79938799933501,158184.44243961986,0.31720073543613186,20,15,1.5464547325533915,16.73467102969795,25.82442454971579,0.7504625996151616,0.91813424946771038,734.17482680045146,714.06899017207706
375.59983534492545,103609.10635822201,0.64540316275411114,16,9,3.3423948900001408,13.25452694815189,29.158880789826569,0.99897699471123402,0.7788530812459491,2093.7549151480252,1138.2429299732596
350.56944267400513,168748.99259408435,0.54110170237734057,15,13,1.5344985608358395,9.0922792364700129,24.782022889478608,0.76352687319606871,0.84272172943006207,1258.7886816373386,1315.6500774373965
371.35349493334235,130434.30292196626,0.40312325922650749,20,17,2.9824493440892312,10.515352125953582,32.799679653334749,0.57961369137893204,0.97089523487084073,2879.5064009216389,2870.3616542352152
367.05138507317815,158564.55498271307,0.68215034895589743,17,2,3.0504243512942573,10.294748261715634,26.951371357273949,0.96298455087658963,0.77222025692580887,2060.9544072771405,2041.0332491283755
376.37785936756893,135405.771354378,0.62969045080683372,21,12,2.4769594860280053,16.947161211087909,27.916029417338329,0.99934925831451371,0.60956594273509268,1156.1299929337815,426.21486241860481
358.64892683747638,148892.33252224422,0.38598682853032529,15,12,3.2070021930505375,14.812771475821162,23.033058998667663,0.93054196787819388,0.91621484937654185,1063.327310145924,1111.9812228429878
361.65330177802281,198553.24344032846,0.4351015972880809,16,10,2.1906627516610686,15.115573504147386,27.428180772698568,0.92611980634915148,0.96485391164746792,1208.963073685245,1249.3916457198009
365.4976905407699,176826.11930642792,0.60345211524180387,17,4,1.5055778975030769,14.578820231820838,24.546648187873256,0.95253837470999536,0.63522469999433206,764.56368019196111,756.90166812630753
373.06595492989101,191411.49808761338,0.57680139229080396,20,12,3.3894396520042509,14.809054730293832,29.033361666250677,0.99990647734831584,0.82959419735893103,1892.4877788436438,1859.5269163445
362.72654305884919,180947.22834478103,0.48457229963400039,19,16,2.5996692668105643,16.677491923183432,30.720713513975831,0.94197251846570362,0.90055096798880807,1550.8033264536139,1580.33764924301
354.13144542772392,112800.08184395017,0.64281896960543727,21,2,1.8799987811381769,10.086083930208853,29.424785108868864,0.94069363660881555,0.92834922560174837,1709.0596289714024,1753.799676919316
360.86956566014305,121626.52264556134,0.3942868769807214,20,16,2.3910328182784681,12.575064896899306,27.538312558950071,0.70032056561175571,0.96988936078319699,1621.2318555805157,1665.2195813665903
351.29806464947205,144306.13222611597,0.63112980033404331,15,11,2.889443154929257,13.875504286978163,25.193035068110579,0.99966897990290216,0.66946902265385211,1334.3025107600367,1379.1716069715253
367.98716190796677,157847.47365564111,0.31717968508227712,15,12,3.2314985416727908,13.373227703054075,22.603254763702051,0.70908913561383169,0.95331097817940202,1246.3655588937506,1266.0984716729629
360.94725800966251,180462.06929058355,0.35996493399538948,17,4,3.535347122844315,14.787683131668569,32.76255093553921,0.65605091353648959,0.99993424373644979,2620.4186733283636,2678.5918815536729
363.45182577693919,198608.95365455298,0.44607300561719554,21,18,3.3946197504463078,13.738243546001261,34.586591621405255,0.71566391189368295,0.96294833264237278,2921.0210634441401,2951.9896160458361
377.11400421290381,104097.75305672278,0.31520838351697117,16,11,2.5029275686633436,8.6136878406566986,21.659380214928827,0.51547680930449713,0.98810314940270427,1493.0301060249992,869.22614852654681
376.67924555435275,167983.98679349845,0.41805994737418051,17,4,1.5478259661430458,15.015915880158971,21.101560534428135,0.87084187827574133,0.76544306727352707,482.11356029487598,456.20450807986708
351.00920482179112,106132.61014218483,0.53643397297333018,17,15,1.7497782853058439,15.378752500036615,33.015890460522328,0.84545849474220347,0.81794025606477749,1514.7719678298256,1591.0818720707923
379.48627701623656,171912.50365835009,0.43504519654635576,19,12,3.6348255644435183,15.307044143708444,32.586471740953378,0.81717244812100842,0.99623871549963694,2513.4555222598701,2465.7704437426091
351.86143910330787,137794.44752301136,0.64255654228125847,16,10,3.8132947003499735,11.744671043640315,33.061000620669688,0.99135078727670822,0.99040880011922616,3115.6583420522757,3181.9745318547671
350.08672030652718,186671.8074576573,0.65534873031626861,17,16,2.9128288633265358,11.4118923215521,33.822625335030082,0.87790246813243733,0.78175885955150815,2723.1192886714944,2785.5246168888639
350.37413810681744,150120.29711872662,0.34741093649377314,20,18,3.9862593698674313,9.4131334825037669,29.116801597081032,0.49550006641942612,0.9625701128160471,3216.2494838555012,3312.4481211179273
374.25625054139005,110389.27106990336,0.32558912388532846,15,10,2.5786795908175471,12.170402363073734,25.27898262096987,0.61532309576820199,0.98647862037397827,1515.6897454801103,1452.3974174900295
350.26363288477233,149466.97868651588,0.68010176625138541,21,5,2.3034064452909275,16.352627546052741,21.158704966185013,0.98719001975061393,0.41015212899478998,482.54037769013161,514.74439344454231
364.6277646386846,181169.83502917876,0.30486016937627464,15,4,1.5268774915642775,9.3922505883417333,25.116874914344805,0.48674938953724739,0.99966060963448677,1301.8348443030095,1335.4453242271068
365.04348085536782,180296.89889787542,0.5112769329129766,21,5,3.7479482064607779,11.279039537490364,33.255344929457806,0.77368305624655676,0.99999553369996941,3297.7758962349258,3310.4236575942609
362.86722856650931,116309.72950699311,0.49148022303420436,18,3,3.6862708298580742,12.015309556531864,25.849046142820292,0.91827640011532885,0.99982266096953099,1998.059438237779,2025.1266163515081
373.38773680140622,110464.95236595451,0.41459012882861157,17,9,2.1692085782007977,9.014247017296146,28.24965949213815,0.60807414636056012,0.99828192288907935,1971.3626113242724,1621.7878670473665
350.3542813894685,138331.95283028181,0.53032683696234295,15,4,1.9757863622088698,15.978043885909507,22.892883201575785,0.9514488850557673,0.65192227223561228,630.06389294912481,683.15855180893482
363.61562212923337,126031.33509329936,0.56541268588960136,19,13,1.7811509776978371,15.987760153639019,25.378795349716114,0.99885441343897419,0.6891848840749093,791.82647685033851,797.22697639923297
352.08225522057722,159902.64611774147,0.5938794932454885,21,17,3.2901929991487537,16.320588299149922,22.871023254078359,0.9999952279911003,0.56911867055038889,849.80645238336797,889.58474459391027
371.07335155624122,174814.64017019066,0.40736720073075677,21,9,3.5494907029828324,14.984974135080806,34.072629754346622,0.72709402611047891,0.99989365143655562,2763.9959150550744,2762.4616469692055
352.01452713120005,189827.80246755836,0.5485746264402015,18,9,3.1494852856125148,13.022442363799755,28.308793531227295,0.9986553782950448,0.97984783413603005,1923.1312506557122,1993.1885811840098
357.85595265914498,120552.53456957929,0.58553050396426753,16,4,3.5468261764463156,8.8493666176541552,24.799949735661478,0.91027312410590855,0.99972235783374541,2238.6761975139702,2271.0303634110969
360.7226535809844,108351.36331719661,0.32529970504869693,21,7,3.928958634114339,9.289597992493583,33.206302242156262,0.45165826129511227,0.99999559904432034,3874.6505481520649,3933.7445722119214
350.38307593450094,168121.27755812384,0.52602601106012825,19,11,3.2426223239450662,16.277345944051792,29.314038432451916,0.99973330176483655,0.85336542379841884,1676.5288100757416,1753.6771717895945
356.42044661441372,108864.43670008953,0.37110549960138217,19,13,3.6460003803391787,16.792868291457587,32.289924491925596,0.76569773118609119,0.99305569705580365,2278.392184482856,2360.4543033106975
368.48167058544311,141223.42065868137,0.4085727595476617,16,8,1.6704803342382177,15.269328209120932,22.102566368841831,0.93623862832104843,0.82756423996615802,560.44846672006815,566.57308374725812
370.78376574021007,185694.90822507904,0.49643621846786834,19,2,1.6729011799206808,13.307086150065571,22.160638393203559,0.86217484583829063,0.74690401452729793,736.96396125339686,722.88213127039762
362.37927453838722,185390.01055375111,0.37056171413090155,19,9,3.3138941073598778,14.610400138150156,34.776987525633061,0.63879953908556231,0.99968306043650657,2802.6103879446896,2853.4294214458632
351.49359829256014,142895.32323077103,0.30923172779730446,18,12,2.7951955092842824,13.613167696064881,21.310860975541111,0.81943605813589626,0.97925594337672517,916.51280004898445,995.35784250394863
365.194831186172,175679.33760673061,0.56233319723987951,19,3,2.9321116179862425,11.921086910126771,23.472493727045364,0.96202259407141244,0.82499613605707456,1387.8020488504333,1390.6717738872312
367.8192097346481,107645.45599947718,0.33486110980476302,21,20,2.0489623430319885,14.339148147938378,32.373469316073908,0.50093479268523222,0.87400919437435232,1799.0757000214005,1816.9351361444524
379.73178981443948,131519.30788702201,0.33602894261269622,17,8,1.5169971679416472,15.859346428534643,24.754202455521657,0.81608012522694162,0.93321133137957968,702.76294410676951,674.8943302200862
354.23574707957255,118585.15819383503,0.61004244491652382,18,6,2.0080726272266229,9.6928074247235472,29.612625204677517,0.90671900015155271,0.999630246520953,1850.856863693203,1901.5182974617055
369.11898550620253,128758.86856567657,0.56572267075230176,21,13,2.6399250814663673,16.529122869055776,21.19119428918054,0.99981500548559143,0.55671355623100649,514.36639837839698,497.54373950526167
358.54359970331359,103896.39241193394,0.30223154262507562,21,17,2.4161045833682198,14.393418901778487,28.038948409421813,0.59480099523993113,0.97513553707109901,1509.809926626579,1577.8309764452731
372.79262004932048,129519.14641932079,0.63383830616714976,15,6,1.517888115266286,14.712225756528426,27.119883177331594,0.96155758887383691,0.64254487950604489,954.6258990157437,493.15802683379457
357.37839594119151,131713.03956708382,0.33849697672741658,18,9,3.6750914928755991,9.047300199647573,32.310009099724709,0.47006418283029328,0.99979225061763288,3568.7396338031426,3641.7160318454808
353.40512878284562,170899.35134414764,0.50128111534650177,20,15,2.7558269647675688,14.491588920117165,31.279543733559336,0.91278081046471249,0.97546593600226528,1945.3714586288413,2020.642339152291
368.50551337412816,117405.1943883997,0.43214341865933659,18,7,2.1860400554022625,8.8297374682499736,34.290394781241375,0.5819676212074929,0.99987572883119202,2631.3105851362789,2632.3777324695875
373.09148403238572,165886.13162373216,0.66942573313642872,17,9,2.9353822159834895,12.585676284972427,29.584935316550514,0.99940473748447167,0.77626959820077712,2027.949393918931,1981.2352708530627
351.50821428433909,140513.05493840791,0.4122717033993476,15,5,3.4821884031456527,10.257028822736828,32.61087755620288,0.60135582430751966,0.99981142411220647,3242.7015710828814,3335.9056222383797
350.77794889602717,148532.34491660853,0.56811085982154008,16,4,3.2089933655367511,13.028999986057636,34.303423929046104,0.91584684249360226,0.99960362436904604,2761.0871118448922,2845.9646965027459
354.41311503839825,122998.5739005647,0.54512109910450923,17,10,2.9737326933402719,14.21063462659979,34.161255454796489,0.9292570762248803,0.99409883819617761,2438.2153667699677,2508.8097801648805
379.85530456718772,177100.99547535775,0.5711574325502341,19,2,1.5157391909684081,10.409145753966246,23.380221292397575,0.89624419429177971,0.83391153303010368,1009.9406298137114,956.53869742976519
372.1572443919523,198241.93185206287,0.63273413534117895,18,5,2.2987697532716842,10.019949762879847,27.615697032364878,0.98730989939599312,0.99000153798641932,1764.1275735741297,1735.4314015292789
373.84775218840582,167265.90129619715,0.36618191603784539,15,12,2.7736845726699961,10.306120715662892,24.652666391088935,0.60361166736760274,0.96432817832479145,1751.6980709128457,1740.5957295521143
365.86009472888435,176239.01132519922,0.35029694809722567,16,6,2.6667486611303945,12.386910622746177,30.184154502993522,0.59381849522067698,0.99958810827198774,2113.9069381141644,2143.2778880842307
350.11544598210855,134667.10862436879,0.58537656228401536,20,14,3.4140539865897601,11.398731938330798,25.267714069209859,0.99995964826367267,0.91914006030815576,1855.539083968426,1918.1058066692713
374.33607321151351,184919.51393333531,0.50882137425387652,20,10,1.5593919218029944,13.014263947615524,25.454134629878279,0.97847864956032771,0.94010270002471108,969.47122861035996,946.76356158705528
367.29995373936367,119962.09194047342,0.6185953197465256,21,14,2.8105359859689463,11.464573214524693,25.956988695735106,0.99995446964483481,0.86351165402817853,1673.8448847273485,1664.3574471037659
359.14167354042252,167846.99525733158,0.45074122199512762,17,8,2.3961532897953814,9.9900108443843258,32.695478464674892,0.64877124480293547,0.99934337909315185,2480.9800116614674,2529.8201229115134
351.23092092961582,188833.76825148167,0.52315961374439901,19,5,3.1726849557793941,14.326731769544413,28.551918164259718,0.98842394102255093,0.93878976115981494,1803.6015342764792,1879.1180450393881
355.53919020714665,143388.4357262087,0.68560614302661549,16,4,1.9031391153227566,9.1364956310589314,34.388761854790502,0.93348177798111198,0.99940393958066154,2252.8114961367351,2292.2130374483254
365.33621410390185,139430.7074753707,0.31265300958329795,17,8,2.9190421152956358,14.3710907618185,22.510682804603448,0.8527493528697323,0.99324343344809352,995.06397812927401,1029.3807701204637
370.56353751827197,172732.3797585576,0.50895517389384182,18,6,1.5891245359834087,16.995061923178405,26.499241536883282,0.95687411270875733,0.74153408576832347,752.64557476323125,736.57232400837529
376.92120924882181,161519.38908606183,0.31964918111800955,15,10,1.7113390318931416,11.002861085399921,30.748305028040569,0.49167012630404755,0.9890542236031169,1753.2260054285778,1729.119652701268
354.39460442867812,109972.48097338693,0.30106522894669258,18,15,3.5922218220633089,12.760085139174985,25.306248693382948,0.57901702761320539,0.97222472354827194,1869.5234469042973,1947.3637717044253
371.14874984243829,130630.55109642916,0.48751366122373396,20,7,3.1436640931679083,14.90189760194947,32.392553188953343,0.90274472766969227,0.9998315924338933,2240.3485047829104,2231.8380646079922
351.31355759849004,174207.04135663324,0.51823621724892233,15,14,3.7852605216574982,15.16281954919911,33.05445572300323,0.82354699677575682,0.84201038279949514,2684.121115601602,2762.1843151794424
366.06757496890964,185435.51613481707,0.55335385449318553,21,15,2.2398456319048279,15.984587671038037,20.643994165586307,0.99986678651705918,0.57680121943557061,457.56337275451062,452.32975821521302
374.28543908158105,171284.62691710581,0.51626442117212856,20,17,3.2002104387184964,11.205666349971047,28.03025206731877,0.82626226836809535,0.94926766684288766,2214.4339947353501,2184.1385772604194
370.99700247784938,112165.49310459898,0.55061681574878751,20,5,3.1900981237503072,8.7836440055582869,30.649484215320314,0.77179967741313904,0.99998795897969628,2896.534103590634,2310.8875244348251
352.68784081074773,186031.84929224034,0.52185814781728734,18,17,3.0955991910656913,16.880503347575434,32.820139645128577,0.86161844437310808,0.79899125437549945,2033.2253250632118,2102.783891672208
354.53188912035517,109480.3698509267,0.51168219974305584,19,16,1.9415505786736265,8.7928054114253289,33.450131607984716,0.67565410510307555,0.94811653616376412,2325.3297339188584,2386.7901056736937
361.84492837216936,126709.69111924943,0.62134982668901007,17,15,3.2789636935021091,11.86998533456539,32.693332281007116,0.91224229665611078,0.88891022356062466,2749.3720428977804,2762.0277159938369
367.20446072695051,107485.16318288137,0.66102684793929889,18,5,3.4033490895425662,14.283055934539091,33.049780165448219,0.99139125878020451,0.77304077297313489,2509.3586758269935,1689.8381322429964
374.27788580519979,116062.37049268087,0.35632598800152815,21,18,3.6020004847309708,9.8898201213291941,25.866079761507493,0.56182948904057273,0.97564862588847234,2390.3460286268537,2377.5085027574328
351.05877913248202,157383.66646350219,0.35567083195730614,16,10,2.7027857434312437,13.838127719285957,20.550680625164269,0.97707292485645025,0.94577318887180883,757.05433031698055,830.11699295440826
365.44988115205422,114566.2564859415,0.40477872362123429,19,8,3.2301769564258911,14.764620635711879,23.891396520035993,0.99564943518723026,0.96046215110045052,1171.3030126797846,1197.1997814196106
357.76460851718889,200822.75808767232,0.30737525020038797,17,12,3.7867160479251218,8.1860838000034377,31.449162965488696,0.41438859091516927,0.99673318731274974,3671.3065293497734,3744.8438673965943
361.37934086021471,129422.18779887071,0.33942648543452836,16,2,3.5024504186585315,12.523946817648572,34.404650392413444,0.53369116973874631,0.99997474573322165,3212.6812053282588,3270.9700504352095
359.56915260662288,105133.27648613417,0.68651238828250782,17,8,2.8866260641079675,9.1714549657923428,20.798339468016447,0.99898488476475711,0.70961760281042319,1369.9850477513685,1377.3503561930606
365.10010875510523,113700.16570489966,0.39673593389693146,16,6,3.4709442556289076,13.544022685389045,34.088400568474739,0.65809352269666854,0.99970501479423968,2951.6869609351711,2982.2241823643312
357.69077118819149,102434.2644940093,0.58938709344239304,19,8,3.7306441164985968,8.6569120141774931,22.471087937527841,0.95858690652962364,0.99969977934690779,1998.0988901254577,2029.1504296104983
357.01513727190212,113571.51023178274,0.4220288306647425,16,3,2.5256356331705128,12.559945312343979,21.916752198143747,0.91895107684772181,0.94815077482392129,1016.6008843763044,1065.6212900800322
372.76657823517291,162412.60755094985,0.36499709995199481,21,7,3.2696585867424299,9.8504423777421195,20.045369602181189,0.71760909009499596,0.99994448097699118,1387.3860259282933,1385.4859825164613
355.19283762074673,181560.16066901459,0.610676071526425,16,10,3.7980934831060438,11.890731991054366,20.748694280864996,0.99975969265931941,0.67917002976173602,1288.2766929196187,1315.1596455525355
365.35734901379669,117215.51784183888,0.32667560583179611,15,5,3.5873861098125976,14.104452238527337,23.836080949758681,0.79777699415240466,0.99835506745682645,1405.5440520617433,1439.1104900109517
371.68583154254867,198873.84570606094,0.31995854238561594,18,7,2.4355192373400487,14.404396181171943,26.998341400087039,0.6848728333974653,0.99908762074375068,1385.3890602693846,1393.4724758196185
357.86269442600792,182414.28540389234,0.5922569168968701,20,17,3.4923158076691827,15.182747575794695,30.687258100836658,0.99998563226403525,0.82416249060599678,2111.1241027568581,2146.2518285491815
355.04157585655878,125516.98433348213,0.66574247811710263,15,3,2.41789833977449,14.461417586374756,22.78841186584831,0.9661796248669533,0.50725135553139844,868.84450653225622,890.12374450535276
365.66831975810152,156473.34960071027,0.31825965618385293,17,7,3.3888471933309203,16.637354211734774,30.292924323993702,0.70503014579864121,0.99919086386738365,1913.6381481469716,1953.5305561139062
353.76320132687374,197851.5966204158,0.62427367321035843,17,16,2.5511688522235501,15.524136190534632,28.577852895754788,0.99431131038419274,0.68687520661808377,1406.7732848876092,1448.3619624081621
354.22364455319644,127635.73129029761,0.53290307471744547,15,14,1.9271595233153362,13.664594481540188,34.248872279806001,0.73737060434441404,0.77511333442890495,1914.9020061014076,1973.6041993123001
370.04315764574949,185319.96734939906,0.38039197524475177,17,11,3.4026249948575282,12.796076065742445,22.082015262370469,0.88560328324188631,0.98624272817469771,1267.7874899785181,1276.9614530871422
